set,arm,band,matcher,chip,med,n
ank130,pretrained,rgb,klt,ank_0_10,3.4202333198522137,60
ank130,pretrained,rgb,klt,ank_0_16,2.384862391438782,70
ank130,pretrained,rgb,klt,ank_0_30,3.3387973218253046,28
ank130,pretrained,rgb,klt,ank_0_41,2.5939270093610203,26
ank130,pretrained,rgb,klt,ank_10_1,1.3793783388990697,82
ank130,pretrained,rgb,klt,ank_11_14,2.1072049859277864,39
ank130,pretrained,rgb,klt,ank_12_21,3.840477071953303,52
ank130,pretrained,rgb,klt,ank_12_28,3.751571402421939,24
ank130,pretrained,rgb,klt,ank_12_35,2.0236169132480937,59
ank130,pretrained,rgb,klt,ank_13_12,1.9687657879551477,81
ank130,pretrained,rgb,klt,ank_13_17,2.9336896856680665,43
ank130,pretrained,rgb,klt,ank_13_21,2.4552028634420084,48
ank130,pretrained,rgb,klt,ank_13_29,3.7566123078373583,41
ank130,pretrained,rgb,klt,ank_13_34,2.9330486999203997,26
ank130,pretrained,rgb,klt,ank_13_6,1.6551381930016695,67
ank130,pretrained,rgb,klt,ank_14_33,2.6852041495163994,23
ank130,pretrained,rgb,klt,ank_14_9,2.6853700722182094,48
ank130,pretrained,rgb,klt,ank_15_22,2.711390639736519,45
ank130,pretrained,rgb,klt,ank_15_41,3.454310934309768,31
ank130,pretrained,rgb,klt,ank_15_6,2.2565164080808167,74
ank130,pretrained,rgb,klt,ank_16_36,2.8374037080167502,10
ank130,pretrained,rgb,klt,ank_16_9,2.806683662740791,56
ank130,pretrained,rgb,klt,ank_17_17,2.841473332289143,50
ank130,pretrained,rgb,klt,ank_17_19,3.8275000827557153,47
ank130,pretrained,rgb,klt,ank_17_22,2.4340296949742752,53
ank130,pretrained,rgb,klt,ank_17_31,2.534098500596339,59
ank130,pretrained,rgb,klt,ank_17_32,3.6175248287805832,30
ank130,pretrained,rgb,klt,ank_18_16,3.6722670151731953,54
ank130,pretrained,rgb,klt,ank_18_27,3.32172871640942,46
ank130,pretrained,rgb,klt,ank_18_29,1.7922589178938884,56
ank130,pretrained,rgb,klt,ank_18_37,1.2473183174882645,26
ank130,pretrained,rgb,klt,ank_18_39,1.573355861106018,52
ank130,pretrained,rgb,klt,ank_18_7,3.2195614402300556,61
ank130,pretrained,rgb,klt,ank_19_15,3.0953496731321097,53
ank130,pretrained,rgb,klt,ank_19_33,4.702300725510231,22
ank130,pretrained,rgb,klt,ank_19_6,3.5026591039577597,40
ank130,pretrained,rgb,klt,ank_19_9,2.926465695711448,34
ank130,pretrained,rgb,klt,ank_1_34,3.0208953480253165,21
ank130,pretrained,rgb,klt,ank_20_10,2.3592761860519142,46
ank130,pretrained,rgb,klt,ank_20_19,3.023494661464951,49
ank130,pretrained,rgb,klt,ank_20_37,0.928379103905357,89
ank130,pretrained,rgb,klt,ank_20_6,2.9146588970063463,50
ank130,pretrained,rgb,klt,ank_22_10,2.0713169563672045,72
ank130,pretrained,rgb,klt,ank_22_16,2.626797762402023,46
ank130,pretrained,rgb,klt,ank_22_37,1.9738203744855904,46
ank130,pretrained,rgb,klt,ank_23_14,2.0520719390391853,62
ank130,pretrained,rgb,klt,ank_23_28,1.8974337895960471,68
ank130,pretrained,rgb,klt,ank_24_0,2.7392213040302327,88
ank130,pretrained,rgb,klt,ank_24_12,2.728316404729733,52
ank130,pretrained,rgb,klt,ank_24_14,3.080987751681082,30
ank130,pretrained,rgb,klt,ank_24_3,2.58090755774413,61
ank130,pretrained,rgb,klt,ank_25_1,2.4412955019623923,61
ank130,pretrained,rgb,klt,ank_25_14,3.3544857841690505,45
ank130,pretrained,rgb,klt,ank_25_16,3.4929275658705374,61
ank130,pretrained,rgb,klt,ank_25_37,3.609133736475365,31
ank130,pretrained,rgb,klt,ank_26_21,4.056458049801828,39
ank130,pretrained,rgb,klt,ank_26_22,3.3681843300302794,25
ank130,pretrained,rgb,klt,ank_26_29,0.983641387660698,118
ank130,pretrained,rgb,klt,ank_26_3,2.158658570961033,98
ank130,pretrained,rgb,klt,ank_26_35,3.946603686802954,35
ank130,pretrained,rgb,klt,ank_26_5,2.094223561535475,89
ank130,pretrained,rgb,klt,ank_27_14,3.427435324637085,59
ank130,pretrained,rgb,klt,ank_27_40,2.937677963362308,48
ank130,pretrained,rgb,klt,ank_28_27,2.754860359132969,30
ank130,pretrained,rgb,klt,ank_28_37,1.2508465143964589,79
ank130,pretrained,rgb,klt,ank_28_38,1.7417625721293604,56
ank130,pretrained,rgb,klt,ank_28_9,3.183877067939096,44
ank130,pretrained,rgb,klt,ank_29_0,2.2722131606506224,51
ank130,pretrained,rgb,klt,ank_29_11,3.9573282289384086,59
ank130,pretrained,rgb,klt,ank_29_21,2.514602714363338,34
ank130,pretrained,rgb,klt,ank_29_24,1.8957157530185735,78
ank130,pretrained,rgb,klt,ank_29_26,3.127590995116059,37
ank130,pretrained,rgb,klt,ank_2_12,1.9525773060348808,96
ank130,pretrained,rgb,klt,ank_2_23,2.5083602322552885,30
ank130,pretrained,rgb,klt,ank_30_30,1.017384308668534,81
ank130,pretrained,rgb,klt,ank_30_7,2.200477668577223,83
ank130,pretrained,rgb,klt,ank_31_32,1.3766318664768442,94
ank130,pretrained,rgb,klt,ank_31_7,1.5282140171963283,124
ank130,pretrained,rgb,klt,ank_32_12,3.94435261238675,49
ank130,pretrained,rgb,klt,ank_32_21,2.278629119768777,56
ank130,pretrained,rgb,klt,ank_32_37,1.2117355955519344,106
ank130,pretrained,rgb,klt,ank_33_25,0.6628517447839597,95
ank130,pretrained,rgb,klt,ank_33_3,1.4263536042444789,94
ank130,pretrained,rgb,klt,ank_33_34,1.0092296573166208,161
ank130,pretrained,rgb,klt,ank_33_36,0.889275110908686,82
ank130,pretrained,rgb,klt,ank_34_11,2.339784999526013,80
ank130,pretrained,rgb,klt,ank_34_15,2.68840101939931,55
ank130,pretrained,rgb,klt,ank_34_21,2.0019981207312325,48
ank130,pretrained,rgb,klt,ank_34_30,1.0680679480284196,129
ank130,pretrained,rgb,klt,ank_35_11,1.4696012553976123,106
ank130,pretrained,rgb,klt,ank_35_28,0.9799123000217552,160
ank130,pretrained,rgb,klt,ank_35_39,2.049985786922859,54
ank130,pretrained,rgb,klt,ank_35_7,1.6081806189260297,48
ank130,pretrained,rgb,klt,ank_36_40,3.411283324431821,36
ank130,pretrained,rgb,klt,ank_38_19,3.432308578100129,27
ank130,pretrained,rgb,klt,ank_38_22,0.8073896635354696,70
ank130,pretrained,rgb,klt,ank_38_24,3.1926147090635695,29
ank130,pretrained,rgb,klt,ank_38_27,2.397332126305344,51
ank130,pretrained,rgb,klt,ank_38_40,3.908819245266571,34
ank130,pretrained,rgb,klt,ank_38_9,1.2186124393309106,100
ank130,pretrained,rgb,klt,ank_39_1,2.626637733916528,44
ank130,pretrained,rgb,klt,ank_3_13,2.7147242735002193,42
ank130,pretrained,rgb,klt,ank_3_25,3.252194756196667,34
ank130,pretrained,rgb,klt,ank_3_29,4.8680302001762366,9
ank130,pretrained,rgb,klt,ank_3_34,1.5471060039183473,42
ank130,pretrained,rgb,klt,ank_3_39,3.1422514371837544,25
ank130,pretrained,rgb,klt,ank_3_9,2.177714283839724,48
ank130,pretrained,rgb,klt,ank_40_19,1.1560847179588474,70
ank130,pretrained,rgb,klt,ank_40_2,3.4604272492813135,26
ank130,pretrained,rgb,klt,ank_40_40,3.4493064691247453,34
ank130,pretrained,rgb,klt,ank_41_0,2.4492768761365613,41
ank130,pretrained,rgb,klt,ank_41_1,1.779803058704372,32
ank130,pretrained,rgb,klt,ank_41_19,3.570500529080033,31
ank130,pretrained,rgb,klt,ank_41_40,3.5760439883279256,35
ank130,pretrained,rgb,klt,ank_4_23,3.6113127066180377,43
ank130,pretrained,rgb,klt,ank_4_41,2.5273551257114004,27
ank130,pretrained,rgb,klt,ank_5_12,1.3545000592036232,94
ank130,pretrained,rgb,klt,ank_5_40,4.58020746060547,19
ank130,pretrained,rgb,klt,ank_5_5,1.5058048753851876,79
ank130,pretrained,rgb,klt,ank_6_10,2.504114825387608,87
ank130,pretrained,rgb,klt,ank_6_38,2.649860641463357,20
ank130,pretrained,rgb,klt,ank_7_36,3.459929870983041,20
ank130,pretrained,rgb,klt,ank_7_8,1.8945405626643987,86
ank130,pretrained,rgb,klt,ank_8_19,4.566270168262229,31
ank130,pretrained,rgb,klt,ank_8_22,2.950548725798846,38
ank130,pretrained,rgb,klt,ank_8_31,1.9285830594844071,32
ank130,pretrained,rgb,klt,ank_8_41,1.7225419844617609,74
ank130,pretrained,rgb,klt,ank_9_1,2.1864951826295367,50
ank130,pretrained,rgb,klt,ank_9_24,2.9330454702265167,35
ank130,pretrained,rgb,klt,ank_9_25,3.0839313364050387,43
ank130,C1,rgb,klt,ank_0_10,2.196531368954664,59
ank130,C1,rgb,klt,ank_0_16,1.1340109412578787,92
ank130,C1,rgb,klt,ank_0_30,3.638723677243674,33
ank130,C1,rgb,klt,ank_0_41,0.8275113212231205,48
ank130,C1,rgb,klt,ank_10_1,1.9580838349179768,77
ank130,C1,rgb,klt,ank_11_14,2.345440533670546,68
ank130,C1,rgb,klt,ank_12_21,3.724547833088947,43
ank130,C1,rgb,klt,ank_12_28,4.489326819252064,28
ank130,C1,rgb,klt,ank_12_35,0.6101228730242881,142
ank130,C1,rgb,klt,ank_13_12,1.5452335295558728,93
ank130,C1,rgb,klt,ank_13_17,3.8088046476721193,53
ank130,C1,rgb,klt,ank_13_21,2.788656835636773,57
ank130,C1,rgb,klt,ank_13_29,3.0655534298904565,43
ank130,C1,rgb,klt,ank_13_34,4.405139551795694,28
ank130,C1,rgb,klt,ank_13_6,1.19664286843838,94
ank130,C1,rgb,klt,ank_14_33,0.6705769615743894,47
ank130,C1,rgb,klt,ank_14_9,2.381286714875563,75
ank130,C1,rgb,klt,ank_15_22,2.888374993849663,71
ank130,C1,rgb,klt,ank_15_41,4.159758916152636,27
ank130,C1,rgb,klt,ank_15_6,1.2883585294182869,89
ank130,C1,rgb,klt,ank_16_36,4.494292569924396,14
ank130,C1,rgb,klt,ank_16_9,1.4703328021494089,69
ank130,C1,rgb,klt,ank_17_17,4.080957798949764,59
ank130,C1,rgb,klt,ank_17_19,2.8755574512980004,65
ank130,C1,rgb,klt,ank_17_22,3.5465699116478566,57
ank130,C1,rgb,klt,ank_17_31,0.6077804664519635,120
ank130,C1,rgb,klt,ank_17_32,2.829996212117352,43
ank130,C1,rgb,klt,ank_18_16,2.1110728937061576,55
ank130,C1,rgb,klt,ank_18_27,3.18392798021887,53
ank130,C1,rgb,klt,ank_18_29,1.0284479591902742,73
ank130,C1,rgb,klt,ank_18_37,0.7924796155009866,56
ank130,C1,rgb,klt,ank_18_39,0.7232365564851931,55
ank130,C1,rgb,klt,ank_18_7,1.0469852575539569,84
ank130,C1,rgb,klt,ank_19_15,1.3576652853808646,69
ank130,C1,rgb,klt,ank_19_33,3.575423940018337,29
ank130,C1,rgb,klt,ank_19_6,2.5449363490947214,66
ank130,C1,rgb,klt,ank_19_9,1.8279226236338968,61
ank130,C1,rgb,klt,ank_1_34,1.608197902523688,47
ank130,C1,rgb,klt,ank_20_10,0.6243450802446036,113
ank130,C1,rgb,klt,ank_20_19,3.975234615271571,24
ank130,C1,rgb,klt,ank_20_37,0.5664083325198206,139
ank130,C1,rgb,klt,ank_20_6,3.681078444880024,50
ank130,C1,rgb,klt,ank_22_10,1.1274695416940932,108
ank130,C1,rgb,klt,ank_22_16,2.949409793774824,57
ank130,C1,rgb,klt,ank_22_37,1.2644815904971185,59
ank130,C1,rgb,klt,ank_23_14,2.935885360949574,52
ank130,C1,rgb,klt,ank_23_28,0.6268245258311119,93
ank130,C1,rgb,klt,ank_24_0,2.4792194444263074,79
ank130,C1,rgb,klt,ank_24_12,2.2490538427097904,42
ank130,C1,rgb,klt,ank_24_14,1.4131770586948411,74
ank130,C1,rgb,klt,ank_24_3,2.864927374829485,59
ank130,C1,rgb,klt,ank_25_1,1.5248833278463954,102
ank130,C1,rgb,klt,ank_25_14,2.8023619004145432,64
ank130,C1,rgb,klt,ank_25_16,2.356482357711994,54
ank130,C1,rgb,klt,ank_25_37,1.7788730290956276,71
ank130,C1,rgb,klt,ank_26_21,2.741008096435464,38
ank130,C1,rgb,klt,ank_26_22,1.8048671006640489,37
ank130,C1,rgb,klt,ank_26_29,0.7103899709716163,266
ank130,C1,rgb,klt,ank_26_3,1.3866114865993708,72
ank130,C1,rgb,klt,ank_26_35,2.986497538829277,42
ank130,C1,rgb,klt,ank_26_5,1.2679324630592357,119
ank130,C1,rgb,klt,ank_27_14,3.184952558794532,55
ank130,C1,rgb,klt,ank_27_40,2.426731249392337,45
ank130,C1,rgb,klt,ank_28_27,1.4729611851578277,50
ank130,C1,rgb,klt,ank_28_37,0.6148310383329665,167
ank130,C1,rgb,klt,ank_28_38,1.7402209890911102,47
ank130,C1,rgb,klt,ank_28_9,3.169120050745941,46
ank130,C1,rgb,klt,ank_29_0,2.040294235224473,66
ank130,C1,rgb,klt,ank_29_11,4.151796457092824,58
ank130,C1,rgb,klt,ank_29_21,2.5917983095370074,43
ank130,C1,rgb,klt,ank_29_24,0.7622009988278138,124
ank130,C1,rgb,klt,ank_29_26,0.8869290211240087,81
ank130,C1,rgb,klt,ank_2_12,1.8488372706486025,68
ank130,C1,rgb,klt,ank_2_23,1.1042515221722349,58
ank130,C1,rgb,klt,ank_30_30,0.5660784029817222,124
ank130,C1,rgb,klt,ank_30_7,1.5469717650218764,103
ank130,C1,rgb,klt,ank_31_32,0.5092138199390996,198
ank130,C1,rgb,klt,ank_31_7,0.9334256799529206,111
ank130,C1,rgb,klt,ank_32_12,3.543639996974869,45
ank130,C1,rgb,klt,ank_32_21,0.9857569341239544,88
ank130,C1,rgb,klt,ank_32_37,0.610517702999386,220
ank130,C1,rgb,klt,ank_33_25,0.657771262057562,214
ank130,C1,rgb,klt,ank_33_3,1.0181896766266023,111
ank130,C1,rgb,klt,ank_33_34,0.5404765875113329,331
ank130,C1,rgb,klt,ank_33_36,0.5936773949009172,191
ank130,C1,rgb,klt,ank_34_11,1.305203200609819,92
ank130,C1,rgb,klt,ank_34_15,1.2473490565322642,84
ank130,C1,rgb,klt,ank_34_21,0.789317538417043,62
ank130,C1,rgb,klt,ank_34_30,0.4695065329589796,173
ank130,C1,rgb,klt,ank_35_11,1.0271082610721134,104
ank130,C1,rgb,klt,ank_35_28,0.6798286163993654,254
ank130,C1,rgb,klt,ank_35_39,1.7829067464602768,67
ank130,C1,rgb,klt,ank_35_7,1.554328497374863,76
ank130,C1,rgb,klt,ank_36_40,3.650059680660775,51
ank130,C1,rgb,klt,ank_38_19,3.473009974556871,31
ank130,C1,rgb,klt,ank_38_22,0.5181827495305769,146
ank130,C1,rgb,klt,ank_38_24,1.7426444983471063,56
ank130,C1,rgb,klt,ank_38_27,1.3532223503845628,62
ank130,C1,rgb,klt,ank_38_40,2.420748115517086,36
ank130,C1,rgb,klt,ank_38_9,0.8705936608907947,97
ank130,C1,rgb,klt,ank_39_1,3.52233105225224,48
ank130,C1,rgb,klt,ank_3_13,2.8476216397629504,52
ank130,C1,rgb,klt,ank_3_25,3.611122189788926,38
ank130,C1,rgb,klt,ank_3_29,3.3228252324658576,17
ank130,C1,rgb,klt,ank_3_34,0.8825105826507691,79
ank130,C1,rgb,klt,ank_3_39,3.1616342918195315,34
ank130,C1,rgb,klt,ank_3_9,1.6181411376305608,70
ank130,C1,rgb,klt,ank_40_19,0.6238103362466808,100
ank130,C1,rgb,klt,ank_40_2,3.676383095929639,52
ank130,C1,rgb,klt,ank_40_40,4.8985907254702035,25
ank130,C1,rgb,klt,ank_41_0,2.694807015210188,58
ank130,C1,rgb,klt,ank_41_1,3.258922276424344,28
ank130,C1,rgb,klt,ank_41_19,3.2279290834105385,30
ank130,C1,rgb,klt,ank_41_40,3.7981261846204033,40
ank130,C1,rgb,klt,ank_4_23,1.9134234272950696,51
ank130,C1,rgb,klt,ank_4_41,1.6784378294264015,33
ank130,C1,rgb,klt,ank_5_12,0.8135802292861791,122
ank130,C1,rgb,klt,ank_5_40,3.303897163355096,21
ank130,C1,rgb,klt,ank_5_5,1.8508809953759344,75
ank130,C1,rgb,klt,ank_6_10,3.1650110758835472,62
ank130,C1,rgb,klt,ank_6_38,1.7171732668755078,14
ank130,C1,rgb,klt,ank_7_36,3.5360273125902575,16
ank130,C1,rgb,klt,ank_7_8,2.96828132815535,93
ank130,C1,rgb,klt,ank_8_19,3.7406981138739654,58
ank130,C1,rgb,klt,ank_8_22,1.6303168483537058,59
ank130,C1,rgb,klt,ank_8_31,1.0723421171749756,29
ank130,C1,rgb,klt,ank_8_41,0.5757830894320346,105
ank130,C1,rgb,klt,ank_9_1,2.7185992986954934,71
ank130,C1,rgb,klt,ank_9_24,1.6436596880629888,56
ank130,C1,rgb,klt,ank_9_25,0.981036885097508,47
ank130,C2,rgb,klt,ank_0_10,1.0149354295487538,65
ank130,C2,rgb,klt,ank_0_16,0.4725213222118088,104
ank130,C2,rgb,klt,ank_0_30,3.3332707388128595,24
ank130,C2,rgb,klt,ank_0_41,0.852308599360555,52
ank130,C2,rgb,klt,ank_10_1,0.5526770785171392,147
ank130,C2,rgb,klt,ank_11_14,0.7247096211311514,108
ank130,C2,rgb,klt,ank_12_21,3.397959734278238,51
ank130,C2,rgb,klt,ank_12_28,3.848841754794837,27
ank130,C2,rgb,klt,ank_12_35,0.3894968768595762,238
ank130,C2,rgb,klt,ank_13_12,0.6454909229298132,113
ank130,C2,rgb,klt,ank_13_17,0.964220494130793,62
ank130,C2,rgb,klt,ank_13_21,2.295003023831257,51
ank130,C2,rgb,klt,ank_13_29,1.2977392237636407,42
ank130,C2,rgb,klt,ank_13_34,2.011038390603862,27
ank130,C2,rgb,klt,ank_13_6,0.549861279880622,160
ank130,C2,rgb,klt,ank_14_33,0.8383305996689803,57
ank130,C2,rgb,klt,ank_14_9,0.6485802274215127,80
ank130,C2,rgb,klt,ank_15_22,1.437723933263442,65
ank130,C2,rgb,klt,ank_15_41,2.158739563584745,50
ank130,C2,rgb,klt,ank_15_6,0.4067527448949116,149
ank130,C2,rgb,klt,ank_16_36,4.4455966582722155,21
ank130,C2,rgb,klt,ank_16_9,0.5965021210382703,107
ank130,C2,rgb,klt,ank_17_17,2.4565176045191808,47
ank130,C2,rgb,klt,ank_17_19,1.5540510179125655,75
ank130,C2,rgb,klt,ank_17_22,2.8998233821508883,44
ank130,C2,rgb,klt,ank_17_31,0.463506591990411,174
ank130,C2,rgb,klt,ank_17_32,1.6304446953954774,62
ank130,C2,rgb,klt,ank_18_16,1.6438518935143716,75
ank130,C2,rgb,klt,ank_18_27,2.0615035801848896,56
ank130,C2,rgb,klt,ank_18_29,0.6444990082902755,90
ank130,C2,rgb,klt,ank_18_37,0.6414900432654511,61
ank130,C2,rgb,klt,ank_18_39,0.3714517628943704,94
ank130,C2,rgb,klt,ank_18_7,1.0566053411372716,97
ank130,C2,rgb,klt,ank_19_15,0.6917285183317134,87
ank130,C2,rgb,klt,ank_19_33,3.005453919217284,22
ank130,C2,rgb,klt,ank_19_6,1.809936806564279,67
ank130,C2,rgb,klt,ank_19_9,1.218575961849944,70
ank130,C2,rgb,klt,ank_1_34,1.152202112165735,67
ank130,C2,rgb,klt,ank_20_10,0.3896793071403552,159
ank130,C2,rgb,klt,ank_20_19,2.6371502190734697,54
ank130,C2,rgb,klt,ank_20_37,0.5427697294529179,212
ank130,C2,rgb,klt,ank_20_6,2.13764460759085,72
ank130,C2,rgb,klt,ank_22_10,0.5543922085525592,136
ank130,C2,rgb,klt,ank_22_16,1.7442415879349185,50
ank130,C2,rgb,klt,ank_22_37,0.8014649420011895,83
ank130,C2,rgb,klt,ank_23_14,1.3776934986856797,54
ank130,C2,rgb,klt,ank_23_28,0.498807715306869,155
ank130,C2,rgb,klt,ank_24_0,1.4460434049118405,111
ank130,C2,rgb,klt,ank_24_12,1.2868688590858692,50
ank130,C2,rgb,klt,ank_24_14,0.4420115161203137,102
ank130,C2,rgb,klt,ank_24_3,2.876906504640699,43
ank130,C2,rgb,klt,ank_25_1,1.0383937622918609,153
ank130,C2,rgb,klt,ank_25_14,1.832869866277535,50
ank130,C2,rgb,klt,ank_25_16,1.421940598874978,68
ank130,C2,rgb,klt,ank_25_37,0.9257038907413376,70
ank130,C2,rgb,klt,ank_26_21,1.171065405570968,51
ank130,C2,rgb,klt,ank_26_22,0.8392594316257415,60
ank130,C2,rgb,klt,ank_26_29,0.5876671279014386,359
ank130,C2,rgb,klt,ank_26_3,0.962920458078096,128
ank130,C2,rgb,klt,ank_26_35,3.2018816668050816,34
ank130,C2,rgb,klt,ank_26_5,0.5950375362536717,130
ank130,C2,rgb,klt,ank_27_14,3.4291154478350037,44
ank130,C2,rgb,klt,ank_27_40,2.3217661225981487,44
ank130,C2,rgb,klt,ank_28_27,0.9845557307574624,60
ank130,C2,rgb,klt,ank_28_37,0.6296833170354083,193
ank130,C2,rgb,klt,ank_28_38,1.3084428805012849,47
ank130,C2,rgb,klt,ank_28_9,3.210338767809523,61
ank130,C2,rgb,klt,ank_29_0,0.7971331919736093,76
ank130,C2,rgb,klt,ank_29_11,2.471419976003354,41
ank130,C2,rgb,klt,ank_29_21,1.5662013462394404,51
ank130,C2,rgb,klt,ank_29_24,0.603242388673271,189
ank130,C2,rgb,klt,ank_29_26,0.5766254405118678,95
ank130,C2,rgb,klt,ank_2_12,1.019406210690357,101
ank130,C2,rgb,klt,ank_2_23,0.7439869514642954,76
ank130,C2,rgb,klt,ank_30_30,0.4208278448282339,187
ank130,C2,rgb,klt,ank_30_7,0.7097965821920265,142
ank130,C2,rgb,klt,ank_31_32,0.5022574856319099,293
ank130,C2,rgb,klt,ank_31_7,0.5079265007148945,197
ank130,C2,rgb,klt,ank_32_12,3.0559965295657636,75
ank130,C2,rgb,klt,ank_32_21,0.8356272521166039,109
ank130,C2,rgb,klt,ank_32_37,0.5673116742253552,316
ank130,C2,rgb,klt,ank_33_25,0.5298101854786792,266
ank130,C2,rgb,klt,ank_33_3,0.5285886818562793,207
ank130,C2,rgb,klt,ank_33_34,0.4556633313755585,479
ank130,C2,rgb,klt,ank_33_36,0.4499446465866023,279
ank130,C2,rgb,klt,ank_34_11,0.5816693339855743,196
ank130,C2,rgb,klt,ank_34_15,0.8399524116853312,85
ank130,C2,rgb,klt,ank_34_21,0.5083716019979065,84
ank130,C2,rgb,klt,ank_34_30,0.5414120876482644,312
ank130,C2,rgb,klt,ank_35_11,0.5524479629337832,185
ank130,C2,rgb,klt,ank_35_28,0.4771187690581181,408
ank130,C2,rgb,klt,ank_35_39,0.5906188320969932,69
ank130,C2,rgb,klt,ank_35_7,0.7383310369848441,118
ank130,C2,rgb,klt,ank_36_40,2.98641088364331,54
ank130,C2,rgb,klt,ank_38_19,2.794818809823465,27
ank130,C2,rgb,klt,ank_38_22,0.4869330629115312,214
ank130,C2,rgb,klt,ank_38_24,0.9282048402109848,65
ank130,C2,rgb,klt,ank_38_27,1.1399744536200602,72
ank130,C2,rgb,klt,ank_38_40,1.6101347386064622,53
ank130,C2,rgb,klt,ank_38_9,0.5841616985271202,147
ank130,C2,rgb,klt,ank_39_1,2.835716256757162,55
ank130,C2,rgb,klt,ank_3_13,0.858501258776104,67
ank130,C2,rgb,klt,ank_3_25,2.134243111707038,59
ank130,C2,rgb,klt,ank_3_29,3.225791103802651,21
ank130,C2,rgb,klt,ank_3_34,0.4748422694233168,116
ank130,C2,rgb,klt,ank_3_39,0.9126096484876194,32
ank130,C2,rgb,klt,ank_3_9,1.266410831348571,98
ank130,C2,rgb,klt,ank_40_19,0.5374124268001217,124
ank130,C2,rgb,klt,ank_40_2,2.018987517103441,46
ank130,C2,rgb,klt,ank_40_40,2.3306649661876757,57
ank130,C2,rgb,klt,ank_41_0,1.244248917733641,70
ank130,C2,rgb,klt,ank_41_1,2.419860540518488,43
ank130,C2,rgb,klt,ank_41_19,1.994165439008134,35
ank130,C2,rgb,klt,ank_41_40,2.9209696535974383,26
ank130,C2,rgb,klt,ank_4_23,2.0125235894090783,49
ank130,C2,rgb,klt,ank_4_41,0.9435229697365308,53
ank130,C2,rgb,klt,ank_5_12,0.3395803047499441,208
ank130,C2,rgb,klt,ank_5_40,3.8096591401636033,14
ank130,C2,rgb,klt,ank_5_5,0.4561289549568937,123
ank130,C2,rgb,klt,ank_6_10,1.2379506487353265,98
ank130,C2,rgb,klt,ank_6_38,2.2799928841208623,15
ank130,C2,rgb,klt,ank_7_36,4.345727543799041,24
ank130,C2,rgb,klt,ank_7_8,1.1034106780833215,118
ank130,C2,rgb,klt,ank_8_19,2.402369667511601,44
ank130,C2,rgb,klt,ank_8_22,0.7714347745845727,80
ank130,C2,rgb,klt,ank_8_31,1.940852646874725,44
ank130,C2,rgb,klt,ank_8_41,0.4359670806989634,131
ank130,C2,rgb,klt,ank_9_1,1.3129314551422484,70
ank130,C2,rgb,klt,ank_9_24,0.7517423633072704,77
ank130,C2,rgb,klt,ank_9_25,0.4546309203967518,76
eu150,C1,rgb,klt,30SVJ_0796_00,4.084763981284789,20
eu150,C1,rgb,klt,30SVJ_1711_00,4.311706679353666,21
eu150,C1,rgb,klt,30TVK_0841_00,2.933752776242219,18
eu150,C1,rgb,klt,30TVK_1126_00,4.23384245046707,27
eu150,C1,rgb,klt,30TVK_1386_00,3.5907122157179696,37
eu150,C1,rgb,klt,30TVK_1390_00,4.3054251384860756,19
eu150,C1,rgb,klt,30TVK_1697_00,3.423640443702657,28
eu150,C1,rgb,klt,30TVK_2512_00,4.872034606906705,24
eu150,C1,rgb,klt,30TXP_0408_00,2.625027497852999,60
eu150,C1,rgb,klt,30TXQ_0830_00,3.174724366121257,49
eu150,C1,rgb,klt,30TYQ_1071_00,3.262884143955023,44
eu150,C1,rgb,klt,30UYC_0687_00,2.9712463704090917,53
eu150,C1,rgb,klt,31TGJ_0814_00,3.689292794046452,61
eu150,C1,rgb,klt,31UDP_0247_00,3.357501017956398,39
eu150,C1,rgb,klt,32UPA_0047_00,2.808530704057659,49
eu150,C1,rgb,klt,33TWF_0539_00,3.2039932914673033,23
eu150,C1,rgb,klt,33TWF_1416_00,3.670051836086113,43
eu150,C1,rgb,klt,34TCR_0112_00,3.126213393013366,43
eu150,C1,rgb,klt,34TCR_0361_00,3.8355138843920207,64
eu150,C1,rgb,klt,34TCR_0769_00,3.822211071248144,27
eu150,C1,rgb,klt,34TCR_0850_00,2.6705528861926187,38
eu150,C1,rgb,klt,34TCR_1204_00,2.20757257589941,18
eu150,C1,rgb,klt,34TCS_0241_00,4.112666436881686,26
eu150,C1,rgb,klt,34TCT_0362_00,3.059130635144346,31
eu150,C1,rgb,klt,34TCT_0701_00,3.634960466229461,35
eu150,C1,rgb,klt,34TCT_0757_00,3.893904550969092,18
eu150,C1,rgb,klt,34TCT_0997_00,4.232979787841908,32
eu150,C1,rgb,klt,34TCT_1595_00,3.548962348285848,61
eu150,C1,rgb,klt,34TCT_1710_00,3.0342848380173257,22
eu150,C1,rgb,klt,34TCT_2072_00,3.8802762175949272,34
eu150,C1,rgb,klt,30TXP_0411_00,3.3198005477560035,63
eu150,C1,rgb,klt,30TXP_0787_00,2.673070610514225,51
eu150,C1,rgb,klt,30TXP_1048_00,2.8772614857041616,49
eu150,C1,rgb,klt,30TXQ_0896_00,3.2851630502819615,48
eu150,C1,rgb,klt,30UYD_0119_00,3.5816839528353697,37
eu150,C1,rgb,klt,31TCJ_0091_00,4.932053830431813,39
eu150,C1,rgb,klt,31TCN_1803_00,2.126834469895498,26
eu150,C1,rgb,klt,31TGJ_0550_00,2.8366421181268393,52
eu150,C1,rgb,klt,31TGK_1163_00,2.639397154443526,59
eu150,C1,rgb,klt,31UCQ_1476_00,2.8475334962588272,40
eu150,C1,rgb,klt,31UDQ_0751_00,3.903635011037705,28
eu150,C1,rgb,klt,31UFQ_0574_00,3.0453648107244806,50
eu150,C1,rgb,klt,31UFQ_1482_00,3.321254921042737,34
eu150,C1,rgb,klt,32UPA_1861_00,2.93595941816321,65
eu150,C1,rgb,klt,32UPA_1883_00,2.729774741593057,58
eu150,C1,rgb,klt,32UPA_1911_00,2.7424548948344336,71
eu150,C1,rgb,klt,33TVN_1850_00,2.4478277290127908,78
eu150,C1,rgb,klt,33UWT_0956_00,3.5329198028102207,52
eu150,C1,rgb,klt,33UWT_2290_00,3.788681385357717,38
eu150,C1,rgb,klt,33VXG_1377_00,3.1150940490536883,50
eu150,C1,rgb,klt,34TCR_0421_00,2.379019004651785,46
eu150,C1,rgb,klt,34TCR_1120_00,2.854559126774012,41
eu150,C1,rgb,klt,34TCR_1129_00,2.648503955777269,47
eu150,C1,rgb,klt,34TCR_1412_00,3.2105759778070135,40
eu150,C1,rgb,klt,34TCT_0129_00,1.0840295377009632,49
eu150,C1,rgb,klt,34TCT_0468_00,2.763291114067748,45
eu150,C1,rgb,klt,34TCT_0686_00,3.563318466583049,37
eu150,C1,rgb,klt,34TCT_1673_00,3.3134788321808353,58
eu150,C1,rgb,klt,34TCT_1726_00,2.742988167307538,48
eu150,C1,rgb,klt,34TCT_1903_00,3.8708596919967646,35
eu150,C1,rgb,klt,30TVK_2306_00,3.066334884926596,33
eu150,C1,rgb,klt,30UYC_0245_00,2.9156862688347287,41
eu150,C1,rgb,klt,30UYC_0725_00,2.3153646387113387,59
eu150,C1,rgb,klt,30UYD_1432_00,2.8996630171802966,33
eu150,C1,rgb,klt,31TCJ_0672_00,2.032335738935977,47
eu150,C1,rgb,klt,31TCJ_1375_00,3.9689295356440537,58
eu150,C1,rgb,klt,31TCM_1060_00,2.421310240712276,74
eu150,C1,rgb,klt,31TCM_2040_00,2.974706128353217,42
eu150,C1,rgb,klt,31TCN_1555_00,2.2200415056074148,38
eu150,C1,rgb,klt,31TGH_0153_00,2.9255727976052355,59
eu150,C1,rgb,klt,31TGJ_0831_00,2.523532831888083,65
eu150,C1,rgb,klt,31TGJ_1054_00,2.0692752368520844,52
eu150,C1,rgb,klt,31TGK_0015_00,2.705317599120988,51
eu150,C1,rgb,klt,31UCQ_0249_00,1.9660606034613113,40
eu150,C1,rgb,klt,31UFQ_0566_00,2.679327630231509,48
eu150,C1,rgb,klt,32UMA_0976_00,2.474758102361081,64
eu150,C1,rgb,klt,32UNE_1364_00,2.231781181032316,55
eu150,C1,rgb,klt,32UPA_1036_00,1.858319178722727,72
eu150,C1,rgb,klt,32UPA_1085_00,2.820417830301789,60
eu150,C1,rgb,klt,32UPB_1109_00,1.1415028091268165,56
eu150,C1,rgb,klt,33TWF_1157_00,1.9121239577369795,79
eu150,C1,rgb,klt,33TWF_1161_00,3.089940773887197,41
eu150,C1,rgb,klt,33UWT_0062_00,2.637699024529283,75
eu150,C1,rgb,klt,33UWT_0167_00,2.1354288799557097,51
eu150,C1,rgb,klt,33UWT_0872_00,2.506671679249018,43
eu150,C1,rgb,klt,33UWT_1630_00,2.352839142801235,61
eu150,C1,rgb,klt,34TCR_0072_00,2.9622879130714495,40
eu150,C1,rgb,klt,34TCR_0106_00,3.656936180340001,47
eu150,C1,rgb,klt,34TCT_1281_00,2.757108066295472,51
eu150,C1,rgb,klt,34TCT_1573_00,2.86330187473863,47
eu150,C1,rgb,klt,30TVK_1026_00,3.383574859049002,62
eu150,C1,rgb,klt,30TVK_1289_00,2.965304415280825,66
eu150,C1,rgb,klt,30TVK_2317_00,3.048973369777986,31
eu150,C1,rgb,klt,30TXQ_0902_00,2.3383909693019653,82
eu150,C1,rgb,klt,30UYC_0100_00,2.745020869296474,57
eu150,C1,rgb,klt,31TCJ_1340_00,1.87762359268515,54
eu150,C1,rgb,klt,31TCJ_1353_00,1.5726537471342357,60
eu150,C1,rgb,klt,31TCM_0023_00,1.8666413386867824,56
eu150,C1,rgb,klt,31TCM_1192_00,2.086759112752903,100
eu150,C1,rgb,klt,31TCM_1717_00,2.3193725057756116,55
eu150,C1,rgb,klt,31TGJ_0811_00,2.2068601428243806,54
eu150,C1,rgb,klt,31UDQ_1914_00,2.713906067227225,44
eu150,C1,rgb,klt,31UFS_0030_00,2.1836660899175637,53
eu150,C1,rgb,klt,31UFS_0938_00,2.4351454186505412,36
eu150,C1,rgb,klt,31UFS_2358_00,1.6070454982666278,66
eu150,C1,rgb,klt,32UMC_0051_00,1.730413151131042,44
eu150,C1,rgb,klt,32UMC_1241_00,2.069321879844816,59
eu150,C1,rgb,klt,32UMC_1688_00,1.2780685633170463,83
eu150,C1,rgb,klt,32UMC_2029_00,1.7542249095716955,52
eu150,C1,rgb,klt,32UNE_1359_00,1.8273297309128609,58
eu150,C1,rgb,klt,32UNE_2091_00,1.153399409620086,73
eu150,C1,rgb,klt,32UPA_2227_00,1.2282310358285895,81
eu150,C1,rgb,klt,33TWF_1076_00,2.0269630169363406,58
eu150,C1,rgb,klt,33UWT_2410_00,1.7930384912690804,35
eu150,C1,rgb,klt,34TCR_0339_00,2.174239336218205,35
eu150,C1,rgb,klt,34TCR_0343_00,2.5198862864910847,38
eu150,C1,rgb,klt,34TCR_1124_00,1.1907315727281604,87
eu150,C1,rgb,klt,34TCR_1162_00,2.262193831039825,83
eu150,C1,rgb,klt,34TCR_1346_00,2.6258635460738913,66
eu150,C1,rgb,klt,34TCT_1282_00,2.4712824149543735,65
eu150,C1,rgb,klt,30TVK_1486_00,3.094721029248058,81
eu150,C1,rgb,klt,30TVK_2377_00,2.2936694495229166,74
eu150,C1,rgb,klt,30TXQ_0911_00,1.006692196786709,117
eu150,C1,rgb,klt,30TXQ_0934_00,1.1744909118031488,106
eu150,C1,rgb,klt,30UYC_0046_00,0.6261509666526635,109
eu150,C1,rgb,klt,31TCJ_1037_00,1.377360564314673,82
eu150,C1,rgb,klt,31TCM_0853_00,1.2970344631543886,98
eu150,C1,rgb,klt,31TCM_1094_00,1.0941032589397586,53
eu150,C1,rgb,klt,31TCM_1743_00,1.0673588125693845,99
eu150,C1,rgb,klt,31TFH_0022_00,0.872547858699374,126
eu150,C1,rgb,klt,31TFJ_1359_00,0.6590589172421333,212
eu150,C1,rgb,klt,31TGH_0053_00,0.8720016248552636,106
eu150,C1,rgb,klt,31TGJ_0274_00,1.2086590138494535,101
eu150,C1,rgb,klt,31TGJ_1156_00,0.7195207041335983,78
eu150,C1,rgb,klt,31TGJ_1189_00,1.4486889135046386,93
eu150,C1,rgb,klt,31UCQ_0211_00,1.1700707956588934,109
eu150,C1,rgb,klt,31UDQ_2521_00,0.8249341255323563,142
eu150,C1,rgb,klt,31UFS_1028_00,0.7191331039380339,275
eu150,C1,rgb,klt,31UFS_1127_00,1.8850025531393213,67
eu150,C1,rgb,klt,32ULA_0661_00,0.7107235228598667,193
eu150,C1,rgb,klt,32ULC_1573_00,0.6843258391708451,104
eu150,C1,rgb,klt,32UMC_0836_00,0.6990088589587838,127
eu150,C1,rgb,klt,32UNE_2132_00,1.1468242141532383,105
eu150,C1,rgb,klt,32UPA_1016_00,0.9558237106033304,98
eu150,C1,rgb,klt,33TWE_1260_00,1.644596460748397,80
eu150,C1,rgb,klt,33UWS_0309_00,1.6171010945404474,80
eu150,C1,rgb,klt,34TCR_0369_00,0.7239855363088262,87
eu150,C1,rgb,klt,34TCS_0235_00,1.0201133199950505,120
eu150,C1,rgb,klt,34TCT_0853_00,0.6735216827341156,160
eu150,C1,rgb,klt,34TCT_1134_00,0.6545241866771982,264
eu150,C2,rgb,klt,30SVJ_0796_00,4.220043086097775,32
eu150,C2,rgb,klt,30SVJ_1711_00,2.385490854162338,31
eu150,C2,rgb,klt,30TVK_0841_00,4.551488744952199,30
eu150,C2,rgb,klt,30TVK_1126_00,3.430722463393482,40
eu150,C2,rgb,klt,30TVK_1386_00,3.436558599151943,38
eu150,C2,rgb,klt,30TVK_1390_00,3.1177706915879813,21
eu150,C2,rgb,klt,30TVK_1697_00,2.6679357309217044,34
eu150,C2,rgb,klt,30TVK_2512_00,3.792437090620881,30
eu150,C2,rgb,klt,30TXP_0408_00,2.453769899037974,64
eu150,C2,rgb,klt,30TXQ_0830_00,3.2286902425974855,57
eu150,C2,rgb,klt,30TYQ_1071_00,2.3546035850452673,64
eu150,C2,rgb,klt,30UYC_0687_00,2.424831876110316,46
eu150,C2,rgb,klt,31TGJ_0814_00,2.5855868930124237,77
eu150,C2,rgb,klt,31UDP_0247_00,2.6751071180316295,52
eu150,C2,rgb,klt,32UPA_0047_00,2.3132475682048703,90
eu150,C2,rgb,klt,33TWF_0539_00,3.9885670918794665,38
eu150,C2,rgb,klt,33TWF_1416_00,1.27105673869589,66
eu150,C2,rgb,klt,34TCR_0112_00,2.8842182339920397,35
eu150,C2,rgb,klt,34TCR_0361_00,2.7971096619100164,52
eu150,C2,rgb,klt,34TCR_0769_00,2.7798786652766054,27
eu150,C2,rgb,klt,34TCR_0850_00,3.0422063187611985,35
eu150,C2,rgb,klt,34TCR_1204_00,3.481362481989475,51
eu150,C2,rgb,klt,34TCS_0241_00,3.2492505609685605,31
eu150,C2,rgb,klt,34TCT_0362_00,2.879126263198019,40
eu150,C2,rgb,klt,34TCT_0701_00,3.2208395280706092,64
eu150,C2,rgb,klt,34TCT_0757_00,2.978719069042283,32
eu150,C2,rgb,klt,34TCT_0997_00,3.1553744484787547,38
eu150,C2,rgb,klt,34TCT_1595_00,3.821412490898439,71
eu150,C2,rgb,klt,34TCT_1710_00,2.0289951620783646,61
eu150,C2,rgb,klt,34TCT_2072_00,2.3001873428777095,40
eu150,C2,rgb,klt,30TXP_0411_00,2.338621739905854,72
eu150,C2,rgb,klt,30TXP_0787_00,1.8785086612297248,91
eu150,C2,rgb,klt,30TXP_1048_00,3.001744975395799,63
eu150,C2,rgb,klt,30TXQ_0896_00,1.8815735668089733,83
eu150,C2,rgb,klt,30UYD_0119_00,3.881928340920823,39
eu150,C2,rgb,klt,31TCJ_0091_00,3.3868478860084856,46
eu150,C2,rgb,klt,31TCN_1803_00,2.634619765275723,65
eu150,C2,rgb,klt,31TGJ_0550_00,2.2850957183219234,88
eu150,C2,rgb,klt,31TGK_1163_00,1.722347047703212,62
eu150,C2,rgb,klt,31UCQ_1476_00,2.2766361283756025,66
eu150,C2,rgb,klt,31UDQ_0751_00,2.655558182873906,51
eu150,C2,rgb,klt,31UFQ_0574_00,2.322604560692561,46
eu150,C2,rgb,klt,31UFQ_1482_00,2.767503137188472,34
eu150,C2,rgb,klt,32UPA_1861_00,1.8328993829265563,90
eu150,C2,rgb,klt,32UPA_1883_00,2.6571635234793134,73
eu150,C2,rgb,klt,32UPA_1911_00,2.1053672610413328,76
eu150,C2,rgb,klt,33TVN_1850_00,1.1221738574850388,142
eu150,C2,rgb,klt,33UWT_0956_00,2.3131962265873187,56
eu150,C2,rgb,klt,33UWT_2290_00,2.8502568160032924,53
eu150,C2,rgb,klt,33VXG_1377_00,2.181133907572627,76
eu150,C2,rgb,klt,34TCR_0421_00,2.642673996495805,74
eu150,C2,rgb,klt,34TCR_1120_00,2.338946159439654,38
eu150,C2,rgb,klt,34TCR_1129_00,3.5471178411220623,49
eu150,C2,rgb,klt,34TCR_1412_00,2.1898142633624067,68
eu150,C2,rgb,klt,34TCT_0129_00,0.9394449149045732,56
eu150,C2,rgb,klt,34TCT_0468_00,3.3627080094286343,41
eu150,C2,rgb,klt,34TCT_0686_00,2.593501142947743,51
eu150,C2,rgb,klt,34TCT_1673_00,2.5887651929423,84
eu150,C2,rgb,klt,34TCT_1726_00,3.0465513533624247,50
eu150,C2,rgb,klt,34TCT_1903_00,2.853074289780303,41
eu150,C2,rgb,klt,30TVK_2306_00,3.339953545310261,23
eu150,C2,rgb,klt,30UYC_0245_00,2.7657737002464975,56
eu150,C2,rgb,klt,30UYC_0725_00,2.4146207519141214,38
eu150,C2,rgb,klt,30UYD_1432_00,3.1197916925905815,32
eu150,C2,rgb,klt,31TCJ_0672_00,2.4052510596962327,50
eu150,C2,rgb,klt,31TCJ_1375_00,1.9508566407819337,69
eu150,C2,rgb,klt,31TCM_1060_00,1.341942521504688,130
eu150,C2,rgb,klt,31TCM_2040_00,1.8382291220772784,87
eu150,C2,rgb,klt,31TCN_1555_00,1.966227102691948,80
eu150,C2,rgb,klt,31TGH_0153_00,1.2686727765104495,127
eu150,C2,rgb,klt,31TGJ_0831_00,1.056719603867677,93
eu150,C2,rgb,klt,31TGJ_1054_00,1.1574753641049822,98
eu150,C2,rgb,klt,31TGK_0015_00,2.2819715467069805,65
eu150,C2,rgb,klt,31UCQ_0249_00,2.3263067270301487,63
eu150,C2,rgb,klt,31UFQ_0566_00,1.209572011370655,96
eu150,C2,rgb,klt,32UMA_0976_00,1.9392325301754636,71
eu150,C2,rgb,klt,32UNE_1364_00,2.606262725562434,92
eu150,C2,rgb,klt,32UPA_1036_00,1.372463682125976,102
eu150,C2,rgb,klt,32UPA_1085_00,1.9198738473789936,95
eu150,C2,rgb,klt,32UPB_1109_00,1.3523144922348536,95
eu150,C2,rgb,klt,33TWF_1157_00,0.5191015658824049,110
eu150,C2,rgb,klt,33TWF_1161_00,1.1826905987441625,78
eu150,C2,rgb,klt,33UWT_0062_00,1.8301061509070176,75
eu150,C2,rgb,klt,33UWT_0167_00,1.7069676355724657,45
eu150,C2,rgb,klt,33UWT_0872_00,1.977758689599222,67
eu150,C2,rgb,klt,33UWT_1630_00,1.8410809409245212,73
eu150,C2,rgb,klt,34TCR_0072_00,2.4112342064319363,59
eu150,C2,rgb,klt,34TCR_0106_00,1.8081989487074064,73
eu150,C2,rgb,klt,34TCT_1281_00,2.6602198046201866,57
eu150,C2,rgb,klt,34TCT_1573_00,2.946806602530699,74
eu150,C2,rgb,klt,30TVK_1026_00,2.424451022663897,76
eu150,C2,rgb,klt,30TVK_1289_00,1.5930790514143365,76
eu150,C2,rgb,klt,30TVK_2317_00,2.171464884128401,45
eu150,C2,rgb,klt,30TXQ_0902_00,1.16911146161927,144
eu150,C2,rgb,klt,30UYC_0100_00,1.8073470597385384,70
eu150,C2,rgb,klt,31TCJ_1340_00,1.9614359165448665,89
eu150,C2,rgb,klt,31TCJ_1353_00,1.2044908417677362,121
eu150,C2,rgb,klt,31TCM_0023_00,1.1903457585745496,113
eu150,C2,rgb,klt,31TCM_1192_00,1.7950938669624177,168
eu150,C2,rgb,klt,31TCM_1717_00,2.699046897655748,70
eu150,C2,rgb,klt,31TGJ_0811_00,1.3786742259689553,106
eu150,C2,rgb,klt,31UDQ_1914_00,1.0539265666110234,50
eu150,C2,rgb,klt,31UFS_0030_00,1.480761001674438,52
eu150,C2,rgb,klt,31UFS_0938_00,1.1114408013346808,38
eu150,C2,rgb,klt,31UFS_2358_00,1.4838992196673764,104
eu150,C2,rgb,klt,32UMC_0051_00,1.9379223578811948,79
eu150,C2,rgb,klt,32UMC_1241_00,1.3215696680841131,67
eu150,C2,rgb,klt,32UMC_1688_00,1.0622888522366574,117
eu150,C2,rgb,klt,32UMC_2029_00,1.4229037284821435,88
eu150,C2,rgb,klt,32UNE_1359_00,1.6671815498048463,91
eu150,C2,rgb,klt,32UNE_2091_00,1.8327399396111732,108
eu150,C2,rgb,klt,32UPA_2227_00,1.0011775476319171,129
eu150,C2,rgb,klt,33TWF_1076_00,1.3480589714433164,63
eu150,C2,rgb,klt,33UWT_2410_00,2.475950740070703,64
eu150,C2,rgb,klt,34TCR_0339_00,1.5953620688146426,63
eu150,C2,rgb,klt,34TCR_0343_00,1.6423103241703814,58
eu150,C2,rgb,klt,34TCR_1124_00,1.5737597184322307,136
eu150,C2,rgb,klt,34TCR_1162_00,1.8608680295052724,85
eu150,C2,rgb,klt,34TCR_1346_00,2.423716922237605,99
eu150,C2,rgb,klt,34TCT_1282_00,2.056657444400912,97
eu150,C2,rgb,klt,30TVK_1486_00,2.507233267665703,83
eu150,C2,rgb,klt,30TVK_2377_00,1.9634121427353304,53
eu150,C2,rgb,klt,30TXQ_0911_00,0.9227355040564442,184
eu150,C2,rgb,klt,30TXQ_0934_00,1.2975820060272638,178
eu150,C2,rgb,klt,30UYC_0046_00,0.6284475927991013,152
eu150,C2,rgb,klt,31TCJ_1037_00,0.8958199162808009,103
eu150,C2,rgb,klt,31TCM_0853_00,0.9623932993390386,129
eu150,C2,rgb,klt,31TCM_1094_00,1.1587865712898104,120
eu150,C2,rgb,klt,31TCM_1743_00,1.0349294531387585,169
eu150,C2,rgb,klt,31TFH_0022_00,0.6444306770500305,170
eu150,C2,rgb,klt,31TFJ_1359_00,0.6252300742704873,261
eu150,C2,rgb,klt,31TGH_0053_00,0.7790054750198183,188
eu150,C2,rgb,klt,31TGJ_0274_00,0.9207145384049424,196
eu150,C2,rgb,klt,31TGJ_1156_00,0.6550780103221391,150
eu150,C2,rgb,klt,31TGJ_1189_00,1.178644357999838,145
eu150,C2,rgb,klt,31UCQ_0211_00,0.9198776347139336,129
eu150,C2,rgb,klt,31UDQ_2521_00,0.7468261744733873,183
eu150,C2,rgb,klt,31UFS_1028_00,0.6765674980329752,291
eu150,C2,rgb,klt,31UFS_1127_00,1.5523328120800672,93
eu150,C2,rgb,klt,32ULA_0661_00,0.7437547884026909,220
eu150,C2,rgb,klt,32ULC_1573_00,0.6928452860078098,154
eu150,C2,rgb,klt,32UMC_0836_00,0.7603666120739727,156
eu150,C2,rgb,klt,32UNE_2132_00,0.9338064403144232,111
eu150,C2,rgb,klt,32UPA_1016_00,1.081003151052481,140
eu150,C2,rgb,klt,33TWE_1260_00,0.790153116888763,160
eu150,C2,rgb,klt,33UWS_0309_00,1.150459722723637,109
eu150,C2,rgb,klt,34TCR_0369_00,0.6748656613446662,115
eu150,C2,rgb,klt,34TCS_0235_00,1.041931808059385,138
eu150,C2,rgb,klt,34TCT_0853_00,0.5785680595690665,190
eu150,C2,rgb,klt,34TCT_1134_00,0.4969001645854349,328
ank30_prod,pretrained,rgb,klt,ank_24_3,2.722481137495893,45
ank30_prod,pretrained,rgb,klt,ank_27_14,3.144941697040519,54
ank30_prod,pretrained,rgb,klt,ank_0_30,4.068872408499637,26
ank30_prod,pretrained,rgb,klt,ank_13_34,2.944454561094764,25
ank30_prod,pretrained,rgb,klt,ank_9_25,3.7852189512459486,50
ank30_prod,pretrained,rgb,klt,ank_7_36,3.347323391077195,19
ank30_prod,pretrained,rgb,klt,ank_25_16,3.6191611627812046,48
ank30_prod,pretrained,rgb,klt,ank_7_8,3.069807725099655,54
ank30_prod,pretrained,rgb,klt,ank_22_16,3.7268251602250864,35
ank30_prod,pretrained,rgb,klt,ank_3_13,3.697941070622874,52
ank30_prod,pretrained,rgb,klt,ank_8_31,2.0264813729975266,27
ank30_prod,pretrained,rgb,klt,ank_4_41,3.5745573722508612,31
ank30_prod,pretrained,rgb,klt,ank_6_10,2.608711141658827,71
ank30_prod,pretrained,rgb,klt,ank_2_12,2.678410048981654,66
ank30_prod,pretrained,rgb,klt,ank_9_1,2.7264150215987457,39
ank30_prod,pretrained,rgb,klt,ank_17_22,3.340411721416598,54
ank30_prod,pretrained,rgb,klt,ank_29_21,2.615532096065812,49
ank30_prod,pretrained,rgb,klt,ank_20_6,2.8042192400950805,62
ank30_prod,pretrained,rgb,klt,ank_5_5,1.7028502397266174,69
ank30_prod,pretrained,rgb,klt,ank_26_3,3.389967059018869,55
ank30_prod,pretrained,rgb,klt,ank_22_37,2.625749673570614,36
ank30_prod,pretrained,rgb,klt,ank_13_6,2.8565476153240983,78
ank30_prod,pretrained,rgb,klt,ank_18_7,2.454573327410245,59
ank30_prod,pretrained,rgb,klt,ank_5_12,3.0296556084233717,52
ank30_prod,pretrained,rgb,klt,ank_35_11,2.187480612911835,61
ank30_prod,pretrained,rgb,klt,ank_34_11,2.427940979797199,85
ank30_prod,pretrained,rgb,klt,ank_26_5,3.0557396780718404,60
ank30_prod,pretrained,rgb,klt,ank_38_22,1.102680503606768,81
ank30_prod,pretrained,rgb,klt,ank_33_34,1.0460497013717285,159
ank30_prod,pretrained,rgb,klt,ank_33_3,1.9016190442449572,80
ank30_prod,C1,rgb,klt,ank_24_3,2.677963501663347,63
ank30_prod,C1,rgb,klt,ank_27_14,4.0536170832877945,53
ank30_prod,C1,rgb,klt,ank_0_30,3.972141720492171,27
ank30_prod,C1,rgb,klt,ank_13_34,4.222121316733911,19
ank30_prod,C1,rgb,klt,ank_9_25,1.3615556183631243,64
ank30_prod,C1,rgb,klt,ank_7_36,3.847481689411037,16
ank30_prod,C1,rgb,klt,ank_25_16,2.558143274533223,51
ank30_prod,C1,rgb,klt,ank_7_8,3.572614827303433,51
ank30_prod,C1,rgb,klt,ank_22_16,3.618202628908907,34
ank30_prod,C1,rgb,klt,ank_3_13,2.318528560166359,53
ank30_prod,C1,rgb,klt,ank_8_31,1.6406441179949052,37
ank30_prod,C1,rgb,klt,ank_4_41,2.505920996753341,53
ank30_prod,C1,rgb,klt,ank_6_10,3.136823856295142,54
ank30_prod,C1,rgb,klt,ank_2_12,3.02604338714646,68
ank30_prod,C1,rgb,klt,ank_9_1,2.897390020928576,53
ank30_prod,C1,rgb,klt,ank_17_22,2.8259355148969125,50
ank30_prod,C1,rgb,klt,ank_29_21,2.6266578159514924,42
ank30_prod,C1,rgb,klt,ank_20_6,3.1829550140984466,40
ank30_prod,C1,rgb,klt,ank_5_5,1.8419797239344051,75
ank30_prod,C1,rgb,klt,ank_26_3,2.8392951340092893,51
ank30_prod,C1,rgb,klt,ank_22_37,1.5983969285243802,50
ank30_prod,C1,rgb,klt,ank_13_6,2.9546533376577337,82
ank30_prod,C1,rgb,klt,ank_18_7,1.4234479728918208,92
ank30_prod,C1,rgb,klt,ank_5_12,2.7680335397982803,60
ank30_prod,C1,rgb,klt,ank_35_11,2.294310983947975,66
ank30_prod,C1,rgb,klt,ank_34_11,1.5852601714108443,76
ank30_prod,C1,rgb,klt,ank_26_5,2.033536834946751,59
ank30_prod,C1,rgb,klt,ank_38_22,0.5394729263610315,145
ank30_prod,C1,rgb,klt,ank_33_34,0.5082881728877372,328
ank30_prod,C1,rgb,klt,ank_33_3,1.633540210262086,103
ank30_prod,C2,rgb,klt,ank_24_3,3.4477508919325044,27
ank30_prod,C2,rgb,klt,ank_27_14,3.985961381532532,40
ank30_prod,C2,rgb,klt,ank_0_30,2.2896273332025476,22
ank30_prod,C2,rgb,klt,ank_13_34,1.7900621581127203,26
ank30_prod,C2,rgb,klt,ank_9_25,0.5807682914056452,81
ank30_prod,C2,rgb,klt,ank_7_36,4.806809196349542,20
ank30_prod,C2,rgb,klt,ank_25_16,1.8906874759801928,86
ank30_prod,C2,rgb,klt,ank_7_8,2.4804042312994796,81
ank30_prod,C2,rgb,klt,ank_22_16,2.4597129990410913,39
ank30_prod,C2,rgb,klt,ank_3_13,0.7574846306385342,79
ank30_prod,C2,rgb,klt,ank_8_31,1.684448808170652,45
ank30_prod,C2,rgb,klt,ank_4_41,0.6304195307222172,56
ank30_prod,C2,rgb,klt,ank_6_10,2.8289522617287677,48
ank30_prod,C2,rgb,klt,ank_2_12,3.6416126172238457,64
ank30_prod,C2,rgb,klt,ank_9_1,3.406832388447932,59
ank30_prod,C2,rgb,klt,ank_17_22,2.7729268113072476,51
ank30_prod,C2,rgb,klt,ank_29_21,1.6776170584275822,41
ank30_prod,C2,rgb,klt,ank_20_6,2.2442354918244556,84
ank30_prod,C2,rgb,klt,ank_5_5,0.3787453546098817,99
ank30_prod,C2,rgb,klt,ank_26_3,3.1693967913127,43
ank30_prod,C2,rgb,klt,ank_22_37,0.6843521886756452,66
ank30_prod,C2,rgb,klt,ank_13_6,2.576842789668927,55
ank30_prod,C2,rgb,klt,ank_18_7,0.8391800981053174,85
ank30_prod,C2,rgb,klt,ank_5_12,0.6465476126663732,98
ank30_prod,C2,rgb,klt,ank_35_11,2.0488046065317387,104
ank30_prod,C2,rgb,klt,ank_34_11,1.5479662018913571,67
ank30_prod,C2,rgb,klt,ank_26_5,2.1119031905604855,84
ank30_prod,C2,rgb,klt,ank_38_22,0.4896346320189282,209
ank30_prod,C2,rgb,klt,ank_33_34,0.4626387965348923,470
ank30_prod,C2,rgb,klt,ank_33_3,0.6964930632147742,139
ank30_prod,C3,rgb,klt,ank_24_3,3.518555640362634,30
ank30_prod,C3,rgb,klt,ank_27_14,3.1580726513282684,32
ank30_prod,C3,rgb,klt,ank_0_30,2.1306043535524224,20
ank30_prod,C3,rgb,klt,ank_13_34,2.51372460414956,27
ank30_prod,C3,rgb,klt,ank_9_25,0.5802153888738454,78
ank30_prod,C3,rgb,klt,ank_7_36,3.949995971127773,17
ank30_prod,C3,rgb,klt,ank_25_16,2.2300671601438955,59
ank30_prod,C3,rgb,klt,ank_7_8,2.906206367803967,68
ank30_prod,C3,rgb,klt,ank_22_16,1.6781516815194113,37
ank30_prod,C3,rgb,klt,ank_3_13,1.2460282731336858,68
ank30_prod,C3,rgb,klt,ank_8_31,1.9712872928848848,52
ank30_prod,C3,rgb,klt,ank_4_41,0.7092126664322326,51
ank30_prod,C3,rgb,klt,ank_6_10,3.654017268162854,54
ank30_prod,C3,rgb,klt,ank_2_12,2.930107848167234,74
ank30_prod,C3,rgb,klt,ank_9_1,2.685820892024165,43
ank30_prod,C3,rgb,klt,ank_17_22,3.0074615558024034,57
ank30_prod,C3,rgb,klt,ank_29_21,1.7230546255298458,36
ank30_prod,C3,rgb,klt,ank_20_6,1.643293358360452,54
ank30_prod,C3,rgb,klt,ank_5_5,0.4644525510419751,103
ank30_prod,C3,rgb,klt,ank_26_3,4.0512412416984,45
ank30_prod,C3,rgb,klt,ank_22_37,0.7701063804421031,56
ank30_prod,C3,rgb,klt,ank_13_6,2.75439791290547,59
ank30_prod,C3,rgb,klt,ank_18_7,0.7680613647100386,111
ank30_prod,C3,rgb,klt,ank_5_12,0.6298132614150405,73
ank30_prod,C3,rgb,klt,ank_35_11,2.418468525263525,67
ank30_prod,C3,rgb,klt,ank_34_11,1.2363637261275584,57
ank30_prod,C3,rgb,klt,ank_26_5,1.422262233773874,67
ank30_prod,C3,rgb,klt,ank_38_22,0.5153338997252299,190
ank30_prod,C3,rgb,klt,ank_33_34,0.4845523640992845,377
ank30_prod,C3,rgb,klt,ank_33_3,0.7171357517482684,129
ank30_ovp,pretrained,rgb,klt,ank_24_3,2.745584695079576,59
ank30_ovp,pretrained,rgb,klt,ank_27_14,3.453693744313977,50
ank30_ovp,pretrained,rgb,klt,ank_0_30,3.974713583499468,26
ank30_ovp,pretrained,rgb,klt,ank_13_34,3.459164621623881,28
ank30_ovp,pretrained,rgb,klt,ank_9_25,3.529878721795689,45
ank30_ovp,pretrained,rgb,klt,ank_7_36,3.1977635715390047,14
ank30_ovp,pretrained,rgb,klt,ank_25_16,3.461054535938743,51
ank30_ovp,pretrained,rgb,klt,ank_7_8,2.114076303714139,96
ank30_ovp,pretrained,rgb,klt,ank_22_16,2.4761268579442572,39
ank30_ovp,pretrained,rgb,klt,ank_3_13,2.9572929310019376,41
ank30_ovp,pretrained,rgb,klt,ank_8_31,2.368826021058875,26
ank30_ovp,pretrained,rgb,klt,ank_4_41,3.0691230240015375,26
ank30_ovp,pretrained,rgb,klt,ank_6_10,2.387681100478018,90
ank30_ovp,pretrained,rgb,klt,ank_2_12,2.4535054671796126,87
ank30_ovp,pretrained,rgb,klt,ank_9_1,2.3683227398382782,51
ank30_ovp,pretrained,rgb,klt,ank_17_22,3.2476436001782227,49
ank30_ovp,pretrained,rgb,klt,ank_29_21,3.642096932667979,36
ank30_ovp,pretrained,rgb,klt,ank_20_6,2.706252541287374,55
ank30_ovp,pretrained,rgb,klt,ank_5_5,1.472988152646615,82
ank30_ovp,pretrained,rgb,klt,ank_26_3,1.4319116404363736,96
ank30_ovp,pretrained,rgb,klt,ank_22_37,1.9760208288787091,41
ank30_ovp,pretrained,rgb,klt,ank_13_6,1.361970791109413,73
ank30_ovp,pretrained,rgb,klt,ank_18_7,2.7027151705166492,60
ank30_ovp,pretrained,rgb,klt,ank_5_12,1.290788209854655,114
ank30_ovp,pretrained,rgb,klt,ank_35_11,1.2000496339280513,89
ank30_ovp,pretrained,rgb,klt,ank_34_11,2.0703546188227997,91
ank30_ovp,pretrained,rgb,klt,ank_26_5,2.107387379368329,86
ank30_ovp,pretrained,rgb,klt,ank_38_22,1.142574774832098,71
ank30_ovp,pretrained,rgb,klt,ank_33_34,0.95762367092447,143
ank30_ovp,pretrained,rgb,klt,ank_33_3,1.357239417960216,96
ank30_ovp,C1,rgb,klt,ank_24_3,2.968623644398199,42
ank30_ovp,C1,rgb,klt,ank_27_14,3.0152229652304365,56
ank30_ovp,C1,rgb,klt,ank_0_30,3.2758856467288693,32
ank30_ovp,C1,rgb,klt,ank_13_34,3.8420890312932894,38
ank30_ovp,C1,rgb,klt,ank_9_25,0.841990970698861,61
ank30_ovp,C1,rgb,klt,ank_7_36,2.79007414260299,15
ank30_ovp,C1,rgb,klt,ank_25_16,2.360684889199737,74
ank30_ovp,C1,rgb,klt,ank_7_8,2.4068563289221228,84
ank30_ovp,C1,rgb,klt,ank_22_16,4.050384434916024,38
ank30_ovp,C1,rgb,klt,ank_3_13,2.642887927054496,67
ank30_ovp,C1,rgb,klt,ank_8_31,1.4664736780415846,39
ank30_ovp,C1,rgb,klt,ank_4_41,3.061712909150514,32
ank30_ovp,C1,rgb,klt,ank_6_10,3.024411913870212,76
ank30_ovp,C1,rgb,klt,ank_2_12,2.523157010795953,74
ank30_ovp,C1,rgb,klt,ank_9_1,2.577844452248579,70
ank30_ovp,C1,rgb,klt,ank_17_22,3.8408027361766184,57
ank30_ovp,C1,rgb,klt,ank_29_21,2.93282775798551,34
ank30_ovp,C1,rgb,klt,ank_20_6,3.8900859875101874,52
ank30_ovp,C1,rgb,klt,ank_5_5,2.0612168669198736,71
ank30_ovp,C1,rgb,klt,ank_26_3,1.305251300808466,76
ank30_ovp,C1,rgb,klt,ank_22_37,1.4394256085381003,50
ank30_ovp,C1,rgb,klt,ank_13_6,1.256680731950284,105
ank30_ovp,C1,rgb,klt,ank_18_7,1.5149768363071372,84
ank30_ovp,C1,rgb,klt,ank_5_12,0.991733991688481,142
ank30_ovp,C1,rgb,klt,ank_35_11,1.3204143030026163,100
ank30_ovp,C1,rgb,klt,ank_34_11,1.3473423957162067,108
ank30_ovp,C1,rgb,klt,ank_26_5,1.0992989866912963,109
ank30_ovp,C1,rgb,klt,ank_38_22,0.5284498835454134,144
ank30_ovp,C1,rgb,klt,ank_33_34,0.5341978529251242,332
ank30_ovp,C1,rgb,klt,ank_33_3,1.2523646516426172,117
ank30_ovp,C2,rgb,klt,ank_24_3,3.3783332948333307,34
ank30_ovp,C2,rgb,klt,ank_27_14,3.4189922723605517,41
ank30_ovp,C2,rgb,klt,ank_0_30,3.669946522476388,27
ank30_ovp,C2,rgb,klt,ank_13_34,2.2843931160614144,28
ank30_ovp,C2,rgb,klt,ank_9_25,0.4559895133058684,72
ank30_ovp,C2,rgb,klt,ank_7_36,3.9087287277324902,9
ank30_ovp,C2,rgb,klt,ank_25_16,1.569225723895466,77
ank30_ovp,C2,rgb,klt,ank_7_8,0.8769400543472734,111
ank30_ovp,C2,rgb,klt,ank_22_16,2.0039591809312784,43
ank30_ovp,C2,rgb,klt,ank_3_13,0.92087868332324,78
ank30_ovp,C2,rgb,klt,ank_8_31,1.6662474879103557,47
ank30_ovp,C2,rgb,klt,ank_4_41,0.876220348356149,54
ank30_ovp,C2,rgb,klt,ank_6_10,1.479509420296636,109
ank30_ovp,C2,rgb,klt,ank_2_12,1.141136548299545,97
ank30_ovp,C2,rgb,klt,ank_9_1,1.2764138396664322,78
ank30_ovp,C2,rgb,klt,ank_17_22,1.6935299625470224,44
ank30_ovp,C2,rgb,klt,ank_29_21,1.42941316205098,54
ank30_ovp,C2,rgb,klt,ank_20_6,2.21700997423238,82
ank30_ovp,C2,rgb,klt,ank_5_5,0.4083667509735765,128
ank30_ovp,C2,rgb,klt,ank_26_3,1.0402437988935866,122
ank30_ovp,C2,rgb,klt,ank_22_37,0.8671887981778139,76
ank30_ovp,C2,rgb,klt,ank_13_6,0.5745761713408984,144
ank30_ovp,C2,rgb,klt,ank_18_7,0.8447960476939037,91
ank30_ovp,C2,rgb,klt,ank_5_12,0.3504155015428381,197
ank30_ovp,C2,rgb,klt,ank_35_11,0.5479499904895148,189
ank30_ovp,C2,rgb,klt,ank_34_11,0.5972400049020753,202
ank30_ovp,C2,rgb,klt,ank_26_5,0.5721784158740093,136
ank30_ovp,C2,rgb,klt,ank_38_22,0.4868892376543541,220
ank30_ovp,C2,rgb,klt,ank_33_34,0.4624738551138041,480
ank30_ovp,C2,rgb,klt,ank_33_3,0.52044715039627,199
ank30_ovp,C3,rgb,klt,ank_24_3,3.7796204242301137,38
ank30_ovp,C3,rgb,klt,ank_27_14,3.241131052667461,55
ank30_ovp,C3,rgb,klt,ank_0_30,3.372967662690888,24
ank30_ovp,C3,rgb,klt,ank_13_34,3.371821715267882,27
ank30_ovp,C3,rgb,klt,ank_9_25,0.5647020677703674,74
ank30_ovp,C3,rgb,klt,ank_7_36,2.583216653344241,18
ank30_ovp,C3,rgb,klt,ank_25_16,1.536504909716094,53
ank30_ovp,C3,rgb,klt,ank_7_8,0.7750609441445476,83
ank30_ovp,C3,rgb,klt,ank_22_16,2.638655645255346,46
ank30_ovp,C3,rgb,klt,ank_3_13,0.6803951907346274,65
ank30_ovp,C3,rgb,klt,ank_8_31,1.4184383131153218,51
ank30_ovp,C3,rgb,klt,ank_4_41,0.8713106263957747,53
ank30_ovp,C3,rgb,klt,ank_6_10,1.5380694386177385,100
ank30_ovp,C3,rgb,klt,ank_2_12,1.086180209525112,70
ank30_ovp,C3,rgb,klt,ank_9_1,1.2808510860466202,58
ank30_ovp,C3,rgb,klt,ank_17_22,2.7661192095163516,57
ank30_ovp,C3,rgb,klt,ank_29_21,1.6599862975978588,46
ank30_ovp,C3,rgb,klt,ank_20_6,2.425185975491373,72
ank30_ovp,C3,rgb,klt,ank_5_5,0.4242491102749713,122
ank30_ovp,C3,rgb,klt,ank_26_3,0.9579973109290548,109
ank30_ovp,C3,rgb,klt,ank_22_37,0.8192417276651864,63
ank30_ovp,C3,rgb,klt,ank_13_6,0.4512807911169799,156
ank30_ovp,C3,rgb,klt,ank_18_7,0.8861358894508398,98
ank30_ovp,C3,rgb,klt,ank_5_12,0.427552968669734,226
ank30_ovp,C3,rgb,klt,ank_35_11,0.6267345423821403,171
ank30_ovp,C3,rgb,klt,ank_34_11,0.4871366199075512,181
ank30_ovp,C3,rgb,klt,ank_26_5,0.5991352607500767,117
ank30_ovp,C3,rgb,klt,ank_38_22,0.5526947371037814,202
ank30_ovp,C3,rgb,klt,ank_33_34,0.4894593241766352,395
ank30_ovp,C3,rgb,klt,ank_33_3,0.6175224286116702,219
ank130,pretrained,bt601,klt,ank_0_10,3.23535957417114,62
ank130,pretrained,bt601,klt,ank_0_16,2.180644027001299,78
ank130,pretrained,bt601,klt,ank_0_30,3.318301672510991,32
ank130,pretrained,bt601,klt,ank_0_41,2.040903358687348,34
ank130,pretrained,bt601,klt,ank_10_1,2.0213783210846925,64
ank130,pretrained,bt601,klt,ank_11_14,1.6822248013333563,61
ank130,pretrained,bt601,klt,ank_12_21,3.524025809191782,52
ank130,pretrained,bt601,klt,ank_12_28,2.6836658652460073,43
ank130,pretrained,bt601,klt,ank_12_35,2.198070683657683,56
ank130,pretrained,bt601,klt,ank_13_12,1.6016761087446687,91
ank130,pretrained,bt601,klt,ank_13_17,1.824652826080008,62
ank130,pretrained,bt601,klt,ank_13_21,2.7141416156733404,47
ank130,pretrained,bt601,klt,ank_13_29,3.225456134661546,55
ank130,pretrained,bt601,klt,ank_13_34,3.7381215348626493,29
ank130,pretrained,bt601,klt,ank_13_6,1.9994284812286707,102
ank130,pretrained,bt601,klt,ank_14_33,2.6670911856911097,35
ank130,pretrained,bt601,klt,ank_14_9,2.233208112659678,61
ank130,pretrained,bt601,klt,ank_15_22,2.2615969977034536,37
ank130,pretrained,bt601,klt,ank_15_41,4.403716788627084,33
ank130,pretrained,bt601,klt,ank_15_6,2.1808868751868995,78
ank130,pretrained,bt601,klt,ank_16_36,2.8667455543764535,19
ank130,pretrained,bt601,klt,ank_16_9,2.5550114394161523,43
ank130,pretrained,bt601,klt,ank_17_17,2.8278589158154146,56
ank130,pretrained,bt601,klt,ank_17_19,2.6974239413592507,61
ank130,pretrained,bt601,klt,ank_17_22,3.2839852097828164,71
ank130,pretrained,bt601,klt,ank_17_31,2.2857665214489638,72
ank130,pretrained,bt601,klt,ank_17_32,2.8781127507845903,49
ank130,pretrained,bt601,klt,ank_18_16,3.187300190821148,48
ank130,pretrained,bt601,klt,ank_18_27,3.630381206692588,48
ank130,pretrained,bt601,klt,ank_18_29,2.9066250187801637,64
ank130,pretrained,bt601,klt,ank_18_37,1.417998154791511,37
ank130,pretrained,bt601,klt,ank_18_39,1.019209636455608,65
ank130,pretrained,bt601,klt,ank_18_7,2.304618045306271,62
ank130,pretrained,bt601,klt,ank_19_15,2.4066318469964787,64
ank130,pretrained,bt601,klt,ank_19_33,4.192503124032684,30
ank130,pretrained,bt601,klt,ank_19_6,2.578579446184616,47
ank130,pretrained,bt601,klt,ank_19_9,4.433880501710757,34
ank130,pretrained,bt601,klt,ank_1_34,3.014203698311804,32
ank130,pretrained,bt601,klt,ank_20_10,1.904652176442631,45
ank130,pretrained,bt601,klt,ank_20_19,2.844648880147601,35
ank130,pretrained,bt601,klt,ank_20_37,1.0176967159762802,100
ank130,pretrained,bt601,klt,ank_20_6,3.058842601143575,66
ank130,pretrained,bt601,klt,ank_22_10,2.0588056480540775,80
ank130,pretrained,bt601,klt,ank_22_16,1.906342378323567,39
ank130,pretrained,bt601,klt,ank_22_37,2.761953307615358,48
ank130,pretrained,bt601,klt,ank_23_14,1.8360681755343569,64
ank130,pretrained,bt601,klt,ank_23_28,1.4626887089637528,77
ank130,pretrained,bt601,klt,ank_24_0,2.146777860473914,84
ank130,pretrained,bt601,klt,ank_24_12,3.198662660895,51
ank130,pretrained,bt601,klt,ank_24_14,2.944743185063211,48
ank130,pretrained,bt601,klt,ank_24_3,2.8667906097240174,50
ank130,pretrained,bt601,klt,ank_25_1,2.7306741131380647,50
ank130,pretrained,bt601,klt,ank_25_14,3.5252570187565913,51
ank130,pretrained,bt601,klt,ank_25_16,2.5818659525283225,39
ank130,pretrained,bt601,klt,ank_25_37,2.9987766576401214,60
ank130,pretrained,bt601,klt,ank_26_21,2.446796075826388,47
ank130,pretrained,bt601,klt,ank_26_22,3.2817261610825725,47
ank130,pretrained,bt601,klt,ank_26_29,0.895084267400394,108
ank130,pretrained,bt601,klt,ank_26_3,1.852804018334933,93
ank130,pretrained,bt601,klt,ank_26_35,3.364132998530268,31
ank130,pretrained,bt601,klt,ank_26_5,2.227550215460355,77
ank130,pretrained,bt601,klt,ank_27_14,2.7135519904521135,52
ank130,pretrained,bt601,klt,ank_27_40,3.084378250018794,41
ank130,pretrained,bt601,klt,ank_28_27,2.0115518137094055,48
ank130,pretrained,bt601,klt,ank_28_37,1.0024589063055624,105
ank130,pretrained,bt601,klt,ank_28_38,1.8111846501341882,46
ank130,pretrained,bt601,klt,ank_28_9,3.585368874761068,66
ank130,pretrained,bt601,klt,ank_29_0,1.7855219320810598,69
ank130,pretrained,bt601,klt,ank_29_11,3.658212376559279,59
ank130,pretrained,bt601,klt,ank_29_21,2.5507197329881732,57
ank130,pretrained,bt601,klt,ank_29_24,1.9758439449346366,80
ank130,pretrained,bt601,klt,ank_29_26,2.5696750041438303,46
ank130,pretrained,bt601,klt,ank_2_12,2.4576041057361016,80
ank130,pretrained,bt601,klt,ank_2_23,2.1302509765102893,39
ank130,pretrained,bt601,klt,ank_30_30,1.1534245958577727,94
ank130,pretrained,bt601,klt,ank_30_7,2.3716587002816505,75
ank130,pretrained,bt601,klt,ank_31_32,1.037290306652671,113
ank130,pretrained,bt601,klt,ank_31_7,1.1551221111039482,101
ank130,pretrained,bt601,klt,ank_32_12,3.703047176703393,65
ank130,pretrained,bt601,klt,ank_32_21,1.8969529296366496,63
ank130,pretrained,bt601,klt,ank_32_37,1.0783733615468056,120
ank130,pretrained,bt601,klt,ank_33_25,0.7430261170819572,161
ank130,pretrained,bt601,klt,ank_33_3,1.6716200682893825,102
ank130,pretrained,bt601,klt,ank_33_34,1.0735578797594194,149
ank130,pretrained,bt601,klt,ank_33_36,1.0767211149025546,106
ank130,pretrained,bt601,klt,ank_34_11,2.147786392448177,94
ank130,pretrained,bt601,klt,ank_34_15,2.0794099635851704,51
ank130,pretrained,bt601,klt,ank_34_21,1.6687252505536803,53
ank130,pretrained,bt601,klt,ank_34_30,1.1466661119455697,147
ank130,pretrained,bt601,klt,ank_35_11,1.5917125700357464,120
ank130,pretrained,bt601,klt,ank_35_28,0.9259337135768966,181
ank130,pretrained,bt601,klt,ank_35_39,1.779056639551395,47
ank130,pretrained,bt601,klt,ank_35_7,2.198364509492243,66
ank130,pretrained,bt601,klt,ank_36_40,3.7137802164485247,43
ank130,pretrained,bt601,klt,ank_38_19,3.8525738477252514,31
ank130,pretrained,bt601,klt,ank_38_22,0.8368774444973714,90
ank130,pretrained,bt601,klt,ank_38_24,1.7232807715542944,43
ank130,pretrained,bt601,klt,ank_38_27,1.4282204966370495,55
ank130,pretrained,bt601,klt,ank_38_40,4.141831632775885,40
ank130,pretrained,bt601,klt,ank_38_9,1.2430516371750069,84
ank130,pretrained,bt601,klt,ank_39_1,3.211680004732389,34
ank130,pretrained,bt601,klt,ank_3_13,3.519235411183196,45
ank130,pretrained,bt601,klt,ank_3_25,3.7745183475228496,52
ank130,pretrained,bt601,klt,ank_3_29,4.397701939829662,15
ank130,pretrained,bt601,klt,ank_3_34,1.715967716593938,60
ank130,pretrained,bt601,klt,ank_3_39,2.1476410791842566,38
ank130,pretrained,bt601,klt,ank_3_9,1.5677619194621388,81
ank130,pretrained,bt601,klt,ank_40_19,1.0102498916391547,81
ank130,pretrained,bt601,klt,ank_40_2,3.6134055746970404,47
ank130,pretrained,bt601,klt,ank_40_40,3.007318411123583,32
ank130,pretrained,bt601,klt,ank_41_0,1.6672206460340746,48
ank130,pretrained,bt601,klt,ank_41_1,2.4155612545925056,28
ank130,pretrained,bt601,klt,ank_41_19,3.193487105895158,26
ank130,pretrained,bt601,klt,ank_41_40,3.315243988360026,29
ank130,pretrained,bt601,klt,ank_4_23,3.470045374135985,26
ank130,pretrained,bt601,klt,ank_4_41,2.8084219167737707,30
ank130,pretrained,bt601,klt,ank_5_12,1.5677749339804876,91
ank130,pretrained,bt601,klt,ank_5_40,4.7594209965060115,23
ank130,pretrained,bt601,klt,ank_5_5,1.3801508999691388,76
ank130,pretrained,bt601,klt,ank_6_10,1.9069636084463544,82
ank130,pretrained,bt601,klt,ank_6_38,3.6798163693716135,16
ank130,pretrained,bt601,klt,ank_7_36,4.424898527806165,21
ank130,pretrained,bt601,klt,ank_7_8,2.8129317020541036,82
ank130,pretrained,bt601,klt,ank_8_19,4.08873656371321,36
ank130,pretrained,bt601,klt,ank_8_22,3.1659646383242315,48
ank130,pretrained,bt601,klt,ank_8_31,2.1576802334919374,35
ank130,pretrained,bt601,klt,ank_8_41,1.7769691867352861,80
ank130,pretrained,bt601,klt,ank_9_1,2.8017963780610793,45
ank130,pretrained,bt601,klt,ank_9_24,2.2509372494663733,48
ank130,pretrained,bt601,klt,ank_9_25,3.279913646694302,36
ank130,pretrained,mean,klt,ank_0_10,3.7148325703620415,63
ank130,pretrained,mean,klt,ank_0_16,2.213581662794896,62
ank130,pretrained,mean,klt,ank_0_30,3.2619827773663137,39
ank130,pretrained,mean,klt,ank_0_41,2.0896607862554673,42
ank130,pretrained,mean,klt,ank_10_1,1.7180463445643193,69
ank130,pretrained,mean,klt,ank_11_14,2.0552626618148526,70
ank130,pretrained,mean,klt,ank_12_21,3.2527764650873645,35
ank130,pretrained,mean,klt,ank_12_28,1.7063799609424253,40
ank130,pretrained,mean,klt,ank_12_35,2.4814949674955864,58
ank130,pretrained,mean,klt,ank_13_12,1.4711791385258666,75
ank130,pretrained,mean,klt,ank_13_17,1.3575186875680514,43
ank130,pretrained,mean,klt,ank_13_21,3.1068601456550042,46
ank130,pretrained,mean,klt,ank_13_29,3.0568813906462147,38
ank130,pretrained,mean,klt,ank_13_34,2.9898818138285415,35
ank130,pretrained,mean,klt,ank_13_6,1.505217452947408,90
ank130,pretrained,mean,klt,ank_14_33,2.5147089238107645,30
ank130,pretrained,mean,klt,ank_14_9,1.9884659105412519,45
ank130,pretrained,mean,klt,ank_15_22,2.993340477676899,42
ank130,pretrained,mean,klt,ank_15_41,4.24924850914171,32
ank130,pretrained,mean,klt,ank_15_6,2.064787236175166,73
ank130,pretrained,mean,klt,ank_16_36,4.266046286971475,20
ank130,pretrained,mean,klt,ank_16_9,2.378511332009202,64
ank130,pretrained,mean,klt,ank_17_17,3.1967893330908046,68
ank130,pretrained,mean,klt,ank_17_19,3.1370416861882413,44
ank130,pretrained,mean,klt,ank_17_22,2.943475970743816,53
ank130,pretrained,mean,klt,ank_17_31,2.165264691196273,83
ank130,pretrained,mean,klt,ank_17_32,2.545960424071435,39
ank130,pretrained,mean,klt,ank_18_16,3.2711758004099583,45
ank130,pretrained,mean,klt,ank_18_27,2.612501473650007,41
ank130,pretrained,mean,klt,ank_18_29,2.0165683153524205,63
ank130,pretrained,mean,klt,ank_18_37,1.125564199866516,36
ank130,pretrained,mean,klt,ank_18_39,1.0788578071654096,71
ank130,pretrained,mean,klt,ank_18_7,2.3565947869660633,61
ank130,pretrained,mean,klt,ank_19_15,3.3657903323515623,51
ank130,pretrained,mean,klt,ank_19_33,4.304575742606058,27
ank130,pretrained,mean,klt,ank_19_6,3.8676054701136646,49
ank130,pretrained,mean,klt,ank_19_9,2.928062774286139,42
ank130,pretrained,mean,klt,ank_1_34,3.083033930119877,28
ank130,pretrained,mean,klt,ank_20_10,2.110526749041696,55
ank130,pretrained,mean,klt,ank_20_19,3.3779442194696943,33
ank130,pretrained,mean,klt,ank_20_37,0.7700525147946966,92
ank130,pretrained,mean,klt,ank_20_6,2.694809342767105,62
ank130,pretrained,mean,klt,ank_22_10,2.3001974752958345,83
ank130,pretrained,mean,klt,ank_22_16,3.308541626128765,43
ank130,pretrained,mean,klt,ank_22_37,2.78159796540552,41
ank130,pretrained,mean,klt,ank_23_14,2.6901981367407557,62
ank130,pretrained,mean,klt,ank_23_28,1.2031531169639917,65
ank130,pretrained,mean,klt,ank_24_0,2.163907111523739,66
ank130,pretrained,mean,klt,ank_24_12,2.601607976124032,49
ank130,pretrained,mean,klt,ank_24_14,2.464532164130312,49
ank130,pretrained,mean,klt,ank_24_3,2.907605199631857,55
ank130,pretrained,mean,klt,ank_25_1,2.78993199209102,54
ank130,pretrained,mean,klt,ank_25_14,3.0347761906447777,54
ank130,pretrained,mean,klt,ank_25_16,3.068503452352024,52
ank130,pretrained,mean,klt,ank_25_37,3.050067217051501,65
ank130,pretrained,mean,klt,ank_26_21,2.549882815642509,41
ank130,pretrained,mean,klt,ank_26_22,2.224423602314856,37
ank130,pretrained,mean,klt,ank_26_29,0.7657485576393479,124
ank130,pretrained,mean,klt,ank_26_3,1.565646439826516,93
ank130,pretrained,mean,klt,ank_26_35,3.2867831028347485,27
ank130,pretrained,mean,klt,ank_26_5,2.483042848427024,92
ank130,pretrained,mean,klt,ank_27_14,2.989412400994512,64
ank130,pretrained,mean,klt,ank_27_40,2.9123496578852377,53
ank130,pretrained,mean,klt,ank_28_27,2.86485381390046,33
ank130,pretrained,mean,klt,ank_28_37,0.8752882800097295,106
ank130,pretrained,mean,klt,ank_28_38,2.0054391958925817,55
ank130,pretrained,mean,klt,ank_28_9,2.9008160223142125,66
ank130,pretrained,mean,klt,ank_29_0,1.8320266542134287,61
ank130,pretrained,mean,klt,ank_29_11,4.110209853929293,42
ank130,pretrained,mean,klt,ank_29_21,2.694507448140016,36
ank130,pretrained,mean,klt,ank_29_24,1.8461861797009176,82
ank130,pretrained,mean,klt,ank_29_26,2.532198728044544,46
ank130,pretrained,mean,klt,ank_2_12,1.9975563368736355,71
ank130,pretrained,mean,klt,ank_2_23,2.2789593437746656,47
ank130,pretrained,mean,klt,ank_30_30,0.9267892849701151,82
ank130,pretrained,mean,klt,ank_30_7,2.348057065799067,81
ank130,pretrained,mean,klt,ank_31_32,1.1027340789542994,115
ank130,pretrained,mean,klt,ank_31_7,1.4460398371009118,114
ank130,pretrained,mean,klt,ank_32_12,3.6036253939361353,57
ank130,pretrained,mean,klt,ank_32_21,2.2462980654055746,62
ank130,pretrained,mean,klt,ank_32_37,0.9348916398329303,107
ank130,pretrained,mean,klt,ank_33_25,0.7576131294449355,164
ank130,pretrained,mean,klt,ank_33_3,1.4085448291069889,102
ank130,pretrained,mean,klt,ank_33_34,0.9607406878813449,142
ank130,pretrained,mean,klt,ank_33_36,0.912914904944934,101
ank130,pretrained,mean,klt,ank_34_11,2.0491472234626924,76
ank130,pretrained,mean,klt,ank_34_15,3.0455601705640576,53
ank130,pretrained,mean,klt,ank_34_21,1.720624284306792,65
ank130,pretrained,mean,klt,ank_34_30,1.0263735275012864,131
ank130,pretrained,mean,klt,ank_35_11,1.4288350807873804,111
ank130,pretrained,mean,klt,ank_35_28,1.1008589429808378,168
ank130,pretrained,mean,klt,ank_35_39,2.2809400659481422,68
ank130,pretrained,mean,klt,ank_35_7,1.80992765107453,66
ank130,pretrained,mean,klt,ank_36_40,3.5561493439486536,43
ank130,pretrained,mean,klt,ank_38_19,2.934228355605014,30
ank130,pretrained,mean,klt,ank_38_22,1.0473824259442948,94
ank130,pretrained,mean,klt,ank_38_24,2.3707408037219526,53
ank130,pretrained,mean,klt,ank_38_27,1.5594362315575838,52
ank130,pretrained,mean,klt,ank_38_40,3.818572197189586,30
ank130,pretrained,mean,klt,ank_38_9,1.1473655595331924,81
ank130,pretrained,mean,klt,ank_39_1,2.9191217859199177,35
ank130,pretrained,mean,klt,ank_3_13,3.004948280147537,58
ank130,pretrained,mean,klt,ank_3_25,3.697453334767992,42
ank130,pretrained,mean,klt,ank_3_29,4.145814953558964,20
ank130,pretrained,mean,klt,ank_3_34,1.4486022581733313,67
ank130,pretrained,mean,klt,ank_3_39,2.0937948189080293,40
ank130,pretrained,mean,klt,ank_3_9,1.340251413196622,61
ank130,pretrained,mean,klt,ank_40_19,0.6713146967171233,54
ank130,pretrained,mean,klt,ank_40_2,2.724863314115064,39
ank130,pretrained,mean,klt,ank_40_40,3.39941323896301,33
ank130,pretrained,mean,klt,ank_41_0,2.7048031933175416,60
ank130,pretrained,mean,klt,ank_41_1,1.6749175174175073,34
ank130,pretrained,mean,klt,ank_41_19,3.3986727417940346,27
ank130,pretrained,mean,klt,ank_41_40,3.949464911356277,30
ank130,pretrained,mean,klt,ank_4_23,3.268158377265002,32
ank130,pretrained,mean,klt,ank_4_41,2.9317244773132,22
ank130,pretrained,mean,klt,ank_5_12,1.3768166884472322,111
ank130,pretrained,mean,klt,ank_5_40,3.685012144413622,15
ank130,pretrained,mean,klt,ank_5_5,1.305611364606482,85
ank130,pretrained,mean,klt,ank_6_10,1.887073274300119,94
ank130,pretrained,mean,klt,ank_6_38,3.6535298227847557,14
ank130,pretrained,mean,klt,ank_7_36,4.710469550829709,17
ank130,pretrained,mean,klt,ank_7_8,2.2424429598676197,99
ank130,pretrained,mean,klt,ank_8_19,4.069108412778439,36
ank130,pretrained,mean,klt,ank_8_22,3.0506133258817396,43
ank130,pretrained,mean,klt,ank_8_31,2.696736809514103,46
ank130,pretrained,mean,klt,ank_8_41,1.8797873725107273,70
ank130,pretrained,mean,klt,ank_9_1,3.0530495233616444,42
ank130,pretrained,mean,klt,ank_9_24,2.414741980531098,33
ank130,pretrained,mean,klt,ank_9_25,3.430764973392012,37
ank130,C1,bt601,klt,ank_0_10,2.364079824100735,73
ank130,C1,bt601,klt,ank_0_16,0.7772279044746975,88
ank130,C1,bt601,klt,ank_0_30,3.522481918288104,34
ank130,C1,bt601,klt,ank_0_41,0.5992425298412154,41
ank130,C1,bt601,klt,ank_10_1,1.5251184407640939,80
ank130,C1,bt601,klt,ank_11_14,2.5993419343819495,87
ank130,C1,bt601,klt,ank_12_21,3.9465692037213724,48
ank130,C1,bt601,klt,ank_12_28,3.9667484297142517,32
ank130,C1,bt601,klt,ank_12_35,0.5461148593334424,148
ank130,C1,bt601,klt,ank_13_12,1.5009152541730162,91
ank130,C1,bt601,klt,ank_13_17,3.054791704554044,49
ank130,C1,bt601,klt,ank_13_21,3.0990919577945295,59
ank130,C1,bt601,klt,ank_13_29,4.047176766185241,40
ank130,C1,bt601,klt,ank_13_34,3.530355700826771,26
ank130,C1,bt601,klt,ank_13_6,1.1947875113806679,117
ank130,C1,bt601,klt,ank_14_33,0.612800470499934,46
ank130,C1,bt601,klt,ank_14_9,1.0235424329369873,97
ank130,C1,bt601,klt,ank_15_22,3.211381472506591,71
ank130,C1,bt601,klt,ank_15_41,3.4176081360131683,29
ank130,C1,bt601,klt,ank_15_6,1.1627565325268623,90
ank130,C1,bt601,klt,ank_16_36,4.690229116337312,14
ank130,C1,bt601,klt,ank_16_9,1.6758377234469033,67
ank130,C1,bt601,klt,ank_17_17,3.017657211231536,53
ank130,C1,bt601,klt,ank_17_19,2.7079693066157464,64
ank130,C1,bt601,klt,ank_17_22,2.89048213308052,60
ank130,C1,bt601,klt,ank_17_31,0.6963448772148016,138
ank130,C1,bt601,klt,ank_17_32,1.5576777657441079,51
ank130,C1,bt601,klt,ank_18_16,2.2444393842396937,52
ank130,C1,bt601,klt,ank_18_27,3.4029819378800727,50
ank130,C1,bt601,klt,ank_18_29,1.327348892587762,78
ank130,C1,bt601,klt,ank_18_37,0.578358856098628,64
ank130,C1,bt601,klt,ank_18_39,0.51996587491164,50
ank130,C1,bt601,klt,ank_18_7,1.3412043628467032,96
ank130,C1,bt601,klt,ank_19_15,1.6481774900425776,76
ank130,C1,bt601,klt,ank_19_33,4.792232166037687,34
ank130,C1,bt601,klt,ank_19_6,2.4900649724050354,55
ank130,C1,bt601,klt,ank_19_9,1.9688455802050162,65
ank130,C1,bt601,klt,ank_1_34,1.443374366730115,51
ank130,C1,bt601,klt,ank_20_10,0.6899345565971742,83
ank130,C1,bt601,klt,ank_20_19,4.257974745214521,51
ank130,C1,bt601,klt,ank_20_37,0.4984865446537907,165
ank130,C1,bt601,klt,ank_20_6,2.9521884483916025,69
ank130,C1,bt601,klt,ank_22_10,0.9325505286821019,143
ank130,C1,bt601,klt,ank_22_16,3.0157113418252517,52
ank130,C1,bt601,klt,ank_22_37,1.2615170887298792,46
ank130,C1,bt601,klt,ank_23_14,1.7613401971852827,65
ank130,C1,bt601,klt,ank_23_28,0.633482417767971,114
ank130,C1,bt601,klt,ank_24_0,1.8416389129312998,87
ank130,C1,bt601,klt,ank_24_12,2.1593811618096543,52
ank130,C1,bt601,klt,ank_24_14,1.29498203634781,89
ank130,C1,bt601,klt,ank_24_3,2.7426084596699636,63
ank130,C1,bt601,klt,ank_25_1,1.2158205305391785,102
ank130,C1,bt601,klt,ank_25_14,2.5532299867449884,67
ank130,C1,bt601,klt,ank_25_16,2.31983204403062,59
ank130,C1,bt601,klt,ank_25_37,1.0581725637283388,72
ank130,C1,bt601,klt,ank_26_21,2.3946426363790696,52
ank130,C1,bt601,klt,ank_26_22,1.485760887137531,41
ank130,C1,bt601,klt,ank_26_29,0.6521861479711916,285
ank130,C1,bt601,klt,ank_26_3,1.8677570138665203,88
ank130,C1,bt601,klt,ank_26_35,2.9131580803775137,37
ank130,C1,bt601,klt,ank_26_5,0.9691001074294776,123
ank130,C1,bt601,klt,ank_27_14,3.6035704137485993,39
ank130,C1,bt601,klt,ank_27_40,3.387702259321586,51
ank130,C1,bt601,klt,ank_28_27,1.6526436473131128,56
ank130,C1,bt601,klt,ank_28_37,0.6302527876586423,212
ank130,C1,bt601,klt,ank_28_38,2.141671774001602,52
ank130,C1,bt601,klt,ank_28_9,2.885628142654121,54
ank130,C1,bt601,klt,ank_29_0,1.092295626618449,101
ank130,C1,bt601,klt,ank_29_11,3.805291383625387,49
ank130,C1,bt601,klt,ank_29_21,1.8862879296266257,52
ank130,C1,bt601,klt,ank_29_24,0.8036960877824986,145
ank130,C1,bt601,klt,ank_29_26,1.1054924119262937,84
ank130,C1,bt601,klt,ank_2_12,1.602389226608782,86
ank130,C1,bt601,klt,ank_2_23,1.0725222949442612,60
ank130,C1,bt601,klt,ank_30_30,0.6926598601289979,133
ank130,C1,bt601,klt,ank_30_7,1.085323870777593,116
ank130,C1,bt601,klt,ank_31_32,0.5591635354743378,192
ank130,C1,bt601,klt,ank_31_7,0.7815556331553039,122
ank130,C1,bt601,klt,ank_32_12,3.7824869458287624,59
ank130,C1,bt601,klt,ank_32_21,1.273308025194002,83
ank130,C1,bt601,klt,ank_32_37,0.6046935003200572,284
ank130,C1,bt601,klt,ank_33_25,0.5610517687493666,260
ank130,C1,bt601,klt,ank_33_3,1.155470368861663,125
ank130,C1,bt601,klt,ank_33_34,0.6101942549827499,328
ank130,C1,bt601,klt,ank_33_36,0.5831504522764592,193
ank130,C1,bt601,klt,ank_34_11,1.094685338267288,114
ank130,C1,bt601,klt,ank_34_15,1.1131787363180443,104
ank130,C1,bt601,klt,ank_34_21,0.899518239926223,79
ank130,C1,bt601,klt,ank_34_30,0.6640504027546121,199
ank130,C1,bt601,klt,ank_35_11,0.8881510024125514,119
ank130,C1,bt601,klt,ank_35_28,0.6717000441690488,267
ank130,C1,bt601,klt,ank_35_39,1.9494401994304984,72
ank130,C1,bt601,klt,ank_35_7,0.7135713732323556,79
ank130,C1,bt601,klt,ank_36_40,3.479978865653508,51
ank130,C1,bt601,klt,ank_38_19,3.8659063420666375,27
ank130,C1,bt601,klt,ank_38_22,0.5268958370946737,184
ank130,C1,bt601,klt,ank_38_24,1.2877872339832634,70
ank130,C1,bt601,klt,ank_38_27,1.530244070358588,68
ank130,C1,bt601,klt,ank_38_40,2.594620218859121,55
ank130,C1,bt601,klt,ank_38_9,0.8175767892650315,116
ank130,C1,bt601,klt,ank_39_1,3.8199111635601852,48
ank130,C1,bt601,klt,ank_3_13,2.904640784548017,67
ank130,C1,bt601,klt,ank_3_25,3.8717498315384855,39
ank130,C1,bt601,klt,ank_3_29,3.411654235054492,23
ank130,C1,bt601,klt,ank_3_34,0.7762047824187248,105
ank130,C1,bt601,klt,ank_3_39,2.20130778576699,36
ank130,C1,bt601,klt,ank_3_9,0.9180868410544192,78
ank130,C1,bt601,klt,ank_40_19,0.5474367935767377,118
ank130,C1,bt601,klt,ank_40_2,2.5906083348626283,47
ank130,C1,bt601,klt,ank_40_40,4.668339345275766,31
ank130,C1,bt601,klt,ank_41_0,1.6305014839495957,59
ank130,C1,bt601,klt,ank_41_1,3.6477673663787336,47
ank130,C1,bt601,klt,ank_41_19,3.09402847249324,31
ank130,C1,bt601,klt,ank_41_40,3.6281866038833077,23
ank130,C1,bt601,klt,ank_4_23,1.7147895745374453,56
ank130,C1,bt601,klt,ank_4_41,1.7757724657620075,33
ank130,C1,bt601,klt,ank_5_12,1.0611767439270137,145
ank130,C1,bt601,klt,ank_5_40,3.534159344367166,26
ank130,C1,bt601,klt,ank_5_5,1.6424895192889584,92
ank130,C1,bt601,klt,ank_6_10,2.605900259972559,79
ank130,C1,bt601,klt,ank_6_38,3.9535366266304983,18
ank130,C1,bt601,klt,ank_7_36,2.922411222749981,21
ank130,C1,bt601,klt,ank_7_8,1.7035278635248838,74
ank130,C1,bt601,klt,ank_8_19,3.504991909010058,42
ank130,C1,bt601,klt,ank_8_22,1.7579175252804666,75
ank130,C1,bt601,klt,ank_8_31,1.6012295435409019,62
ank130,C1,bt601,klt,ank_8_41,0.6158726754587002,122
ank130,C1,bt601,klt,ank_9_1,2.780393792674937,65
ank130,C1,bt601,klt,ank_9_24,1.665980866216317,50
ank130,C1,bt601,klt,ank_9_25,0.9470023278707449,74
ank130,C1,mean,klt,ank_0_10,2.1128714101448627,55
ank130,C1,mean,klt,ank_0_16,0.7014655404471705,95
ank130,C1,mean,klt,ank_0_30,3.5051870890639742,28
ank130,C1,mean,klt,ank_0_41,1.2332176745371453,52
ank130,C1,mean,klt,ank_10_1,1.7290160170496356,99
ank130,C1,mean,klt,ank_11_14,2.388588907933201,74
ank130,C1,mean,klt,ank_12_21,4.830566365790432,39
ank130,C1,mean,klt,ank_12_28,3.3880393642605657,33
ank130,C1,mean,klt,ank_12_35,0.5205489021632791,136
ank130,C1,mean,klt,ank_13_12,2.0089814866582345,77
ank130,C1,mean,klt,ank_13_17,3.1349564619435464,56
ank130,C1,mean,klt,ank_13_21,4.1917058469036,56
ank130,C1,mean,klt,ank_13_29,3.110143846263856,40
ank130,C1,mean,klt,ank_13_34,4.759127635438698,28
ank130,C1,mean,klt,ank_13_6,1.2289404070743386,116
ank130,C1,mean,klt,ank_14_33,0.8140719071316943,60
ank130,C1,mean,klt,ank_14_9,1.0600044006769234,86
ank130,C1,mean,klt,ank_15_22,2.7454288441837735,69
ank130,C1,mean,klt,ank_15_41,3.763595572514401,37
ank130,C1,mean,klt,ank_15_6,1.086588816104262,91
ank130,C1,mean,klt,ank_16_36,3.435336348929496,11
ank130,C1,mean,klt,ank_16_9,1.6377248067094703,60
ank130,C1,mean,klt,ank_17_17,2.903784170840388,67
ank130,C1,mean,klt,ank_17_19,2.439966255449911,51
ank130,C1,mean,klt,ank_17_22,3.3898741029889137,59
ank130,C1,mean,klt,ank_17_31,0.6048087172854174,132
ank130,C1,mean,klt,ank_17_32,1.8311738496732888,42
ank130,C1,mean,klt,ank_18_16,2.4431726310535087,63
ank130,C1,mean,klt,ank_18_27,3.324412301080682,48
ank130,C1,mean,klt,ank_18_29,1.1792105698914863,83
ank130,C1,mean,klt,ank_18_37,0.6777891893965999,61
ank130,C1,mean,klt,ank_18_39,0.579315957490679,58
ank130,C1,mean,klt,ank_18_7,1.183822430466471,92
ank130,C1,mean,klt,ank_19_15,1.4607660162312,75
ank130,C1,mean,klt,ank_19_33,4.050055402446402,32
ank130,C1,mean,klt,ank_19_6,2.084569982893893,70
ank130,C1,mean,klt,ank_19_9,2.089067433685801,70
ank130,C1,mean,klt,ank_1_34,1.8824109648414455,46
ank130,C1,mean,klt,ank_20_10,0.7153729196003356,94
ank130,C1,mean,klt,ank_20_19,3.2895845191704853,49
ank130,C1,mean,klt,ank_20_37,0.47424973113784147,157
ank130,C1,mean,klt,ank_20_6,2.866901649918631,58
ank130,C1,mean,klt,ank_22_10,1.0085021692740654,154
ank130,C1,mean,klt,ank_22_16,3.1636636292547045,51
ank130,C1,mean,klt,ank_22_37,1.154248648448946,63
ank130,C1,mean,klt,ank_23_14,2.019259757187802,72
ank130,C1,mean,klt,ank_23_28,0.6359454672896164,118
ank130,C1,mean,klt,ank_24_0,1.89333851017492,100
ank130,C1,mean,klt,ank_24_12,1.797849492908341,50
ank130,C1,mean,klt,ank_24_14,1.2750687760415351,90
ank130,C1,mean,klt,ank_24_3,2.8692918004628423,57
ank130,C1,mean,klt,ank_25_1,1.2078081343995826,125
ank130,C1,mean,klt,ank_25_14,3.0105820035893,54
ank130,C1,mean,klt,ank_25_16,1.764861118528164,48
ank130,C1,mean,klt,ank_25_37,0.9972122761201947,72
ank130,C1,mean,klt,ank_26_21,2.666779007489356,34
ank130,C1,mean,klt,ank_26_22,1.1891454372542032,46
ank130,C1,mean,klt,ank_26_29,0.6089406516437674,274
ank130,C1,mean,klt,ank_26_3,1.3264387239985358,84
ank130,C1,mean,klt,ank_26_35,3.690861948657994,40
ank130,C1,mean,klt,ank_26_5,1.194533590047993,120
ank130,C1,mean,klt,ank_27_14,3.638792408338226,46
ank130,C1,mean,klt,ank_27_40,2.4900292178679773,57
ank130,C1,mean,klt,ank_28_27,1.898424693994865,56
ank130,C1,mean,klt,ank_28_37,0.5571312495084749,205
ank130,C1,mean,klt,ank_28_38,0.9730691731535711,50
ank130,C1,mean,klt,ank_28_9,2.9867811273663376,66
ank130,C1,mean,klt,ank_29_0,1.1262448702041499,104
ank130,C1,mean,klt,ank_29_11,3.777852898445265,37
ank130,C1,mean,klt,ank_29_21,2.3593506744593404,53
ank130,C1,mean,klt,ank_29_24,0.7884456041515996,145
ank130,C1,mean,klt,ank_29_26,0.5920220744178841,65
ank130,C1,mean,klt,ank_2_12,1.7620553817460964,87
ank130,C1,mean,klt,ank_2_23,0.9039568650070323,61
ank130,C1,mean,klt,ank_30_30,0.6033298404925642,123
ank130,C1,mean,klt,ank_30_7,1.1373004567377671,105
ank130,C1,mean,klt,ank_31_32,0.593504845520637,185
ank130,C1,mean,klt,ank_31_7,0.825917916897715,108
ank130,C1,mean,klt,ank_32_12,3.6974496309078875,50
ank130,C1,mean,klt,ank_32_21,1.2466406116194233,79
ank130,C1,mean,klt,ank_32_37,0.5670167817227534,282
ank130,C1,mean,klt,ank_33_25,0.5861552300644399,250
ank130,C1,mean,klt,ank_33_3,1.0453055131969478,126
ank130,C1,mean,klt,ank_33_34,0.5829433270051676,338
ank130,C1,mean,klt,ank_33_36,0.5899580172435352,194
ank130,C1,mean,klt,ank_34_11,0.9841696251633923,114
ank130,C1,mean,klt,ank_34_15,1.2193061436348795,104
ank130,C1,mean,klt,ank_34_21,1.154333857209338,72
ank130,C1,mean,klt,ank_34_30,0.6024758267618073,192
ank130,C1,mean,klt,ank_35_11,1.060941083327916,140
ank130,C1,mean,klt,ank_35_28,0.7424738401457203,255
ank130,C1,mean,klt,ank_35_39,0.7761170491595816,49
ank130,C1,mean,klt,ank_35_7,1.0135563026595342,91
ank130,C1,mean,klt,ank_36_40,3.5952736276515678,42
ank130,C1,mean,klt,ank_38_19,3.5678548008429125,28
ank130,C1,mean,klt,ank_38_22,0.47679690380149076,161
ank130,C1,mean,klt,ank_38_24,1.207156560289054,61
ank130,C1,mean,klt,ank_38_27,1.446313931383158,78
ank130,C1,mean,klt,ank_38_40,1.788286307281025,48
ank130,C1,mean,klt,ank_38_9,0.7315873801713378,109
ank130,C1,mean,klt,ank_39_1,3.8752216775649106,43
ank130,C1,mean,klt,ank_3_13,2.2896955958354464,53
ank130,C1,mean,klt,ank_3_25,3.700973693942982,45
ank130,C1,mean,klt,ank_3_29,3.4467622182450173,29
ank130,C1,mean,klt,ank_3_34,0.8378915483917773,95
ank130,C1,mean,klt,ank_3_39,2.206963167203168,45
ank130,C1,mean,klt,ank_3_9,1.3690595429652737,70
ank130,C1,mean,klt,ank_40_19,0.5971668066062598,119
ank130,C1,mean,klt,ank_40_2,2.8736186179056005,44
ank130,C1,mean,klt,ank_40_40,4.085779998746618,28
ank130,C1,mean,klt,ank_41_0,2.50453069438513,58
ank130,C1,mean,klt,ank_41_1,3.608368775175028,44
ank130,C1,mean,klt,ank_41_19,3.1847337923862575,32
ank130,C1,mean,klt,ank_41_40,3.443233996941191,25
ank130,C1,mean,klt,ank_4_23,2.527866470229885,41
ank130,C1,mean,klt,ank_4_41,1.4178745357074716,46
ank130,C1,mean,klt,ank_5_12,0.8296644896455413,123
ank130,C1,mean,klt,ank_5_40,3.96328464991804,24
ank130,C1,mean,klt,ank_5_5,1.5441590165475876,76
ank130,C1,mean,klt,ank_6_10,2.3453982913098246,76
ank130,C1,mean,klt,ank_6_38,2.9689795718643754,16
ank130,C1,mean,klt,ank_7_36,3.874692043015207,22
ank130,C1,mean,klt,ank_7_8,2.2748621918261906,75
ank130,C1,mean,klt,ank_8_19,3.345300162505411,37
ank130,C1,mean,klt,ank_8_22,1.5831561619528163,63
ank130,C1,mean,klt,ank_8_31,1.578707809575651,52
ank130,C1,mean,klt,ank_8_41,0.5996987531585074,126
ank130,C1,mean,klt,ank_9_1,1.974941049801791,59
ank130,C1,mean,klt,ank_9_24,1.4275881746019647,57
ank130,C1,mean,klt,ank_9_25,0.9771696977651274,69
ank130,C2,bt601,klt,ank_0_10,1.1370773523625421,63
ank130,C2,bt601,klt,ank_0_16,0.4364113334649657,128
ank130,C2,bt601,klt,ank_0_30,3.551439294826993,26
ank130,C2,bt601,klt,ank_0_41,0.8426831669124335,80
ank130,C2,bt601,klt,ank_10_1,0.4548552924970065,138
ank130,C2,bt601,klt,ank_11_14,0.746466727757244,106
ank130,C2,bt601,klt,ank_12_21,3.602660497467584,41
ank130,C2,bt601,klt,ank_12_28,4.679913239713164,23
ank130,C2,bt601,klt,ank_12_35,0.4227703602107183,257
ank130,C2,bt601,klt,ank_13_12,0.6464632610148735,115
ank130,C2,bt601,klt,ank_13_17,0.6558358372470029,54
ank130,C2,bt601,klt,ank_13_21,2.266939033194658,65
ank130,C2,bt601,klt,ank_13_29,0.674825630632775,43
ank130,C2,bt601,klt,ank_13_34,2.2741924179801165,37
ank130,C2,bt601,klt,ank_13_6,0.5348068553203765,161
ank130,C2,bt601,klt,ank_14_33,0.7546557060800352,74
ank130,C2,bt601,klt,ank_14_9,0.7524300677372474,109
ank130,C2,bt601,klt,ank_15_22,1.2235539322792177,63
ank130,C2,bt601,klt,ank_15_41,1.626503315542621,49
ank130,C2,bt601,klt,ank_15_6,0.4123633101935143,157
ank130,C2,bt601,klt,ank_16_36,3.4201639263755363,15
ank130,C2,bt601,klt,ank_16_9,0.6649482816330626,97
ank130,C2,bt601,klt,ank_17_17,2.5062756264167456,49
ank130,C2,bt601,klt,ank_17_19,1.4746487531171675,64
ank130,C2,bt601,klt,ank_17_22,1.3492316048409114,55
ank130,C2,bt601,klt,ank_17_31,0.5207612622736107,166
ank130,C2,bt601,klt,ank_17_32,0.8786239443056414,48
ank130,C2,bt601,klt,ank_18_16,1.431180281248221,83
ank130,C2,bt601,klt,ank_18_27,2.271953462315855,38
ank130,C2,bt601,klt,ank_18_29,0.653454221850077,91
ank130,C2,bt601,klt,ank_18_37,0.802676455167199,81
ank130,C2,bt601,klt,ank_18_39,0.401005434156808,87
ank130,C2,bt601,klt,ank_18_7,0.5829560921306596,119
ank130,C2,bt601,klt,ank_19_15,0.8811781989851086,94
ank130,C2,bt601,klt,ank_19_33,2.4381766322854626,21
ank130,C2,bt601,klt,ank_19_6,2.192745448078681,86
ank130,C2,bt601,klt,ank_19_9,1.1963740544842403,78
ank130,C2,bt601,klt,ank_1_34,1.035787717853968,73
ank130,C2,bt601,klt,ank_20_10,0.37966390640487496,170
ank130,C2,bt601,klt,ank_20_19,3.2011888471782237,52
ank130,C2,bt601,klt,ank_20_37,0.46889810321639114,210
ank130,C2,bt601,klt,ank_20_6,1.2849554325072339,90
ank130,C2,bt601,klt,ank_22_10,0.5418104346506982,160
ank130,C2,bt601,klt,ank_22_16,1.0942332233654575,41
ank130,C2,bt601,klt,ank_22_37,0.7550182725335721,79
ank130,C2,bt601,klt,ank_23_14,1.0185696673413802,59
ank130,C2,bt601,klt,ank_23_28,0.507386415718547,170
ank130,C2,bt601,klt,ank_24_0,0.9751758948354821,100
ank130,C2,bt601,klt,ank_24_12,1.8046997624747143,63
ank130,C2,bt601,klt,ank_24_14,0.41643478783575044,122
ank130,C2,bt601,klt,ank_24_3,2.8451755297545156,30
ank130,C2,bt601,klt,ank_25_1,0.7454302413701298,153
ank130,C2,bt601,klt,ank_25_14,0.812476698455789,50
ank130,C2,bt601,klt,ank_25_16,0.8972909453396055,53
ank130,C2,bt601,klt,ank_25_37,0.8994189637481944,90
ank130,C2,bt601,klt,ank_26_21,1.193564388017609,52
ank130,C2,bt601,klt,ank_26_22,0.8528276714873985,63
ank130,C2,bt601,klt,ank_26_29,0.5278482466155445,422
ank130,C2,bt601,klt,ank_26_3,0.7972495973282523,123
ank130,C2,bt601,klt,ank_26_35,2.546199495340883,36
ank130,C2,bt601,klt,ank_26_5,0.49182262638349855,150
ank130,C2,bt601,klt,ank_27_14,3.7829979542313317,43
ank130,C2,bt601,klt,ank_27_40,1.3800077121837953,51
ank130,C2,bt601,klt,ank_28_27,1.3921626488216383,86
ank130,C2,bt601,klt,ank_28_37,0.5200790753680946,240
ank130,C2,bt601,klt,ank_28_38,1.5260254075526305,40
ank130,C2,bt601,klt,ank_28_9,2.0086396887796103,51
ank130,C2,bt601,klt,ank_29_0,0.7070978458822166,121
ank130,C2,bt601,klt,ank_29_11,2.8589180280541404,46
ank130,C2,bt601,klt,ank_29_21,1.549246160772026,55
ank130,C2,bt601,klt,ank_29_24,0.5364446890762761,187
ank130,C2,bt601,klt,ank_29_26,0.5127809640350645,95
ank130,C2,bt601,klt,ank_2_12,0.9520331923377834,104
ank130,C2,bt601,klt,ank_2_23,0.6668848037840761,87
ank130,C2,bt601,klt,ank_30_30,0.5453148338946642,236
ank130,C2,bt601,klt,ank_30_7,0.6146953443945038,130
ank130,C2,bt601,klt,ank_31_32,0.48888085925183167,276
ank130,C2,bt601,klt,ank_31_7,0.3966808508202336,191
ank130,C2,bt601,klt,ank_32_12,2.1638403891262246,69
ank130,C2,bt601,klt,ank_32_21,0.7642778210107566,135
ank130,C2,bt601,klt,ank_32_37,0.5342387067008073,365
ank130,C2,bt601,klt,ank_33_25,0.49437784523799644,298
ank130,C2,bt601,klt,ank_33_3,0.4987728460518935,209
ank130,C2,bt601,klt,ank_33_34,0.4791417090567634,465
ank130,C2,bt601,klt,ank_33_36,0.5208053200394164,231
ank130,C2,bt601,klt,ank_34_11,0.48231527469963137,191
ank130,C2,bt601,klt,ank_34_15,0.6252684204101588,111
ank130,C2,bt601,klt,ank_34_21,0.6459522754569427,115
ank130,C2,bt601,klt,ank_34_30,0.5694920652271807,347
ank130,C2,bt601,klt,ank_35_11,0.4901552537501102,227
ank130,C2,bt601,klt,ank_35_28,0.4705982220996393,458
ank130,C2,bt601,klt,ank_35_39,1.0619656648383147,95
ank130,C2,bt601,klt,ank_35_7,0.5625616104164963,127
ank130,C2,bt601,klt,ank_36_40,3.037135478314073,31
ank130,C2,bt601,klt,ank_38_19,3.3884912969552237,33
ank130,C2,bt601,klt,ank_38_22,0.5153967348763895,246
ank130,C2,bt601,klt,ank_38_24,0.7668064532685277,78
ank130,C2,bt601,klt,ank_38_27,0.8161948279340832,83
ank130,C2,bt601,klt,ank_38_40,1.8457393653402954,64
ank130,C2,bt601,klt,ank_38_9,0.493739794053909,167
ank130,C2,bt601,klt,ank_39_1,2.4230598403940173,47
ank130,C2,bt601,klt,ank_3_13,0.7720203101168389,87
ank130,C2,bt601,klt,ank_3_25,1.9345453057877244,57
ank130,C2,bt601,klt,ank_3_29,3.3593883713655375,21
ank130,C2,bt601,klt,ank_3_34,0.5077424421926239,121
ank130,C2,bt601,klt,ank_3_39,1.262483706935836,41
ank130,C2,bt601,klt,ank_3_9,0.9010076658882041,97
ank130,C2,bt601,klt,ank_40_19,0.39354764775493833,120
ank130,C2,bt601,klt,ank_40_2,1.901838390339271,52
ank130,C2,bt601,klt,ank_40_40,1.7118413306991305,34
ank130,C2,bt601,klt,ank_41_0,1.6131215654841682,76
ank130,C2,bt601,klt,ank_41_1,1.71994645024385,56
ank130,C2,bt601,klt,ank_41_19,2.7724530170945187,37
ank130,C2,bt601,klt,ank_41_40,3.1275476053774263,18
ank130,C2,bt601,klt,ank_4_23,1.3337373123349678,42
ank130,C2,bt601,klt,ank_4_41,0.8711943502825072,50
ank130,C2,bt601,klt,ank_5_12,0.38948408574954835,226
ank130,C2,bt601,klt,ank_5_40,4.060556454752366,20
ank130,C2,bt601,klt,ank_5_5,0.4581345241611224,137
ank130,C2,bt601,klt,ank_6_10,0.8653505591877406,115
ank130,C2,bt601,klt,ank_6_38,1.9208713368479344,17
ank130,C2,bt601,klt,ank_7_36,3.9904302652936425,23
ank130,C2,bt601,klt,ank_7_8,0.9065261705838017,106
ank130,C2,bt601,klt,ank_8_19,2.4686451810844523,36
ank130,C2,bt601,klt,ank_8_22,0.6724439909125839,84
ank130,C2,bt601,klt,ank_8_31,1.607071394124782,67
ank130,C2,bt601,klt,ank_8_41,0.5045871501247381,115
ank130,C2,bt601,klt,ank_9_1,1.1208277537711653,78
ank130,C2,bt601,klt,ank_9_24,0.7264625274512784,70
ank130,C2,bt601,klt,ank_9_25,0.40775568075896595,66
ank130,C2,mean,klt,ank_0_10,1.3842448626090524,72
ank130,C2,mean,klt,ank_0_16,0.47225424261945986,146
ank130,C2,mean,klt,ank_0_30,3.556334407363382,32
ank130,C2,mean,klt,ank_0_41,0.7861869035497437,72
ank130,C2,mean,klt,ank_10_1,0.5962349450163813,158
ank130,C2,mean,klt,ank_11_14,0.8099474566525106,109
ank130,C2,mean,klt,ank_12_21,3.091165437914983,45
ank130,C2,mean,klt,ank_12_28,2.2003060901449967,18
ank130,C2,mean,klt,ank_12_35,0.35756337994739573,250
ank130,C2,mean,klt,ank_13_12,0.620590959785631,120
ank130,C2,mean,klt,ank_13_17,1.1297417499840452,58
ank130,C2,mean,klt,ank_13_21,2.4705344611919706,70
ank130,C2,mean,klt,ank_13_29,0.9187200299056029,60
ank130,C2,mean,klt,ank_13_34,2.6355936262472297,30
ank130,C2,mean,klt,ank_13_6,0.5334856975929638,173
ank130,C2,mean,klt,ank_14_33,0.6551881670385844,65
ank130,C2,mean,klt,ank_14_9,0.6852938243229709,103
ank130,C2,mean,klt,ank_15_22,1.1987586168102362,59
ank130,C2,mean,klt,ank_15_41,1.5799653404491252,49
ank130,C2,mean,klt,ank_15_6,0.4958682705992054,161
ank130,C2,mean,klt,ank_16_36,2.0246457398821205,17
ank130,C2,mean,klt,ank_16_9,0.7250017256163633,92
ank130,C2,mean,klt,ank_17_17,2.5224579486253598,48
ank130,C2,mean,klt,ank_17_19,2.076148781666729,82
ank130,C2,mean,klt,ank_17_22,1.5917115902991221,51
ank130,C2,mean,klt,ank_17_31,0.5395137246732045,176
ank130,C2,mean,klt,ank_17_32,0.8815113186128283,54
ank130,C2,mean,klt,ank_18_16,1.5889694692459742,66
ank130,C2,mean,klt,ank_18_27,2.261806281594408,44
ank130,C2,mean,klt,ank_18_29,0.6476724773913833,103
ank130,C2,mean,klt,ank_18_37,0.7302856382638734,76
ank130,C2,mean,klt,ank_18_39,0.3719822444582065,89
ank130,C2,mean,klt,ank_18_7,0.6147454367110524,117
ank130,C2,mean,klt,ank_19_15,0.7142430645338598,90
ank130,C2,mean,klt,ank_19_33,2.605456838755246,32
ank130,C2,mean,klt,ank_19_6,0.8500862168645851,53
ank130,C2,mean,klt,ank_19_9,1.0425067603460962,68
ank130,C2,mean,klt,ank_1_34,0.8881233087979881,69
ank130,C2,mean,klt,ank_20_10,0.35272556558898926,178
ank130,C2,mean,klt,ank_20_19,3.331628282198098,40
ank130,C2,mean,klt,ank_20_37,0.47059829139505643,215
ank130,C2,mean,klt,ank_20_6,1.758449076117559,76
ank130,C2,mean,klt,ank_22_10,0.5176756154605535,147
ank130,C2,mean,klt,ank_22_16,1.359781855949941,51
ank130,C2,mean,klt,ank_22_37,0.6268586275906511,80
ank130,C2,mean,klt,ank_23_14,1.274040400287937,77
ank130,C2,mean,klt,ank_23_28,0.5021847461591608,174
ank130,C2,mean,klt,ank_24_0,0.7748781846996169,99
ank130,C2,mean,klt,ank_24_12,1.5751283420640605,57
ank130,C2,mean,klt,ank_24_14,0.38308960484419796,120
ank130,C2,mean,klt,ank_24_3,2.7316452484769687,39
ank130,C2,mean,klt,ank_25_1,0.7886404027979788,166
ank130,C2,mean,klt,ank_25_14,0.8655329871359484,63
ank130,C2,mean,klt,ank_25_16,1.360914587560845,58
ank130,C2,mean,klt,ank_25_37,0.8404064172714072,93
ank130,C2,mean,klt,ank_26_21,0.9795663801995141,51
ank130,C2,mean,klt,ank_26_22,0.8376217009279652,64
ank130,C2,mean,klt,ank_26_29,0.5270687272238521,400
ank130,C2,mean,klt,ank_26_3,0.778971597097198,138
ank130,C2,mean,klt,ank_26_35,3.1828459383519414,37
ank130,C2,mean,klt,ank_26_5,0.5244536758198686,146
ank130,C2,mean,klt,ank_27_14,3.6588783094265556,41
ank130,C2,mean,klt,ank_27_40,1.6117277220078905,44
ank130,C2,mean,klt,ank_28_27,0.7788685637969655,63
ank130,C2,mean,klt,ank_28_37,0.5315197075970527,221
ank130,C2,mean,klt,ank_28_38,0.8502393470643632,52
ank130,C2,mean,klt,ank_28_9,2.5427339179017436,55
ank130,C2,mean,klt,ank_29_0,0.7042013548892213,103
ank130,C2,mean,klt,ank_29_11,2.8434554019145035,38
ank130,C2,mean,klt,ank_29_21,1.4759602300126076,56
ank130,C2,mean,klt,ank_29_24,0.5527763645055748,208
ank130,C2,mean,klt,ank_29_26,0.540489785794019,100
ank130,C2,mean,klt,ank_2_12,0.9320552281484664,102
ank130,C2,mean,klt,ank_2_23,0.7895637114315105,91
ank130,C2,mean,klt,ank_30_30,0.5514681895062432,223
ank130,C2,mean,klt,ank_30_7,0.6050040787747895,149
ank130,C2,mean,klt,ank_31_32,0.4819465897726557,304
ank130,C2,mean,klt,ank_31_7,0.4147967549031777,202
ank130,C2,mean,klt,ank_32_12,2.498770320896627,68
ank130,C2,mean,klt,ank_32_21,0.8124613661831954,131
ank130,C2,mean,klt,ank_32_37,0.5134599597587293,350
ank130,C2,mean,klt,ank_33_25,0.45775714549655655,293
ank130,C2,mean,klt,ank_33_3,0.4972484976877111,209
ank130,C2,mean,klt,ank_33_34,0.49134950053951987,473
ank130,C2,mean,klt,ank_33_36,0.47144301741873135,233
ank130,C2,mean,klt,ank_34_11,0.4738337080559609,185
ank130,C2,mean,klt,ank_34_15,0.6559677368377745,90
ank130,C2,mean,klt,ank_34_21,0.6523549709526626,99
ank130,C2,mean,klt,ank_34_30,0.5597878644252574,354
ank130,C2,mean,klt,ank_35_11,0.4431662719724403,190
ank130,C2,mean,klt,ank_35_28,0.49287962937886404,441
ank130,C2,mean,klt,ank_35_39,0.8134638751825554,100
ank130,C2,mean,klt,ank_35_7,0.5898527083002634,125
ank130,C2,mean,klt,ank_36_40,3.3577943158840204,46
ank130,C2,mean,klt,ank_38_19,2.3821093291458517,33
ank130,C2,mean,klt,ank_38_22,0.48121913624059603,224
ank130,C2,mean,klt,ank_38_24,0.7059985378223441,78
ank130,C2,mean,klt,ank_38_27,0.8563798646187806,80
ank130,C2,mean,klt,ank_38_40,1.4259926889802395,54
ank130,C2,mean,klt,ank_38_9,0.5694486811937829,166
ank130,C2,mean,klt,ank_39_1,2.2734397643375996,47
ank130,C2,mean,klt,ank_3_13,0.8047078506266048,75
ank130,C2,mean,klt,ank_3_25,1.9807886830933552,62
ank130,C2,mean,klt,ank_3_29,3.9443477432074077,19
ank130,C2,mean,klt,ank_3_34,0.5463739288427523,136
ank130,C2,mean,klt,ank_3_39,0.7667349125639052,35
ank130,C2,mean,klt,ank_3_9,0.9114683965899739,107
ank130,C2,mean,klt,ank_40_19,0.4132689399680794,135
ank130,C2,mean,klt,ank_40_2,2.106848414557502,51
ank130,C2,mean,klt,ank_40_40,3.1372771142885942,43
ank130,C2,mean,klt,ank_41_0,1.3603071918969163,69
ank130,C2,mean,klt,ank_41_1,1.829146613251789,47
ank130,C2,mean,klt,ank_41_19,2.5413806613213685,46
ank130,C2,mean,klt,ank_41_40,3.1945882992456456,18
ank130,C2,mean,klt,ank_4_23,1.2072791265089973,50
ank130,C2,mean,klt,ank_4_41,0.6598657667601644,47
ank130,C2,mean,klt,ank_5_12,0.36965634044830736,221
ank130,C2,mean,klt,ank_5_40,3.994794100755956,12
ank130,C2,mean,klt,ank_5_5,0.4377726717125335,159
ank130,C2,mean,klt,ank_6_10,1.0454890687012812,109
ank130,C2,mean,klt,ank_6_38,2.439975602355679,21
ank130,C2,mean,klt,ank_7_36,4.1165480736914315,22
ank130,C2,mean,klt,ank_7_8,0.8160898892174806,107
ank130,C2,mean,klt,ank_8_19,2.763296540952869,45
ank130,C2,mean,klt,ank_8_22,0.8010939232141365,84
ank130,C2,mean,klt,ank_8_31,1.65322757136923,64
ank130,C2,mean,klt,ank_8_41,0.44411233207584166,108
ank130,C2,mean,klt,ank_9_1,0.8257071885844157,78
ank130,C2,mean,klt,ank_9_24,0.6908546277402536,83
ank130,C2,mean,klt,ank_9_25,0.522293281505405,72
ank30_prod,pretrained,bt601,klt,ank_24_3,2.956376751053796,41
ank30_prod,pretrained,bt601,klt,ank_27_14,3.193648467394026,52
ank30_prod,pretrained,bt601,klt,ank_0_30,3.614482133385568,23
ank30_prod,pretrained,bt601,klt,ank_13_34,2.5670077658254367,35
ank30_prod,pretrained,bt601,klt,ank_9_25,3.067642000145887,42
ank30_prod,pretrained,bt601,klt,ank_7_36,4.313601469686581,13
ank30_prod,pretrained,bt601,klt,ank_25_16,3.3404799826020932,62
ank30_prod,pretrained,bt601,klt,ank_7_8,2.8219457995562607,68
ank30_prod,pretrained,bt601,klt,ank_22_16,2.822982007191971,48
ank30_prod,pretrained,bt601,klt,ank_3_13,3.611507753737462,50
ank30_prod,pretrained,bt601,klt,ank_8_31,1.874370546919872,41
ank30_prod,pretrained,bt601,klt,ank_4_41,3.1037175110039072,28
ank30_prod,pretrained,bt601,klt,ank_6_10,3.0844645372425212,65
ank30_prod,pretrained,bt601,klt,ank_2_12,2.881525511788939,48
ank30_prod,pretrained,bt601,klt,ank_9_1,2.5886826296337517,42
ank30_prod,pretrained,bt601,klt,ank_17_22,2.294907472826135,54
ank30_prod,pretrained,bt601,klt,ank_29_21,3.5230620898501295,45
ank30_prod,pretrained,bt601,klt,ank_20_6,2.6388056481106728,68
ank30_prod,pretrained,bt601,klt,ank_5_5,1.559664716907923,76
ank30_prod,pretrained,bt601,klt,ank_26_3,3.094426170874655,58
ank30_prod,pretrained,bt601,klt,ank_22_37,2.205860993281399,43
ank30_prod,pretrained,bt601,klt,ank_13_6,2.9359248572291947,75
ank30_prod,pretrained,bt601,klt,ank_18_7,2.4897430583507467,55
ank30_prod,pretrained,bt601,klt,ank_5_12,2.8933181687805325,63
ank30_prod,pretrained,bt601,klt,ank_35_11,2.3933758813976964,89
ank30_prod,pretrained,bt601,klt,ank_34_11,2.431512382113692,65
ank30_prod,pretrained,bt601,klt,ank_26_5,2.3411453196070537,58
ank30_prod,pretrained,bt601,klt,ank_38_22,0.9290275351439836,85
ank30_prod,pretrained,bt601,klt,ank_33_34,1.098488063898278,172
ank30_prod,pretrained,bt601,klt,ank_33_3,2.1850998794451595,69
ank30_prod,pretrained,mean,klt,ank_24_3,2.313406592544086,38
ank30_prod,pretrained,mean,klt,ank_27_14,3.3235049958812133,54
ank30_prod,pretrained,mean,klt,ank_0_30,2.9257015689005756,30
ank30_prod,pretrained,mean,klt,ank_13_34,2.2871049832521377,35
ank30_prod,pretrained,mean,klt,ank_9_25,2.6154778290194116,48
ank30_prod,pretrained,mean,klt,ank_7_36,4.587914650978102,21
ank30_prod,pretrained,mean,klt,ank_25_16,3.397964609443755,53
ank30_prod,pretrained,mean,klt,ank_7_8,2.9313206289601954,68
ank30_prod,pretrained,mean,klt,ank_22_16,2.992775926983531,36
ank30_prod,pretrained,mean,klt,ank_3_13,2.967367132126121,50
ank30_prod,pretrained,mean,klt,ank_8_31,2.294811882181261,45
ank30_prod,pretrained,mean,klt,ank_4_41,2.524830754662494,32
ank30_prod,pretrained,mean,klt,ank_6_10,3.1250443343899894,72
ank30_prod,pretrained,mean,klt,ank_2_12,2.6515438179140056,68
ank30_prod,pretrained,mean,klt,ank_9_1,2.9090781428982635,42
ank30_prod,pretrained,mean,klt,ank_17_22,2.5375906367422196,57
ank30_prod,pretrained,mean,klt,ank_29_21,3.0686016209459845,38
ank30_prod,pretrained,mean,klt,ank_20_6,3.0579348361121133,60
ank30_prod,pretrained,mean,klt,ank_5_5,1.4350552098476839,83
ank30_prod,pretrained,mean,klt,ank_26_3,2.3654960189290573,47
ank30_prod,pretrained,mean,klt,ank_22_37,1.9638594546500776,35
ank30_prod,pretrained,mean,klt,ank_13_6,2.915474115310681,55
ank30_prod,pretrained,mean,klt,ank_18_7,1.9823256008666998,66
ank30_prod,pretrained,mean,klt,ank_5_12,3.070057487535797,50
ank30_prod,pretrained,mean,klt,ank_35_11,2.654276516409813,84
ank30_prod,pretrained,mean,klt,ank_34_11,2.241613794060635,70
ank30_prod,pretrained,mean,klt,ank_26_5,2.3288985222965963,52
ank30_prod,pretrained,mean,klt,ank_38_22,1.0945752635640194,87
ank30_prod,pretrained,mean,klt,ank_33_34,1.0067344957675257,146
ank30_prod,pretrained,mean,klt,ank_33_3,2.113349878919601,88
ank30_prod,C1,bt601,klt,ank_24_3,2.3866975728878366,51
ank30_prod,C1,bt601,klt,ank_27_14,3.731641912791506,55
ank30_prod,C1,bt601,klt,ank_0_30,3.1510353583624604,29
ank30_prod,C1,bt601,klt,ank_13_34,3.8872513682506113,33
ank30_prod,C1,bt601,klt,ank_9_25,1.0592570795383596,74
ank30_prod,C1,bt601,klt,ank_7_36,4.542422733699022,19
ank30_prod,C1,bt601,klt,ank_25_16,2.4369479481678136,64
ank30_prod,C1,bt601,klt,ank_7_8,3.804232774281177,56
ank30_prod,C1,bt601,klt,ank_22_16,2.2044673814815585,56
ank30_prod,C1,bt601,klt,ank_3_13,3.133475759816637,69
ank30_prod,C1,bt601,klt,ank_8_31,1.2075722404376066,42
ank30_prod,C1,bt601,klt,ank_4_41,0.9148249891795373,45
ank30_prod,C1,bt601,klt,ank_6_10,3.0009517951056877,71
ank30_prod,C1,bt601,klt,ank_2_12,2.759202991748999,58
ank30_prod,C1,bt601,klt,ank_9_1,3.236276434712475,73
ank30_prod,C1,bt601,klt,ank_17_22,2.7537482067491053,68
ank30_prod,C1,bt601,klt,ank_29_21,3.3168189022343593,49
ank30_prod,C1,bt601,klt,ank_20_6,2.3287424107024397,71
ank30_prod,C1,bt601,klt,ank_5_5,1.603357795087835,80
ank30_prod,C1,bt601,klt,ank_26_3,4.076434420745572,57
ank30_prod,C1,bt601,klt,ank_22_37,0.9750478969011724,62
ank30_prod,C1,bt601,klt,ank_13_6,3.416021866742659,63
ank30_prod,C1,bt601,klt,ank_18_7,1.182520375517715,76
ank30_prod,C1,bt601,klt,ank_5_12,2.611400957311342,70
ank30_prod,C1,bt601,klt,ank_35_11,2.170121825664561,72
ank30_prod,C1,bt601,klt,ank_34_11,2.0759007270886016,74
ank30_prod,C1,bt601,klt,ank_26_5,2.0527011058123197,80
ank30_prod,C1,bt601,klt,ank_38_22,0.5057348332520295,172
ank30_prod,C1,bt601,klt,ank_33_34,0.6097205164013496,311
ank30_prod,C1,bt601,klt,ank_33_3,1.877640774535857,110
ank30_prod,C1,mean,klt,ank_24_3,2.526037337825196,51
ank30_prod,C1,mean,klt,ank_27_14,3.330707339359246,55
ank30_prod,C1,mean,klt,ank_0_30,3.26091190528642,37
ank30_prod,C1,mean,klt,ank_13_34,4.098370574967389,30
ank30_prod,C1,mean,klt,ank_9_25,1.045869986049476,70
ank30_prod,C1,mean,klt,ank_7_36,4.19751052758783,18
ank30_prod,C1,mean,klt,ank_25_16,1.760184939509806,55
ank30_prod,C1,mean,klt,ank_7_8,3.839935335280275,44
ank30_prod,C1,mean,klt,ank_22_16,2.240586330146293,51
ank30_prod,C1,mean,klt,ank_3_13,2.528223820890558,55
ank30_prod,C1,mean,klt,ank_8_31,1.460373131685392,51
ank30_prod,C1,mean,klt,ank_4_41,0.8391329490292105,38
ank30_prod,C1,mean,klt,ank_6_10,2.933167614225848,58
ank30_prod,C1,mean,klt,ank_2_12,2.086067700009671,48
ank30_prod,C1,mean,klt,ank_9_1,3.556959895058111,55
ank30_prod,C1,mean,klt,ank_17_22,2.9152246069849386,65
ank30_prod,C1,mean,klt,ank_29_21,2.804176519878727,65
ank30_prod,C1,mean,klt,ank_20_6,2.804153229494346,73
ank30_prod,C1,mean,klt,ank_5_5,1.5163561037175306,80
ank30_prod,C1,mean,klt,ank_26_3,3.482089657003642,59
ank30_prod,C1,mean,klt,ank_22_37,1.1001528316863047,60
ank30_prod,C1,mean,klt,ank_13_6,3.3994983929073435,56
ank30_prod,C1,mean,klt,ank_18_7,1.4247157417822875,82
ank30_prod,C1,mean,klt,ank_5_12,2.3700268366176998,65
ank30_prod,C1,mean,klt,ank_35_11,2.190386791854224,70
ank30_prod,C1,mean,klt,ank_34_11,1.7384061499148586,77
ank30_prod,C1,mean,klt,ank_26_5,2.5635550601245605,75
ank30_prod,C1,mean,klt,ank_38_22,0.5425877818487559,176
ank30_prod,C1,mean,klt,ank_33_34,0.603171005896495,321
ank30_prod,C1,mean,klt,ank_33_3,1.291872644806392,107
ank30_prod,C2,bt601,klt,ank_24_3,2.8929516258647636,34
ank30_prod,C2,bt601,klt,ank_27_14,3.7815815980824694,52
ank30_prod,C2,bt601,klt,ank_0_30,3.0539829636905758,24
ank30_prod,C2,bt601,klt,ank_13_34,0.7734673476921898,27
ank30_prod,C2,bt601,klt,ank_9_25,0.4991471958174538,74
ank30_prod,C2,bt601,klt,ank_7_36,4.160935981454876,17
ank30_prod,C2,bt601,klt,ank_25_16,0.9915001819564471,57
ank30_prod,C2,bt601,klt,ank_7_8,2.501999550082781,65
ank30_prod,C2,bt601,klt,ank_22_16,1.2865623214388788,40
ank30_prod,C2,bt601,klt,ank_3_13,0.8735307819618923,85
ank30_prod,C2,bt601,klt,ank_8_31,1.85864878376572,80
ank30_prod,C2,bt601,klt,ank_4_41,0.8231238051031491,49
ank30_prod,C2,bt601,klt,ank_6_10,3.90444329187986,49
ank30_prod,C2,bt601,klt,ank_2_12,2.6366876708609155,67
ank30_prod,C2,bt601,klt,ank_9_1,2.4603031571712988,47
ank30_prod,C2,bt601,klt,ank_17_22,1.4111820745020716,53
ank30_prod,C2,bt601,klt,ank_29_21,1.401298929154208,45
ank30_prod,C2,bt601,klt,ank_20_6,1.3609957877694001,87
ank30_prod,C2,bt601,klt,ank_5_5,0.43179837418069267,120
ank30_prod,C2,bt601,klt,ank_26_3,3.4860592697135053,47
ank30_prod,C2,bt601,klt,ank_22_37,0.7174493764140838,83
ank30_prod,C2,bt601,klt,ank_13_6,3.064855438243185,51
ank30_prod,C2,bt601,klt,ank_18_7,0.6180659760962511,119
ank30_prod,C2,bt601,klt,ank_5_12,0.3209189756961207,65
ank30_prod,C2,bt601,klt,ank_35_11,1.5859116321023319,97
ank30_prod,C2,bt601,klt,ank_34_11,1.6442706060178756,68
ank30_prod,C2,bt601,klt,ank_26_5,1.2890168054464364,84
ank30_prod,C2,bt601,klt,ank_38_22,0.49841136170793643,242
ank30_prod,C2,bt601,klt,ank_33_34,0.4898231087260826,448
ank30_prod,C2,bt601,klt,ank_33_3,0.5912026167840205,156
ank30_prod,C2,mean,klt,ank_24_3,2.755790381507648,36
ank30_prod,C2,mean,klt,ank_27_14,3.53011103611962,46
ank30_prod,C2,mean,klt,ank_0_30,2.3980386157719424,24
ank30_prod,C2,mean,klt,ank_13_34,1.9798074017404579,36
ank30_prod,C2,mean,klt,ank_9_25,0.5019381917536175,78
ank30_prod,C2,mean,klt,ank_7_36,4.236081599888144,17
ank30_prod,C2,mean,klt,ank_25_16,1.6938754985423605,59
ank30_prod,C2,mean,klt,ank_7_8,2.641738310996,69
ank30_prod,C2,mean,klt,ank_22_16,1.5577146902514145,57
ank30_prod,C2,mean,klt,ank_3_13,0.5833654099198318,53
ank30_prod,C2,mean,klt,ank_8_31,1.8580545203793268,77
ank30_prod,C2,mean,klt,ank_4_41,0.7196748750194493,55
ank30_prod,C2,mean,klt,ank_6_10,2.6357962451167674,41
ank30_prod,C2,mean,klt,ank_2_12,3.0916748347871805,61
ank30_prod,C2,mean,klt,ank_9_1,3.319533280260998,45
ank30_prod,C2,mean,klt,ank_17_22,1.1023085531045198,51
ank30_prod,C2,mean,klt,ank_29_21,2.0597948762100935,48
ank30_prod,C2,mean,klt,ank_20_6,1.7645193610643382,95
ank30_prod,C2,mean,klt,ank_5_5,0.4866371010737577,117
ank30_prod,C2,mean,klt,ank_26_3,3.8989884982280483,47
ank30_prod,C2,mean,klt,ank_22_37,0.7062955075552204,81
ank30_prod,C2,mean,klt,ank_13_6,2.6875637805829076,69
ank30_prod,C2,mean,klt,ank_18_7,0.6075741977635085,107
ank30_prod,C2,mean,klt,ank_5_12,0.33505197933672815,75
ank30_prod,C2,mean,klt,ank_35_11,1.7027371345512956,94
ank30_prod,C2,mean,klt,ank_34_11,1.168200605116033,68
ank30_prod,C2,mean,klt,ank_26_5,1.277402032890273,89
ank30_prod,C2,mean,klt,ank_38_22,0.48802647546109423,225
ank30_prod,C2,mean,klt,ank_33_34,0.5050014962093454,452
ank30_prod,C2,mean,klt,ank_33_3,0.6112653500735729,157
ank30_prod,C3,bt601,klt,ank_24_3,3.8013516012924087,39
ank30_prod,C3,bt601,klt,ank_27_14,3.3471536643567354,45
ank30_prod,C3,bt601,klt,ank_0_30,2.9618446472339763,25
ank30_prod,C3,bt601,klt,ank_13_34,1.993700456481427,27
ank30_prod,C3,bt601,klt,ank_9_25,0.6439971621026086,66
ank30_prod,C3,bt601,klt,ank_7_36,1.8306218731852026,11
ank30_prod,C3,bt601,klt,ank_25_16,0.94670989235355,60
ank30_prod,C3,bt601,klt,ank_7_8,2.381416998008656,65
ank30_prod,C3,bt601,klt,ank_22_16,1.2868497863827044,34
ank30_prod,C3,bt601,klt,ank_3_13,1.2830040780829972,79
ank30_prod,C3,bt601,klt,ank_8_31,1.7213004903223166,50
ank30_prod,C3,bt601,klt,ank_4_41,0.9174732867620029,47
ank30_prod,C3,bt601,klt,ank_6_10,3.3857052408139547,53
ank30_prod,C3,bt601,klt,ank_2_12,2.2526189463130155,55
ank30_prod,C3,bt601,klt,ank_9_1,3.0800946120533137,38
ank30_prod,C3,bt601,klt,ank_17_22,1.5065503929553599,51
ank30_prod,C3,bt601,klt,ank_29_21,1.1280822798240324,40
ank30_prod,C3,bt601,klt,ank_20_6,1.767693970044139,79
ank30_prod,C3,bt601,klt,ank_5_5,0.42787294951805754,102
ank30_prod,C3,bt601,klt,ank_26_3,3.361848521886798,47
ank30_prod,C3,bt601,klt,ank_22_37,0.9646016307790968,77
ank30_prod,C3,bt601,klt,ank_13_6,2.901191606221434,61
ank30_prod,C3,bt601,klt,ank_18_7,0.6665890100396294,124
ank30_prod,C3,bt601,klt,ank_5_12,0.5155933237617608,89
ank30_prod,C3,bt601,klt,ank_35_11,1.5177511616490102,81
ank30_prod,C3,bt601,klt,ank_34_11,1.6163022105542741,71
ank30_prod,C3,bt601,klt,ank_26_5,1.0970002181932572,82
ank30_prod,C3,bt601,klt,ank_38_22,0.4892108671139843,227
ank30_prod,C3,bt601,klt,ank_33_34,0.5381128781449632,363
ank30_prod,C3,bt601,klt,ank_33_3,0.6117383047715922,150
ank30_prod,C3,mean,klt,ank_24_3,3.5686476823076774,36
ank30_prod,C3,mean,klt,ank_27_14,3.4453985141487506,39
ank30_prod,C3,mean,klt,ank_0_30,2.44084186396692,26
ank30_prod,C3,mean,klt,ank_13_34,2.171566547267733,23
ank30_prod,C3,mean,klt,ank_9_25,0.6170229992071629,63
ank30_prod,C3,mean,klt,ank_7_36,6.587216724858836,10
ank30_prod,C3,mean,klt,ank_25_16,0.8565813729192172,50
ank30_prod,C3,mean,klt,ank_7_8,2.283350351862634,64
ank30_prod,C3,mean,klt,ank_22_16,2.210511653050583,44
ank30_prod,C3,mean,klt,ank_3_13,0.6916291518833162,62
ank30_prod,C3,mean,klt,ank_8_31,1.5348383575252285,66
ank30_prod,C3,mean,klt,ank_4_41,0.7385866751750966,53
ank30_prod,C3,mean,klt,ank_6_10,3.1448826650911688,48
ank30_prod,C3,mean,klt,ank_2_12,2.2107706206105946,46
ank30_prod,C3,mean,klt,ank_9_1,2.176147386776201,32
ank30_prod,C3,mean,klt,ank_17_22,1.9414773372454828,63
ank30_prod,C3,mean,klt,ank_29_21,1.014721743298207,43
ank30_prod,C3,mean,klt,ank_20_6,1.3124671328877253,62
ank30_prod,C3,mean,klt,ank_5_5,0.42945027083378107,102
ank30_prod,C3,mean,klt,ank_26_3,2.875688319322407,44
ank30_prod,C3,mean,klt,ank_22_37,1.0146893406402653,60
ank30_prod,C3,mean,klt,ank_13_6,2.2173845084485433,55
ank30_prod,C3,mean,klt,ank_18_7,0.6238102987896311,119
ank30_prod,C3,mean,klt,ank_5_12,0.45937367422408143,87
ank30_prod,C3,mean,klt,ank_35_11,2.154277434685314,92
ank30_prod,C3,mean,klt,ank_34_11,1.2375210689096328,67
ank30_prod,C3,mean,klt,ank_26_5,1.4099097504432876,72
ank30_prod,C3,mean,klt,ank_38_22,0.47054873802701247,224
ank30_prod,C3,mean,klt,ank_33_34,0.534033827268051,389
ank30_prod,C3,mean,klt,ank_33_3,0.6976273269764202,137
ank30_ovp,pretrained,bt601,klt,ank_24_3,2.9522408647677256,58
ank30_ovp,pretrained,bt601,klt,ank_27_14,3.509360933908332,58
ank30_ovp,pretrained,bt601,klt,ank_0_30,3.446510781264823,31
ank30_ovp,pretrained,bt601,klt,ank_13_34,3.2562620719163533,35
ank30_ovp,pretrained,bt601,klt,ank_9_25,3.3237427075839596,32
ank30_ovp,pretrained,bt601,klt,ank_7_36,4.597532692556747,21
ank30_ovp,pretrained,bt601,klt,ank_25_16,2.8460395267469787,56
ank30_ovp,pretrained,bt601,klt,ank_7_8,2.1456461537022666,85
ank30_ovp,pretrained,bt601,klt,ank_22_16,2.3070941472158557,40
ank30_ovp,pretrained,bt601,klt,ank_3_13,3.6095369161650113,49
ank30_ovp,pretrained,bt601,klt,ank_8_31,2.246752872505089,37
ank30_ovp,pretrained,bt601,klt,ank_4_41,3.1070747621872563,27
ank30_ovp,pretrained,bt601,klt,ank_6_10,1.7978885541447323,108
ank30_ovp,pretrained,bt601,klt,ank_2_12,2.120974424881572,82
ank30_ovp,pretrained,bt601,klt,ank_9_1,2.588615090189876,49
ank30_ovp,pretrained,bt601,klt,ank_17_22,2.33848866452922,66
ank30_ovp,pretrained,bt601,klt,ank_29_21,2.8124233530616944,38
ank30_ovp,pretrained,bt601,klt,ank_20_6,2.044168678452097,56
ank30_ovp,pretrained,bt601,klt,ank_5_5,1.5240033414880754,75
ank30_ovp,pretrained,bt601,klt,ank_26_3,2.0269139075598375,77
ank30_ovp,pretrained,bt601,klt,ank_22_37,1.843907288183731,53
ank30_ovp,pretrained,bt601,klt,ank_13_6,1.7010246660136819,87
ank30_ovp,pretrained,bt601,klt,ank_18_7,2.1505678044138277,51
ank30_ovp,pretrained,bt601,klt,ank_5_12,1.450270305189065,89
ank30_ovp,pretrained,bt601,klt,ank_35_11,1.6170979176909812,114
ank30_ovp,pretrained,bt601,klt,ank_34_11,2.3800035503607253,100
ank30_ovp,pretrained,bt601,klt,ank_26_5,2.2588678348385414,72
ank30_ovp,pretrained,bt601,klt,ank_38_22,1.0135122404330992,91
ank30_ovp,pretrained,bt601,klt,ank_33_34,1.1901541201980832,153
ank30_ovp,pretrained,bt601,klt,ank_33_3,1.450491131915091,104
ank30_ovp,pretrained,mean,klt,ank_24_3,3.2285891559772883,54
ank30_ovp,pretrained,mean,klt,ank_27_14,3.2623604624362024,58
ank30_ovp,pretrained,mean,klt,ank_0_30,3.8097651425608374,34
ank30_ovp,pretrained,mean,klt,ank_13_34,3.3002759188782216,34
ank30_ovp,pretrained,mean,klt,ank_9_25,3.304443594828587,42
ank30_ovp,pretrained,mean,klt,ank_7_36,4.163065237832893,23
ank30_ovp,pretrained,mean,klt,ank_25_16,3.00759337513255,51
ank30_ovp,pretrained,mean,klt,ank_7_8,2.406498483305395,94
ank30_ovp,pretrained,mean,klt,ank_22_16,2.7916224710688056,54
ank30_ovp,pretrained,mean,klt,ank_3_13,2.9388417204142643,40
ank30_ovp,pretrained,mean,klt,ank_8_31,2.4418773791954376,40
ank30_ovp,pretrained,mean,klt,ank_4_41,4.2683479901028045,27
ank30_ovp,pretrained,mean,klt,ank_6_10,2.003134817656775,107
ank30_ovp,pretrained,mean,klt,ank_2_12,2.7264309351492018,97
ank30_ovp,pretrained,mean,klt,ank_9_1,2.2278266513294365,41
ank30_ovp,pretrained,mean,klt,ank_17_22,2.695185417011648,74
ank30_ovp,pretrained,mean,klt,ank_29_21,3.59143432051553,37
ank30_ovp,pretrained,mean,klt,ank_20_6,2.1488147150328594,58
ank30_ovp,pretrained,mean,klt,ank_5_5,1.2862087723819893,86
ank30_ovp,pretrained,mean,klt,ank_26_3,1.711650757779998,84
ank30_ovp,pretrained,mean,klt,ank_22_37,2.391092845915937,50
ank30_ovp,pretrained,mean,klt,ank_13_6,1.4509900288042257,84
ank30_ovp,pretrained,mean,klt,ank_18_7,2.789720788370696,56
ank30_ovp,pretrained,mean,klt,ank_5_12,1.5846044907064831,105
ank30_ovp,pretrained,mean,klt,ank_35_11,1.469370361579248,126
ank30_ovp,pretrained,mean,klt,ank_34_11,1.9607138688865622,90
ank30_ovp,pretrained,mean,klt,ank_26_5,1.9428463028608223,70
ank30_ovp,pretrained,mean,klt,ank_38_22,1.0738223292434361,85
ank30_ovp,pretrained,mean,klt,ank_33_34,0.9907174605303688,149
ank30_ovp,pretrained,mean,klt,ank_33_3,1.527702224641099,99
ank30_ovp,C1,bt601,klt,ank_24_3,2.620060219106615,52
ank30_ovp,C1,bt601,klt,ank_27_14,3.4261032600762764,52
ank30_ovp,C1,bt601,klt,ank_0_30,3.1637614337657083,28
ank30_ovp,C1,bt601,klt,ank_13_34,4.151098798160204,29
ank30_ovp,C1,bt601,klt,ank_9_25,0.8485399582892541,74
ank30_ovp,C1,bt601,klt,ank_7_36,4.347303375250989,15
ank30_ovp,C1,bt601,klt,ank_25_16,1.8720402716059956,59
ank30_ovp,C1,bt601,klt,ank_7_8,2.1928932120383635,85
ank30_ovp,C1,bt601,klt,ank_22_16,2.9145851379901906,47
ank30_ovp,C1,bt601,klt,ank_3_13,2.323568183240438,66
ank30_ovp,C1,bt601,klt,ank_8_31,1.8536469950034202,49
ank30_ovp,C1,bt601,klt,ank_4_41,1.571098270747318,40
ank30_ovp,C1,bt601,klt,ank_6_10,2.546271682640763,71
ank30_ovp,C1,bt601,klt,ank_2_12,1.520196047645399,76
ank30_ovp,C1,bt601,klt,ank_9_1,1.934372677575349,67
ank30_ovp,C1,bt601,klt,ank_17_22,3.2718174364959176,54
ank30_ovp,C1,bt601,klt,ank_29_21,2.4726669261292202,50
ank30_ovp,C1,bt601,klt,ank_20_6,3.2085368550497115,72
ank30_ovp,C1,bt601,klt,ank_5_5,1.4087592070379364,88
ank30_ovp,C1,bt601,klt,ank_26_3,1.4421159229776876,93
ank30_ovp,C1,bt601,klt,ank_22_37,1.3794883460054903,74
ank30_ovp,C1,bt601,klt,ank_13_6,1.2247006314082642,106
ank30_ovp,C1,bt601,klt,ank_18_7,1.4511518739422842,95
ank30_ovp,C1,bt601,klt,ank_5_12,0.9463097100058461,115
ank30_ovp,C1,bt601,klt,ank_35_11,1.1065936693627554,140
ank30_ovp,C1,bt601,klt,ank_34_11,1.1853322527414552,118
ank30_ovp,C1,bt601,klt,ank_26_5,0.9685610650043519,134
ank30_ovp,C1,bt601,klt,ank_38_22,0.5015995019811404,181
ank30_ovp,C1,bt601,klt,ank_33_34,0.5837316960483739,318
ank30_ovp,C1,bt601,klt,ank_33_3,1.1968519234883126,145
ank30_ovp,C1,mean,klt,ank_24_3,3.2234926124367855,53
ank30_ovp,C1,mean,klt,ank_27_14,2.82879498326872,51
ank30_ovp,C1,mean,klt,ank_0_30,3.015486365914491,28
ank30_ovp,C1,mean,klt,ank_13_34,4.772416796016463,35
ank30_ovp,C1,mean,klt,ank_9_25,0.6439806772404084,68
ank30_ovp,C1,mean,klt,ank_7_36,3.6192459187190598,13
ank30_ovp,C1,mean,klt,ank_25_16,2.5081187932806177,66
ank30_ovp,C1,mean,klt,ank_7_8,1.7374484882899894,79
ank30_ovp,C1,mean,klt,ank_22_16,2.8735988636269463,54
ank30_ovp,C1,mean,klt,ank_3_13,2.8109645755245882,62
ank30_ovp,C1,mean,klt,ank_8_31,1.7484634597930264,39
ank30_ovp,C1,mean,klt,ank_4_41,1.099017043473923,43
ank30_ovp,C1,mean,klt,ank_6_10,2.5364828494783134,71
ank30_ovp,C1,mean,klt,ank_2_12,1.7215600029738654,88
ank30_ovp,C1,mean,klt,ank_9_1,2.8406711204006676,72
ank30_ovp,C1,mean,klt,ank_17_22,3.1850628552927396,55
ank30_ovp,C1,mean,klt,ank_29_21,2.2973587305408367,40
ank30_ovp,C1,mean,klt,ank_20_6,3.3495074249310686,79
ank30_ovp,C1,mean,klt,ank_5_5,1.4486673379654316,113
ank30_ovp,C1,mean,klt,ank_26_3,1.8026419451842655,92
ank30_ovp,C1,mean,klt,ank_22_37,1.0057356728355693,65
ank30_ovp,C1,mean,klt,ank_13_6,1.1177322609193618,110
ank30_ovp,C1,mean,klt,ank_18_7,1.5539910432989457,90
ank30_ovp,C1,mean,klt,ank_5_12,0.765436325448498,111
ank30_ovp,C1,mean,klt,ank_35_11,1.0199680417659338,129
ank30_ovp,C1,mean,klt,ank_34_11,1.2429477836603753,112
ank30_ovp,C1,mean,klt,ank_26_5,1.0195558144297006,127
ank30_ovp,C1,mean,klt,ank_38_22,0.5257699468981438,177
ank30_ovp,C1,mean,klt,ank_33_34,0.5939223846807276,324
ank30_ovp,C1,mean,klt,ank_33_3,1.1127965172680776,151
ank30_ovp,C2,bt601,klt,ank_24_3,2.6902308334782044,34
ank30_ovp,C2,bt601,klt,ank_27_14,3.6009492777734824,30
ank30_ovp,C2,bt601,klt,ank_0_30,2.931129259353493,25
ank30_ovp,C2,bt601,klt,ank_13_34,1.7033021540907942,27
ank30_ovp,C2,bt601,klt,ank_9_25,0.40771991105216787,57
ank30_ovp,C2,bt601,klt,ank_7_36,3.132721988428745,12
ank30_ovp,C2,bt601,klt,ank_25_16,1.2729752257190567,75
ank30_ovp,C2,bt601,klt,ank_7_8,0.8637357271503897,121
ank30_ovp,C2,bt601,klt,ank_22_16,1.2047305072645251,49
ank30_ovp,C2,bt601,klt,ank_3_13,0.574226528492542,63
ank30_ovp,C2,bt601,klt,ank_8_31,1.650907244161793,60
ank30_ovp,C2,bt601,klt,ank_4_41,0.6420909115938707,48
ank30_ovp,C2,bt601,klt,ank_6_10,0.9332670919408687,112
ank30_ovp,C2,bt601,klt,ank_2_12,0.7095311115076318,90
ank30_ovp,C2,bt601,klt,ank_9_1,1.1064015372513951,87
ank30_ovp,C2,bt601,klt,ank_17_22,2.088943128478174,47
ank30_ovp,C2,bt601,klt,ank_29_21,1.6599306670657212,61
ank30_ovp,C2,bt601,klt,ank_20_6,1.410968052675545,107
ank30_ovp,C2,bt601,klt,ank_5_5,0.45330788285960466,150
ank30_ovp,C2,bt601,klt,ank_26_3,0.8109951194451903,120
ank30_ovp,C2,bt601,klt,ank_22_37,0.650714979302198,77
ank30_ovp,C2,bt601,klt,ank_13_6,0.5573014469049303,174
ank30_ovp,C2,bt601,klt,ank_18_7,0.708068306966804,134
ank30_ovp,C2,bt601,klt,ank_5_12,0.3401196809988071,204
ank30_ovp,C2,bt601,klt,ank_35_11,0.4731792097914677,205
ank30_ovp,C2,bt601,klt,ank_34_11,0.4984323244335849,179
ank30_ovp,C2,bt601,klt,ank_26_5,0.5751125893098763,160
ank30_ovp,C2,bt601,klt,ank_38_22,0.48335916766814,228
ank30_ovp,C2,bt601,klt,ank_33_34,0.4749478945353078,463
ank30_ovp,C2,bt601,klt,ank_33_3,0.49228112736282176,216
ank30_ovp,C2,mean,klt,ank_24_3,3.6039421927155493,30
ank30_ovp,C2,mean,klt,ank_27_14,3.2660609727268795,39
ank30_ovp,C2,mean,klt,ank_0_30,3.734935757328337,28
ank30_ovp,C2,mean,klt,ank_13_34,1.96427294946617,34
ank30_ovp,C2,mean,klt,ank_9_25,0.4737450034821105,71
ank30_ovp,C2,mean,klt,ank_7_36,3.5970481585179552,14
ank30_ovp,C2,mean,klt,ank_25_16,0.9429242338447371,67
ank30_ovp,C2,mean,klt,ank_7_8,0.7632310761936243,110
ank30_ovp,C2,mean,klt,ank_22_16,0.8588589914844531,48
ank30_ovp,C2,mean,klt,ank_3_13,0.7711060661342666,66
ank30_ovp,C2,mean,klt,ank_8_31,1.728277454172934,80
ank30_ovp,C2,mean,klt,ank_4_41,0.6910322809531004,50
ank30_ovp,C2,mean,klt,ank_6_10,0.8223332819875373,111
ank30_ovp,C2,mean,klt,ank_2_12,0.9620589690198129,96
ank30_ovp,C2,mean,klt,ank_9_1,1.0245022920716518,82
ank30_ovp,C2,mean,klt,ank_17_22,2.008346483685446,66
ank30_ovp,C2,mean,klt,ank_29_21,1.0210279079258857,41
ank30_ovp,C2,mean,klt,ank_20_6,1.5594405429093476,89
ank30_ovp,C2,mean,klt,ank_5_5,0.4228354948533203,140
ank30_ovp,C2,mean,klt,ank_26_3,0.9328846193456737,131
ank30_ovp,C2,mean,klt,ank_22_37,0.5843879168222512,75
ank30_ovp,C2,mean,klt,ank_13_6,0.5435358396006541,161
ank30_ovp,C2,mean,klt,ank_18_7,0.6220613090405765,121
ank30_ovp,C2,mean,klt,ank_5_12,0.35263846144019984,225
ank30_ovp,C2,mean,klt,ank_35_11,0.4231982835349182,195
ank30_ovp,C2,mean,klt,ank_34_11,0.4888900305916134,192
ank30_ovp,C2,mean,klt,ank_26_5,0.4966079996234806,141
ank30_ovp,C2,mean,klt,ank_38_22,0.4930877275977111,237
ank30_ovp,C2,mean,klt,ank_33_34,0.4916094821190531,485
ank30_ovp,C2,mean,klt,ank_33_3,0.4666767838942325,202
ank30_ovp,C3,bt601,klt,ank_24_3,4.174197320192932,45
ank30_ovp,C3,bt601,klt,ank_27_14,3.317157289488078,39
ank30_ovp,C3,bt601,klt,ank_0_30,1.7281329405517083,32
ank30_ovp,C3,bt601,klt,ank_13_34,2.21275743698959,31
ank30_ovp,C3,bt601,klt,ank_9_25,0.5371818180079971,55
ank30_ovp,C3,bt601,klt,ank_7_36,3.881240074213479,11
ank30_ovp,C3,bt601,klt,ank_25_16,0.9240997959365912,55
ank30_ovp,C3,bt601,klt,ank_7_8,0.9820824390984686,102
ank30_ovp,C3,bt601,klt,ank_22_16,1.5579048764787329,36
ank30_ovp,C3,bt601,klt,ank_3_13,0.6763189865153401,64
ank30_ovp,C3,bt601,klt,ank_8_31,1.7728688884011605,64
ank30_ovp,C3,bt601,klt,ank_4_41,1.043466422854604,62
ank30_ovp,C3,bt601,klt,ank_6_10,1.0906400062355641,118
ank30_ovp,C3,bt601,klt,ank_2_12,0.7548479630209779,86
ank30_ovp,C3,bt601,klt,ank_9_1,0.965050057575177,71
ank30_ovp,C3,bt601,klt,ank_17_22,1.2585294569063405,64
ank30_ovp,C3,bt601,klt,ank_29_21,1.2780243745381328,39
ank30_ovp,C3,bt601,klt,ank_20_6,1.269011737848495,84
ank30_ovp,C3,bt601,klt,ank_5_5,0.4109014844683349,112
ank30_ovp,C3,bt601,klt,ank_26_3,0.8574041097395826,97
ank30_ovp,C3,bt601,klt,ank_22_37,0.9511103355819779,77
ank30_ovp,C3,bt601,klt,ank_13_6,0.46854402834908526,154
ank30_ovp,C3,bt601,klt,ank_18_7,0.6861215246227205,124
ank30_ovp,C3,bt601,klt,ank_5_12,0.4069675928853691,214
ank30_ovp,C3,bt601,klt,ank_35_11,0.5119843687864686,183
ank30_ovp,C3,bt601,klt,ank_34_11,0.5421058167037289,165
ank30_ovp,C3,bt601,klt,ank_26_5,0.58070899419422,151
ank30_ovp,C3,bt601,klt,ank_38_22,0.4654742018252841,217
ank30_ovp,C3,bt601,klt,ank_33_34,0.5601482861450462,397
ank30_ovp,C3,bt601,klt,ank_33_3,0.5171492028046198,219
ank30_ovp,C3,mean,klt,ank_24_3,3.323166537122303,34
ank30_ovp,C3,mean,klt,ank_27_14,3.689081412938023,45
ank30_ovp,C3,mean,klt,ank_0_30,3.070850843101843,27
ank30_ovp,C3,mean,klt,ank_13_34,2.3166168779544076,28
ank30_ovp,C3,mean,klt,ank_9_25,0.6323854538731525,62
ank30_ovp,C3,mean,klt,ank_7_36,4.309529308952918,23
ank30_ovp,C3,mean,klt,ank_25_16,1.062734308260455,52
ank30_ovp,C3,mean,klt,ank_7_8,0.9055299779082258,94
ank30_ovp,C3,mean,klt,ank_22_16,1.914945864338409,55
ank30_ovp,C3,mean,klt,ank_3_13,0.9390098034928313,73
ank30_ovp,C3,mean,klt,ank_8_31,1.8501899671385638,65
ank30_ovp,C3,mean,klt,ank_4_41,0.9991858603934644,53
ank30_ovp,C3,mean,klt,ank_6_10,0.9457636161897128,115
ank30_ovp,C3,mean,klt,ank_2_12,0.6238899745195328,68
ank30_ovp,C3,mean,klt,ank_9_1,0.7838294783565607,60
ank30_ovp,C3,mean,klt,ank_17_22,1.6468187255064626,55
ank30_ovp,C3,mean,klt,ank_29_21,1.5684632306099247,43
ank30_ovp,C3,mean,klt,ank_20_6,1.1898415732870196,79
ank30_ovp,C3,mean,klt,ank_5_5,0.4144304956625294,147
ank30_ovp,C3,mean,klt,ank_26_3,0.966723663950031,110
ank30_ovp,C3,mean,klt,ank_22_37,0.8090019146099883,66
ank30_ovp,C3,mean,klt,ank_13_6,0.4888737342909036,161
ank30_ovp,C3,mean,klt,ank_18_7,0.6894108660123216,113
ank30_ovp,C3,mean,klt,ank_5_12,0.38740252991498236,206
ank30_ovp,C3,mean,klt,ank_35_11,0.5471099442560508,180
ank30_ovp,C3,mean,klt,ank_34_11,0.4975409573476539,179
ank30_ovp,C3,mean,klt,ank_26_5,0.6339204710944666,151
ank30_ovp,C3,mean,klt,ank_38_22,0.5067508931709375,219
ank30_ovp,C3,mean,klt,ank_33_34,0.544855504307385,409
ank30_ovp,C3,mean,klt,ank_33_3,0.5224527694726164,209
eu150,C1,bt601,klt,30SVJ_0796_00,3.1094920729192737,27
eu150,C1,bt601,klt,30SVJ_1711_00,3.100725758422478,21
eu150,C1,bt601,klt,30TVK_0841_00,4.0092961188273035,31
eu150,C1,bt601,klt,30TVK_1126_00,3.5066346374699977,38
eu150,C1,bt601,klt,30TVK_1386_00,3.838799134585612,27
eu150,C1,bt601,klt,30TVK_1390_00,2.4270090949277083,26
eu150,C1,bt601,klt,30TVK_1697_00,3.7688448330072117,31
eu150,C1,bt601,klt,30TVK_2512_00,3.8855635208962624,42
eu150,C1,bt601,klt,30TXP_0408_00,3.0859554366685757,59
eu150,C1,bt601,klt,30TXQ_0830_00,3.223669180182272,60
eu150,C1,bt601,klt,30TYQ_1071_00,3.6798713689827935,67
eu150,C1,bt601,klt,30UYC_0687_00,2.5417295225154266,69
eu150,C1,bt601,klt,31TGJ_0814_00,3.5368640038941574,69
eu150,C1,bt601,klt,31UDP_0247_00,2.374159867083076,35
eu150,C1,bt601,klt,32UPA_0047_00,3.046226249727485,82
eu150,C1,bt601,klt,33TWF_0539_00,3.4324685659978007,24
eu150,C1,bt601,klt,33TWF_1416_00,2.9351997647664803,57
eu150,C1,bt601,klt,34TCR_0112_00,3.652935957228851,43
eu150,C1,bt601,klt,34TCR_0361_00,3.36705756116142,51
eu150,C1,bt601,klt,34TCR_0769_00,3.389236228637209,30
eu150,C1,bt601,klt,34TCR_0850_00,3.4886497210584895,37
eu150,C1,bt601,klt,34TCR_1204_00,3.677934084388548,27
eu150,C1,bt601,klt,34TCS_0241_00,4.090384186107169,36
eu150,C1,bt601,klt,34TCT_0362_00,3.651621976059485,37
eu150,C1,bt601,klt,34TCT_0701_00,4.024746732741772,40
eu150,C1,bt601,klt,34TCT_0757_00,3.8059972088943734,25
eu150,C1,bt601,klt,34TCT_0997_00,3.174468867647565,47
eu150,C1,bt601,klt,34TCT_1595_00,3.883962526875151,56
eu150,C1,bt601,klt,34TCT_1710_00,2.9009961287001422,46
eu150,C1,bt601,klt,34TCT_2072_00,2.751795638343579,38
eu150,C1,bt601,klt,30TXP_0411_00,2.8524055395679,50
eu150,C1,bt601,klt,30TXP_0787_00,2.6521356185445555,70
eu150,C1,bt601,klt,30TXP_1048_00,2.7428914351809643,55
eu150,C1,bt601,klt,30TXQ_0896_00,3.2237968434058075,63
eu150,C1,bt601,klt,30UYD_0119_00,3.7079734792521237,39
eu150,C1,bt601,klt,31TCJ_0091_00,3.4393290930445817,40
eu150,C1,bt601,klt,31TCN_1803_00,2.6004323678270764,50
eu150,C1,bt601,klt,31TGJ_0550_00,2.472050680089965,60
eu150,C1,bt601,klt,31TGK_1163_00,3.177280682613422,45
eu150,C1,bt601,klt,31UCQ_1476_00,2.8233135375188443,53
eu150,C1,bt601,klt,31UDQ_0751_00,4.055559592070889,28
eu150,C1,bt601,klt,31UFQ_0574_00,3.0269647611780557,30
eu150,C1,bt601,klt,31UFQ_1482_00,4.833459292105666,25
eu150,C1,bt601,klt,32UPA_1861_00,2.802604512598474,73
eu150,C1,bt601,klt,32UPA_1883_00,3.6508140019702533,59
eu150,C1,bt601,klt,32UPA_1911_00,2.945356945763046,71
eu150,C1,bt601,klt,33TVN_1850_00,2.168974500199689,73
eu150,C1,bt601,klt,33UWT_0956_00,2.766042297120026,46
eu150,C1,bt601,klt,33UWT_2290_00,2.9195500944967945,41
eu150,C1,bt601,klt,33VXG_1377_00,3.2183650808091464,64
eu150,C1,bt601,klt,34TCR_0421_00,2.5128728340809365,78
eu150,C1,bt601,klt,34TCR_1120_00,2.690949183913797,48
eu150,C1,bt601,klt,34TCR_1129_00,2.6097015016077316,47
eu150,C1,bt601,klt,34TCR_1412_00,2.829008537442972,61
eu150,C1,bt601,klt,34TCT_0129_00,1.845674421833217,59
eu150,C1,bt601,klt,34TCT_0468_00,3.529163632304264,32
eu150,C1,bt601,klt,34TCT_0686_00,3.893077022983872,53
eu150,C1,bt601,klt,34TCT_1673_00,2.506212705353886,56
eu150,C1,bt601,klt,34TCT_1726_00,3.2360322090328557,38
eu150,C1,bt601,klt,34TCT_1903_00,3.1054879640779873,60
eu150,C1,bt601,klt,30TVK_2306_00,3.1395692269297233,35
eu150,C1,bt601,klt,30UYC_0245_00,2.198587394962134,44
eu150,C1,bt601,klt,30UYC_0725_00,2.187929477905831,48
eu150,C1,bt601,klt,30UYD_1432_00,2.8295870456406664,48
eu150,C1,bt601,klt,31TCJ_0672_00,2.3646917831691807,45
eu150,C1,bt601,klt,31TCJ_1375_00,3.714363603190674,40
eu150,C1,bt601,klt,31TCM_1060_00,2.4346243310512197,71
eu150,C1,bt601,klt,31TCM_2040_00,2.6734455022378705,47
eu150,C1,bt601,klt,31TCN_1555_00,2.119571150513898,64
eu150,C1,bt601,klt,31TGH_0153_00,2.968711123262552,62
eu150,C1,bt601,klt,31TGJ_0831_00,1.6904761324240112,57
eu150,C1,bt601,klt,31TGJ_1054_00,2.6227938451780766,73
eu150,C1,bt601,klt,31TGK_0015_00,2.923880845447714,37
eu150,C1,bt601,klt,31UCQ_0249_00,2.5090782126385998,58
eu150,C1,bt601,klt,31UFQ_0566_00,1.5911288773272443,48
eu150,C1,bt601,klt,32UMA_0976_00,1.9957446195556885,63
eu150,C1,bt601,klt,32UNE_1364_00,2.3183167760360135,62
eu150,C1,bt601,klt,32UPA_1036_00,1.785531970215025,74
eu150,C1,bt601,klt,32UPA_1085_00,2.0870993647709084,77
eu150,C1,bt601,klt,32UPB_1109_00,1.5929126982822215,72
eu150,C1,bt601,klt,33TWF_1157_00,1.1316262412936526,87
eu150,C1,bt601,klt,33TWF_1161_00,3.020958890327699,45
eu150,C1,bt601,klt,33UWT_0062_00,2.3464290586019962,65
eu150,C1,bt601,klt,33UWT_0167_00,1.9916786202270316,43
eu150,C1,bt601,klt,33UWT_0872_00,2.240374961343681,55
eu150,C1,bt601,klt,33UWT_1630_00,1.9102897123701892,41
eu150,C1,bt601,klt,34TCR_0072_00,2.9475684948413097,39
eu150,C1,bt601,klt,34TCR_0106_00,2.047300554961093,45
eu150,C1,bt601,klt,34TCT_1281_00,2.8991979535682795,45
eu150,C1,bt601,klt,34TCT_1573_00,2.804745798531067,52
eu150,C1,bt601,klt,30TVK_1026_00,3.1880459587449197,49
eu150,C1,bt601,klt,30TVK_1289_00,2.46101757326228,56
eu150,C1,bt601,klt,30TVK_2317_00,2.1160713515740484,45
eu150,C1,bt601,klt,30TXQ_0902_00,2.4326157511783255,71
eu150,C1,bt601,klt,30UYC_0100_00,1.2967891158159819,71
eu150,C1,bt601,klt,31TCJ_1340_00,2.1971019275588124,63
eu150,C1,bt601,klt,31TCJ_1353_00,1.7297609264553842,77
eu150,C1,bt601,klt,31TCM_0023_00,1.9495332919542938,70
eu150,C1,bt601,klt,31TCM_1192_00,1.9652046784478592,116
eu150,C1,bt601,klt,31TCM_1717_00,1.4630844299726384,57
eu150,C1,bt601,klt,31TGJ_0811_00,2.177667756269583,61
eu150,C1,bt601,klt,31UDQ_1914_00,1.962581071779519,52
eu150,C1,bt601,klt,31UFS_0030_00,1.722558681238603,44
eu150,C1,bt601,klt,31UFS_0938_00,1.4633254704778622,48
eu150,C1,bt601,klt,31UFS_2358_00,1.934385275292029,80
eu150,C1,bt601,klt,32UMC_0051_00,1.2105516955419693,61
eu150,C1,bt601,klt,32UMC_1241_00,1.76377152067184,42
eu150,C1,bt601,klt,32UMC_1688_00,1.318245697422983,86
eu150,C1,bt601,klt,32UMC_2029_00,1.8988746626346997,55
eu150,C1,bt601,klt,32UNE_1359_00,1.450191096441109,58
eu150,C1,bt601,klt,32UNE_2091_00,2.093458037863186,92
eu150,C1,bt601,klt,32UPA_2227_00,1.5403936658979869,91
eu150,C1,bt601,klt,33TWF_1076_00,2.3112842141822214,63
eu150,C1,bt601,klt,33UWT_2410_00,1.5249907714942235,54
eu150,C1,bt601,klt,34TCR_0339_00,3.122948442481076,38
eu150,C1,bt601,klt,34TCR_0343_00,2.8010923154305734,43
eu150,C1,bt601,klt,34TCR_1124_00,0.9625608993238395,148
eu150,C1,bt601,klt,34TCR_1162_00,1.6673528880512736,82
eu150,C1,bt601,klt,34TCR_1346_00,2.554318526019286,87
eu150,C1,bt601,klt,34TCT_1282_00,2.740692138558317,61
eu150,C1,bt601,klt,30TVK_1486_00,3.0301507358105115,88
eu150,C1,bt601,klt,30TVK_2377_00,1.5264038844940515,77
eu150,C1,bt601,klt,30TXQ_0911_00,1.1923521090849258,102
eu150,C1,bt601,klt,30TXQ_0934_00,1.551699733962225,125
eu150,C1,bt601,klt,30UYC_0046_00,0.7077160269789625,134
eu150,C1,bt601,klt,31TCJ_1037_00,1.3801764236068723,99
eu150,C1,bt601,klt,31TCM_0853_00,1.3535862222907866,78
eu150,C1,bt601,klt,31TCM_1094_00,1.224240268200916,81
eu150,C1,bt601,klt,31TCM_1743_00,1.2514519838182716,132
eu150,C1,bt601,klt,31TFH_0022_00,1.1357003035078002,128
eu150,C1,bt601,klt,31TFJ_1359_00,0.8886796466053366,154
eu150,C1,bt601,klt,31TGH_0053_00,0.8741512822835774,107
eu150,C1,bt601,klt,31TGJ_0274_00,1.4090008557599922,95
eu150,C1,bt601,klt,31TGJ_1156_00,0.8127050918498374,93
eu150,C1,bt601,klt,31TGJ_1189_00,1.1935359908744156,90
eu150,C1,bt601,klt,31UCQ_0211_00,1.3313272433792056,96
eu150,C1,bt601,klt,31UDQ_2521_00,0.8644379260429136,133
eu150,C1,bt601,klt,31UFS_1028_00,0.7630808743994305,249
eu150,C1,bt601,klt,31UFS_1127_00,1.7351104378443423,76
eu150,C1,bt601,klt,32ULA_0661_00,0.8117352936231103,181
eu150,C1,bt601,klt,32ULC_1573_00,1.0159579102726912,119
eu150,C1,bt601,klt,32UMC_0836_00,0.7695632069244988,153
eu150,C1,bt601,klt,32UNE_2132_00,0.8949853276842755,97
eu150,C1,bt601,klt,32UPA_1016_00,1.100383202363195,101
eu150,C1,bt601,klt,33TWE_1260_00,1.9193752669862703,90
eu150,C1,bt601,klt,33UWS_0309_00,1.6546289693657525,101
eu150,C1,bt601,klt,34TCR_0369_00,0.6928522935047629,83
eu150,C1,bt601,klt,34TCS_0235_00,1.0363014950980105,104
eu150,C1,bt601,klt,34TCT_0853_00,0.8511706350890388,140
eu150,C1,bt601,klt,34TCT_1134_00,0.6472137117577992,249
eu150,C1,mean,klt,30SVJ_0796_00,3.5687958332941543,26
eu150,C1,mean,klt,30SVJ_1711_00,3.7424740054405756,30
eu150,C1,mean,klt,30TVK_0841_00,4.258579535842765,36
eu150,C1,mean,klt,30TVK_1126_00,4.242873612411551,43
eu150,C1,mean,klt,30TVK_1386_00,3.762951837078859,36
eu150,C1,mean,klt,30TVK_1390_00,4.4339319039433125,24
eu150,C1,mean,klt,30TVK_1697_00,3.791582176611553,35
eu150,C1,mean,klt,30TVK_2512_00,3.2341452272794293,47
eu150,C1,mean,klt,30TXP_0408_00,3.054356042424984,50
eu150,C1,mean,klt,30TXQ_0830_00,3.632516084497616,57
eu150,C1,mean,klt,30TYQ_1071_00,3.779337449858771,65
eu150,C1,mean,klt,30UYC_0687_00,2.6628593221097225,53
eu150,C1,mean,klt,31TGJ_0814_00,3.8134530549894237,78
eu150,C1,mean,klt,31UDP_0247_00,2.8218102374604657,25
eu150,C1,mean,klt,32UPA_0047_00,3.1572200961665327,57
eu150,C1,mean,klt,33TWF_0539_00,3.2508528002173245,29
eu150,C1,mean,klt,33TWF_1416_00,3.474201579761642,46
eu150,C1,mean,klt,34TCR_0112_00,3.653210118373025,37
eu150,C1,mean,klt,34TCR_0361_00,3.290283357815251,44
eu150,C1,mean,klt,34TCR_0769_00,3.7030598259131,25
eu150,C1,mean,klt,34TCR_0850_00,2.303720632640664,30
eu150,C1,mean,klt,34TCR_1204_00,4.068377463593861,28
eu150,C1,mean,klt,34TCS_0241_00,3.585272054597432,36
eu150,C1,mean,klt,34TCT_0362_00,2.4848707389249145,31
eu150,C1,mean,klt,34TCT_0701_00,4.107993817623221,48
eu150,C1,mean,klt,34TCT_0757_00,3.9482691253182622,28
eu150,C1,mean,klt,34TCT_0997_00,3.702495509515523,38
eu150,C1,mean,klt,34TCT_1595_00,4.1820356576507045,49
eu150,C1,mean,klt,34TCT_1710_00,3.99973042732151,34
eu150,C1,mean,klt,34TCT_2072_00,3.2437134798596716,31
eu150,C1,mean,klt,30TXP_0411_00,3.567818926360312,62
eu150,C1,mean,klt,30TXP_0787_00,3.0554530515852276,62
eu150,C1,mean,klt,30TXP_1048_00,2.945968014715465,47
eu150,C1,mean,klt,30TXQ_0896_00,3.778640086721609,57
eu150,C1,mean,klt,30UYD_0119_00,3.9988442323280657,29
eu150,C1,mean,klt,31TCJ_0091_00,4.8334355751913485,41
eu150,C1,mean,klt,31TCN_1803_00,3.2542735362436344,41
eu150,C1,mean,klt,31TGJ_0550_00,3.5203468984571007,59
eu150,C1,mean,klt,31TGK_1163_00,2.9843283901402344,46
eu150,C1,mean,klt,31UCQ_1476_00,3.003849559980481,53
eu150,C1,mean,klt,31UDQ_0751_00,3.900856780867102,29
eu150,C1,mean,klt,31UFQ_0574_00,3.5923981421146527,32
eu150,C1,mean,klt,31UFQ_1482_00,4.812083630900847,26
eu150,C1,mean,klt,32UPA_1861_00,3.1449250828074122,65
eu150,C1,mean,klt,32UPA_1883_00,3.3684142350665898,51
eu150,C1,mean,klt,32UPA_1911_00,2.791102236589098,56
eu150,C1,mean,klt,33TVN_1850_00,2.5348622616558627,84
eu150,C1,mean,klt,33UWT_0956_00,3.368202943172741,52
eu150,C1,mean,klt,33UWT_2290_00,3.0598171056111507,47
eu150,C1,mean,klt,33VXG_1377_00,2.334204243074278,67
eu150,C1,mean,klt,34TCR_0421_00,2.318918080478826,78
eu150,C1,mean,klt,34TCR_1120_00,2.629030667161186,48
eu150,C1,mean,klt,34TCR_1129_00,2.711761591808787,72
eu150,C1,mean,klt,34TCR_1412_00,2.46472491140882,36
eu150,C1,mean,klt,34TCT_0129_00,2.7544425633482104,59
eu150,C1,mean,klt,34TCT_0468_00,3.755510903038016,32
eu150,C1,mean,klt,34TCT_0686_00,2.7446696012783334,39
eu150,C1,mean,klt,34TCT_1673_00,2.55396590367343,57
eu150,C1,mean,klt,34TCT_1726_00,2.9637856832508396,38
eu150,C1,mean,klt,34TCT_1903_00,3.05961867356243,47
eu150,C1,mean,klt,30TVK_2306_00,3.0156533393218607,30
eu150,C1,mean,klt,30UYC_0245_00,2.1607329360894103,47
eu150,C1,mean,klt,30UYC_0725_00,2.278950867822693,46
eu150,C1,mean,klt,30UYD_1432_00,2.3674817830288832,46
eu150,C1,mean,klt,31TCJ_0672_00,2.454832161318759,50
eu150,C1,mean,klt,31TCJ_1375_00,3.876426740870178,55
eu150,C1,mean,klt,31TCM_1060_00,2.555947895218909,88
eu150,C1,mean,klt,31TCM_2040_00,2.212299529126901,52
eu150,C1,mean,klt,31TCN_1555_00,2.3569757089805865,56
eu150,C1,mean,klt,31TGH_0153_00,2.320948117471022,68
eu150,C1,mean,klt,31TGJ_0831_00,1.915962148838554,83
eu150,C1,mean,klt,31TGJ_1054_00,2.5444224464158878,87
eu150,C1,mean,klt,31TGK_0015_00,2.7221062230167727,57
eu150,C1,mean,klt,31UCQ_0249_00,2.8354521127351693,66
eu150,C1,mean,klt,31UFQ_0566_00,1.896822164456687,49
eu150,C1,mean,klt,32UMA_0976_00,2.751829958320225,65
eu150,C1,mean,klt,32UNE_1364_00,2.3027274381959932,60
eu150,C1,mean,klt,32UPA_1036_00,1.8365373232648146,69
eu150,C1,mean,klt,32UPA_1085_00,2.334350458250691,73
eu150,C1,mean,klt,32UPB_1109_00,1.6066096860481827,71
eu150,C1,mean,klt,33TWF_1157_00,0.7713387008863094,70
eu150,C1,mean,klt,33TWF_1161_00,2.894220626450107,41
eu150,C1,mean,klt,33UWT_0062_00,1.9117392315247752,52
eu150,C1,mean,klt,33UWT_0167_00,2.497023639609629,48
eu150,C1,mean,klt,33UWT_0872_00,3.0574198940810766,51
eu150,C1,mean,klt,33UWT_1630_00,2.580513623389961,53
eu150,C1,mean,klt,34TCR_0072_00,2.6744592378580445,49
eu150,C1,mean,klt,34TCR_0106_00,2.0059250871539716,50
eu150,C1,mean,klt,34TCT_1281_00,2.578255694478563,46
eu150,C1,mean,klt,34TCT_1573_00,3.55366518556849,53
eu150,C1,mean,klt,30TVK_1026_00,3.3500288531081472,51
eu150,C1,mean,klt,30TVK_1289_00,2.6285181463313965,66
eu150,C1,mean,klt,30TVK_2317_00,2.316281281633274,50
eu150,C1,mean,klt,30TXQ_0902_00,2.242990150840352,92
eu150,C1,mean,klt,30UYC_0100_00,1.4854386134281552,63
eu150,C1,mean,klt,31TCJ_1340_00,2.4220646725337143,63
eu150,C1,mean,klt,31TCJ_1353_00,1.671096814599892,82
eu150,C1,mean,klt,31TCM_0023_00,3.120094929286659,58
eu150,C1,mean,klt,31TCM_1192_00,2.2826477392226097,99
eu150,C1,mean,klt,31TCM_1717_00,1.9108963846311395,51
eu150,C1,mean,klt,31TGJ_0811_00,1.9745584209396414,63
eu150,C1,mean,klt,31UDQ_1914_00,1.6506753480580796,39
eu150,C1,mean,klt,31UFS_0030_00,1.9495487927378967,46
eu150,C1,mean,klt,31UFS_0938_00,1.264304654615898,46
eu150,C1,mean,klt,31UFS_2358_00,1.8322170468775254,83
eu150,C1,mean,klt,32UMC_0051_00,1.7017474905887058,56
eu150,C1,mean,klt,32UMC_1241_00,1.4729024996137152,41
eu150,C1,mean,klt,32UMC_1688_00,0.9810773836055473,81
eu150,C1,mean,klt,32UMC_2029_00,1.6945116625732095,70
eu150,C1,mean,klt,32UNE_1359_00,1.4016256184241134,45
eu150,C1,mean,klt,32UNE_2091_00,1.4986735309937365,82
eu150,C1,mean,klt,32UPA_2227_00,1.6735219553307599,79
eu150,C1,mean,klt,33TWF_1076_00,1.6839069404232558,63
eu150,C1,mean,klt,33UWT_2410_00,1.7300616497532877,55
eu150,C1,mean,klt,34TCR_0339_00,2.5002193211444137,48
eu150,C1,mean,klt,34TCR_0343_00,2.5406834963117877,47
eu150,C1,mean,klt,34TCR_1124_00,0.7543888279267439,88
eu150,C1,mean,klt,34TCR_1162_00,1.4047301728363906,83
eu150,C1,mean,klt,34TCR_1346_00,2.643430269709381,72
eu150,C1,mean,klt,34TCT_1282_00,2.537204793401804,60
eu150,C1,mean,klt,30TVK_1486_00,3.2864832408349947,93
eu150,C1,mean,klt,30TVK_2377_00,1.3553117765464198,69
eu150,C1,mean,klt,30TXQ_0911_00,1.1586182613072773,110
eu150,C1,mean,klt,30TXQ_0934_00,1.33302778446665,129
eu150,C1,mean,klt,30UYC_0046_00,0.6414973411020964,127
eu150,C1,mean,klt,31TCJ_1037_00,1.2889065680829546,93
eu150,C1,mean,klt,31TCM_0853_00,1.306672831617997,100
eu150,C1,mean,klt,31TCM_1094_00,1.3424784337259685,81
eu150,C1,mean,klt,31TCM_1743_00,1.1319272047302418,116
eu150,C1,mean,klt,31TFH_0022_00,1.2497581570351841,114
eu150,C1,mean,klt,31TFJ_1359_00,0.8912473638217908,167
eu150,C1,mean,klt,31TGH_0053_00,1.0266393802164293,105
eu150,C1,mean,klt,31TGJ_0274_00,1.1858864148973765,105
eu150,C1,mean,klt,31TGJ_1156_00,0.8665640337533379,118
eu150,C1,mean,klt,31TGJ_1189_00,1.485548306153543,100
eu150,C1,mean,klt,31UCQ_0211_00,1.0600948738676315,116
eu150,C1,mean,klt,31UDQ_2521_00,0.8046179076299564,144
eu150,C1,mean,klt,31UFS_1028_00,0.7497830905778352,260
eu150,C1,mean,klt,31UFS_1127_00,1.3444792915829127,77
eu150,C1,mean,klt,32ULA_0661_00,0.7085966385449094,170
eu150,C1,mean,klt,32ULC_1573_00,0.990440485806145,114
eu150,C1,mean,klt,32UMC_0836_00,0.7406052618937125,153
eu150,C1,mean,klt,32UNE_2132_00,0.8427239366642082,95
eu150,C1,mean,klt,32UPA_1016_00,0.8822200043339545,94
eu150,C1,mean,klt,33TWE_1260_00,1.884817181039462,92
eu150,C1,mean,klt,33UWS_0309_00,1.5075804805969515,78
eu150,C1,mean,klt,34TCR_0369_00,0.7227127770637882,89
eu150,C1,mean,klt,34TCS_0235_00,1.0427248836945813,110
eu150,C1,mean,klt,34TCT_0853_00,0.7206062792378479,144
eu150,C1,mean,klt,34TCT_1134_00,0.5839396208950636,263
eu150,C2,bt601,klt,30SVJ_0796_00,3.5916389056745333,41
eu150,C2,bt601,klt,30SVJ_1711_00,3.289201262952514,31
eu150,C2,bt601,klt,30TVK_0841_00,3.4250591122065326,45
eu150,C2,bt601,klt,30TVK_1126_00,2.3000718570872385,40
eu150,C2,bt601,klt,30TVK_1386_00,3.4250718024272495,37
eu150,C2,bt601,klt,30TVK_1390_00,2.939615489257738,29
eu150,C2,bt601,klt,30TVK_1697_00,2.457747527586072,33
eu150,C2,bt601,klt,30TVK_2512_00,3.0739664350236695,48
eu150,C2,bt601,klt,30TXP_0408_00,2.530187287162149,74
eu150,C2,bt601,klt,30TXQ_0830_00,3.26582043837386,53
eu150,C2,bt601,klt,30TYQ_1071_00,2.889170290138892,57
eu150,C2,bt601,klt,30UYC_0687_00,2.677798869345816,43
eu150,C2,bt601,klt,31TGJ_0814_00,2.584656843773457,70
eu150,C2,bt601,klt,31UDP_0247_00,2.9467060791941018,52
eu150,C2,bt601,klt,32UPA_0047_00,1.7923087617586757,96
eu150,C2,bt601,klt,33TWF_0539_00,3.392222497272928,41
eu150,C2,bt601,klt,33TWF_1416_00,1.1381091156057137,59
eu150,C2,bt601,klt,34TCR_0112_00,2.4651599444554106,43
eu150,C2,bt601,klt,34TCR_0361_00,2.7083422700482984,61
eu150,C2,bt601,klt,34TCR_0769_00,2.1831889326810816,29
eu150,C2,bt601,klt,34TCR_0850_00,3.0092302950609255,42
eu150,C2,bt601,klt,34TCR_1204_00,2.7345793225796275,39
eu150,C2,bt601,klt,34TCS_0241_00,4.127465698182034,33
eu150,C2,bt601,klt,34TCT_0362_00,2.8480376058835675,46
eu150,C2,bt601,klt,34TCT_0701_00,3.0608145162079907,54
eu150,C2,bt601,klt,34TCT_0757_00,3.1662063153500104,41
eu150,C2,bt601,klt,34TCT_0997_00,3.8840243839513753,44
eu150,C2,bt601,klt,34TCT_1595_00,3.806328706990557,67
eu150,C2,bt601,klt,34TCT_1710_00,2.0306029117093716,64
eu150,C2,bt601,klt,34TCT_2072_00,1.9983362467813466,42
eu150,C2,bt601,klt,30TXP_0411_00,2.8497279199567456,91
eu150,C2,bt601,klt,30TXP_0787_00,1.9594763124832562,82
eu150,C2,bt601,klt,30TXP_1048_00,2.547903170978844,67
eu150,C2,bt601,klt,30TXQ_0896_00,1.6673151259230734,88
eu150,C2,bt601,klt,30UYD_0119_00,4.42316169019826,33
eu150,C2,bt601,klt,31TCJ_0091_00,2.698141991184497,35
eu150,C2,bt601,klt,31TCN_1803_00,2.620359580978407,63
eu150,C2,bt601,klt,31TGJ_0550_00,2.5745904883382695,95
eu150,C2,bt601,klt,31TGK_1163_00,1.9934875006942905,60
eu150,C2,bt601,klt,31UCQ_1476_00,2.393740951003026,66
eu150,C2,bt601,klt,31UDQ_0751_00,3.1367915301114673,58
eu150,C2,bt601,klt,31UFQ_0574_00,2.749551162751659,59
eu150,C2,bt601,klt,31UFQ_1482_00,3.138472229566667,28
eu150,C2,bt601,klt,32UPA_1861_00,1.8755875729516265,101
eu150,C2,bt601,klt,32UPA_1883_00,2.463703663255384,107
eu150,C2,bt601,klt,32UPA_1911_00,2.2985991928276337,77
eu150,C2,bt601,klt,33TVN_1850_00,1.3175726015612887,151
eu150,C2,bt601,klt,33UWT_0956_00,2.475949783719929,56
eu150,C2,bt601,klt,33UWT_2290_00,2.30494349538393,53
eu150,C2,bt601,klt,33VXG_1377_00,2.0574239893894415,95
eu150,C2,bt601,klt,34TCR_0421_00,2.863694383781988,71
eu150,C2,bt601,klt,34TCR_1120_00,2.680343639147306,52
eu150,C2,bt601,klt,34TCR_1129_00,2.6673946382700575,29
eu150,C2,bt601,klt,34TCR_1412_00,1.9150927022079252,64
eu150,C2,bt601,klt,34TCT_0129_00,2.146731155148541,62
eu150,C2,bt601,klt,34TCT_0468_00,3.883106092051147,36
eu150,C2,bt601,klt,34TCT_0686_00,2.7607231214496473,60
eu150,C2,bt601,klt,34TCT_1673_00,2.069606668685887,64
eu150,C2,bt601,klt,34TCT_1726_00,3.1261159607734452,56
eu150,C2,bt601,klt,34TCT_1903_00,3.3810712672742866,52
eu150,C2,bt601,klt,30TVK_2306_00,2.795744423194448,45
eu150,C2,bt601,klt,30UYC_0245_00,2.6974799270206886,55
eu150,C2,bt601,klt,30UYC_0725_00,2.324245786360334,51
eu150,C2,bt601,klt,30UYD_1432_00,2.875255623488418,51
eu150,C2,bt601,klt,31TCJ_0672_00,2.324742197680818,63
eu150,C2,bt601,klt,31TCJ_1375_00,2.3133119977608425,82
eu150,C2,bt601,klt,31TCM_1060_00,1.6484567633724136,126
eu150,C2,bt601,klt,31TCM_2040_00,2.0938546498273394,92
eu150,C2,bt601,klt,31TCN_1555_00,1.6175710585871812,82
eu150,C2,bt601,klt,31TGH_0153_00,1.51976894385673,135
eu150,C2,bt601,klt,31TGJ_0831_00,1.504983934314031,115
eu150,C2,bt601,klt,31TGJ_1054_00,1.1366984322762559,81
eu150,C2,bt601,klt,31TGK_0015_00,1.7110610394338421,51
eu150,C2,bt601,klt,31UCQ_0249_00,1.514277765148899,61
eu150,C2,bt601,klt,31UFQ_0566_00,1.0442502567078458,85
eu150,C2,bt601,klt,32UMA_0976_00,1.8098314173936312,79
eu150,C2,bt601,klt,32UNE_1364_00,2.1808554482367977,79
eu150,C2,bt601,klt,32UPA_1036_00,1.5014605067616706,140
eu150,C2,bt601,klt,32UPA_1085_00,1.398403402113986,113
eu150,C2,bt601,klt,32UPB_1109_00,1.029203727934273,109
eu150,C2,bt601,klt,33TWF_1157_00,0.6397757911215557,109
eu150,C2,bt601,klt,33TWF_1161_00,1.5069608331955,77
eu150,C2,bt601,klt,33UWT_0062_00,1.7041144527371144,61
eu150,C2,bt601,klt,33UWT_0167_00,1.7392816025341546,56
eu150,C2,bt601,klt,33UWT_0872_00,1.6676920370030444,72
eu150,C2,bt601,klt,33UWT_1630_00,1.3456510422131587,91
eu150,C2,bt601,klt,34TCR_0072_00,2.186103107354103,72
eu150,C2,bt601,klt,34TCR_0106_00,1.513684393784464,71
eu150,C2,bt601,klt,34TCT_1281_00,1.5989846254282876,66
eu150,C2,bt601,klt,34TCT_1573_00,1.937887745421357,58
eu150,C2,bt601,klt,30TVK_1026_00,2.4545497174126836,66
eu150,C2,bt601,klt,30TVK_1289_00,2.220217795874776,85
eu150,C2,bt601,klt,30TVK_2317_00,2.4869878657679,48
eu150,C2,bt601,klt,30TXQ_0902_00,1.6124384010723045,106
eu150,C2,bt601,klt,30UYC_0100_00,1.3009942213154617,90
eu150,C2,bt601,klt,31TCJ_1340_00,2.0035533316791745,95
eu150,C2,bt601,klt,31TCJ_1353_00,1.235380878668945,106
eu150,C2,bt601,klt,31TCM_0023_00,1.432525212489622,108
eu150,C2,bt601,klt,31TCM_1192_00,1.8382488885262624,165
eu150,C2,bt601,klt,31TCM_1717_00,2.6448403580478494,91
eu150,C2,bt601,klt,31TGJ_0811_00,1.0187012316522832,101
eu150,C2,bt601,klt,31UDQ_1914_00,0.9432514842508479,83
eu150,C2,bt601,klt,31UFS_0030_00,1.3632078459110581,56
eu150,C2,bt601,klt,31UFS_0938_00,1.6650721243232365,46
eu150,C2,bt601,klt,31UFS_2358_00,1.4869270323769732,97
eu150,C2,bt601,klt,32UMC_0051_00,1.320124468581666,77
eu150,C2,bt601,klt,32UMC_1241_00,2.4173073856274105,52
eu150,C2,bt601,klt,32UMC_1688_00,0.982545903657423,132
eu150,C2,bt601,klt,32UMC_2029_00,1.436397806339011,102
eu150,C2,bt601,klt,32UNE_1359_00,1.4859429174111882,102
eu150,C2,bt601,klt,32UNE_2091_00,1.5760766348694122,115
eu150,C2,bt601,klt,32UPA_2227_00,0.9391301650234871,110
eu150,C2,bt601,klt,33TWF_1076_00,1.0181093204568161,71
eu150,C2,bt601,klt,33UWT_2410_00,1.2844301568433372,64
eu150,C2,bt601,klt,34TCR_0339_00,1.1851133764486828,56
eu150,C2,bt601,klt,34TCR_0343_00,1.397355431774071,64
eu150,C2,bt601,klt,34TCR_1124_00,0.919607449994017,140
eu150,C2,bt601,klt,34TCR_1162_00,1.6225805340237784,89
eu150,C2,bt601,klt,34TCR_1346_00,2.243795011592081,74
eu150,C2,bt601,klt,34TCT_1282_00,1.698856749682773,102
eu150,C2,bt601,klt,30TVK_1486_00,2.1454904323021546,113
eu150,C2,bt601,klt,30TVK_2377_00,1.933927957122851,63
eu150,C2,bt601,klt,30TXQ_0911_00,1.029249753607595,202
eu150,C2,bt601,klt,30TXQ_0934_00,1.4009645860869946,181
eu150,C2,bt601,klt,30UYC_0046_00,0.7141452203869483,167
eu150,C2,bt601,klt,31TCJ_1037_00,0.9392706151050731,125
eu150,C2,bt601,klt,31TCM_0853_00,1.0356587299324582,141
eu150,C2,bt601,klt,31TCM_1094_00,0.944541417588684,133
eu150,C2,bt601,klt,31TCM_1743_00,1.1728749526843179,207
eu150,C2,bt601,klt,31TFH_0022_00,0.7328860686664197,171
eu150,C2,bt601,klt,31TFJ_1359_00,0.7493483777364731,206
eu150,C2,bt601,klt,31TGH_0053_00,0.8014929894197829,196
eu150,C2,bt601,klt,31TGJ_0274_00,0.9972348738173462,192
eu150,C2,bt601,klt,31TGJ_1156_00,0.7987014155084113,167
eu150,C2,bt601,klt,31TGJ_1189_00,1.1946720309220855,134
eu150,C2,bt601,klt,31UCQ_0211_00,1.1496213645440234,141
eu150,C2,bt601,klt,31UDQ_2521_00,0.8377373348402515,184
eu150,C2,bt601,klt,31UFS_1028_00,0.7095919060353327,236
eu150,C2,bt601,klt,31UFS_1127_00,0.8748901635454548,115
eu150,C2,bt601,klt,32ULA_0661_00,0.7863302193995032,210
eu150,C2,bt601,klt,32ULC_1573_00,0.8427956483553881,131
eu150,C2,bt601,klt,32UMC_0836_00,0.799894915199233,152
eu150,C2,bt601,klt,32UNE_2132_00,0.9506691687392639,104
eu150,C2,bt601,klt,32UPA_1016_00,1.0498664449884694,143
eu150,C2,bt601,klt,33TWE_1260_00,1.0436455483462248,128
eu150,C2,bt601,klt,33UWS_0309_00,1.2481193622155344,113
eu150,C2,bt601,klt,34TCR_0369_00,0.6861449137473964,118
eu150,C2,bt601,klt,34TCS_0235_00,1.2526821931570602,120
eu150,C2,bt601,klt,34TCT_0853_00,0.6370126887747336,164
eu150,C2,bt601,klt,34TCT_1134_00,0.5111010388537107,354
eu150,C2,mean,klt,30SVJ_0796_00,2.871359621071001,33
eu150,C2,mean,klt,30SVJ_1711_00,3.6110041165693567,31
eu150,C2,mean,klt,30TVK_0841_00,3.445622245094796,44
eu150,C2,mean,klt,30TVK_1126_00,2.7062299318662646,46
eu150,C2,mean,klt,30TVK_1386_00,3.129594274881539,36
eu150,C2,mean,klt,30TVK_1390_00,2.884892189891943,27
eu150,C2,mean,klt,30TVK_1697_00,2.9162481920990135,34
eu150,C2,mean,klt,30TVK_2512_00,3.0201558872178387,27
eu150,C2,mean,klt,30TXP_0408_00,2.8141401012950036,56
eu150,C2,mean,klt,30TXQ_0830_00,3.5610611335766422,51
eu150,C2,mean,klt,30TYQ_1071_00,2.129576957389348,47
eu150,C2,mean,klt,30UYC_0687_00,2.6796348604338798,49
eu150,C2,mean,klt,31TGJ_0814_00,3.2552693845214855,77
eu150,C2,mean,klt,31UDP_0247_00,2.3654205195480817,53
eu150,C2,mean,klt,32UPA_0047_00,2.33991325806164,113
eu150,C2,mean,klt,33TWF_0539_00,3.1321615770434783,31
eu150,C2,mean,klt,33TWF_1416_00,0.849292755471365,62
eu150,C2,mean,klt,34TCR_0112_00,2.705256108184458,43
eu150,C2,mean,klt,34TCR_0361_00,2.7489857886066384,67
eu150,C2,mean,klt,34TCR_0769_00,3.2732351160564224,33
eu150,C2,mean,klt,34TCR_0850_00,3.3822962130650236,51
eu150,C2,mean,klt,34TCR_1204_00,3.105222286421537,35
eu150,C2,mean,klt,34TCS_0241_00,3.5188812985641573,22
eu150,C2,mean,klt,34TCT_0362_00,3.1053751436116777,45
eu150,C2,mean,klt,34TCT_0701_00,3.0068234194130925,54
eu150,C2,mean,klt,34TCT_0757_00,3.396115189270367,31
eu150,C2,mean,klt,34TCT_0997_00,3.4044790467663764,39
eu150,C2,mean,klt,34TCT_1595_00,3.58593465294032,71
eu150,C2,mean,klt,34TCT_1710_00,1.8689896363560092,60
eu150,C2,mean,klt,34TCT_2072_00,2.403537576795888,47
eu150,C2,mean,klt,30TXP_0411_00,3.27300984344201,75
eu150,C2,mean,klt,30TXP_0787_00,2.2678047112638113,84
eu150,C2,mean,klt,30TXP_1048_00,3.0367050326353437,76
eu150,C2,mean,klt,30TXQ_0896_00,1.8877458136190592,91
eu150,C2,mean,klt,30UYD_0119_00,4.233581677200269,21
eu150,C2,mean,klt,31TCJ_0091_00,3.7141737785432456,43
eu150,C2,mean,klt,31TCN_1803_00,2.9149916310333674,67
eu150,C2,mean,klt,31TGJ_0550_00,2.404777641699151,81
eu150,C2,mean,klt,31TGK_1163_00,1.6785794670467051,63
eu150,C2,mean,klt,31UCQ_1476_00,2.4088509097075543,58
eu150,C2,mean,klt,31UDQ_0751_00,2.8013800481077293,46
eu150,C2,mean,klt,31UFQ_0574_00,2.49394843829697,36
eu150,C2,mean,klt,31UFQ_1482_00,3.550928800821472,30
eu150,C2,mean,klt,32UPA_1861_00,1.621194894911098,88
eu150,C2,mean,klt,32UPA_1883_00,2.618881590670283,80
eu150,C2,mean,klt,32UPA_1911_00,2.368505590983591,62
eu150,C2,mean,klt,33TVN_1850_00,0.9181071248807624,131
eu150,C2,mean,klt,33UWT_0956_00,1.9956461469889,54
eu150,C2,mean,klt,33UWT_2290_00,2.785249594649063,59
eu150,C2,mean,klt,33VXG_1377_00,2.369540561824668,95
eu150,C2,mean,klt,34TCR_0421_00,2.749419524406978,72
eu150,C2,mean,klt,34TCR_1120_00,1.868240372245626,37
eu150,C2,mean,klt,34TCR_1129_00,3.1911541901692906,56
eu150,C2,mean,klt,34TCR_1412_00,2.131951413686397,58
eu150,C2,mean,klt,34TCT_0129_00,1.3184783193638776,64
eu150,C2,mean,klt,34TCT_0468_00,3.3899726470036815,46
eu150,C2,mean,klt,34TCT_0686_00,2.552771315714028,71
eu150,C2,mean,klt,34TCT_1673_00,2.0214422278372384,76
eu150,C2,mean,klt,34TCT_1726_00,3.9776772961169127,36
eu150,C2,mean,klt,34TCT_1903_00,2.959907984222932,47
eu150,C2,mean,klt,30TVK_2306_00,2.9039675929115036,42
eu150,C2,mean,klt,30UYC_0245_00,2.6195072759063853,47
eu150,C2,mean,klt,30UYC_0725_00,2.753147094084708,63
eu150,C2,mean,klt,30UYD_1432_00,3.4675737272561764,46
eu150,C2,mean,klt,31TCJ_0672_00,2.5205160921648844,59
eu150,C2,mean,klt,31TCJ_1375_00,1.3368606484762435,84
eu150,C2,mean,klt,31TCM_1060_00,1.380927625866756,110
eu150,C2,mean,klt,31TCM_2040_00,2.130465954838183,82
eu150,C2,mean,klt,31TCN_1555_00,1.4013955153107327,82
eu150,C2,mean,klt,31TGH_0153_00,1.4298828298330166,127
eu150,C2,mean,klt,31TGJ_0831_00,1.8102940869253472,101
eu150,C2,mean,klt,31TGJ_1054_00,1.186594132323104,106
eu150,C2,mean,klt,31TGK_0015_00,2.1715639467495045,70
eu150,C2,mean,klt,31UCQ_0249_00,1.550563121019819,75
eu150,C2,mean,klt,31UFQ_0566_00,0.8991159100706555,71
eu150,C2,mean,klt,32UMA_0976_00,1.7213073683897628,69
eu150,C2,mean,klt,32UNE_1364_00,2.0359275064765576,83
eu150,C2,mean,klt,32UPA_1036_00,1.4323923094576059,129
eu150,C2,mean,klt,32UPA_1085_00,1.6674761098324904,112
eu150,C2,mean,klt,32UPB_1109_00,1.1961022856258208,111
eu150,C2,mean,klt,33TWF_1157_00,0.6559231079612796,112
eu150,C2,mean,klt,33TWF_1161_00,1.784915900163482,69
eu150,C2,mean,klt,33UWT_0062_00,1.6473976587519064,81
eu150,C2,mean,klt,33UWT_0167_00,1.7059016460014973,52
eu150,C2,mean,klt,33UWT_0872_00,1.8554384636043069,68
eu150,C2,mean,klt,33UWT_1630_00,1.3637286184068478,85
eu150,C2,mean,klt,34TCR_0072_00,2.3301367030485673,58
eu150,C2,mean,klt,34TCR_0106_00,1.1957812786954454,67
eu150,C2,mean,klt,34TCT_1281_00,2.369873363315426,58
eu150,C2,mean,klt,34TCT_1573_00,1.7658847750342774,59
eu150,C2,mean,klt,30TVK_1026_00,2.7618707249206866,57
eu150,C2,mean,klt,30TVK_1289_00,2.0349414267735817,98
eu150,C2,mean,klt,30TVK_2317_00,2.1816518630403796,61
eu150,C2,mean,klt,30TXQ_0902_00,1.4065281267651168,102
eu150,C2,mean,klt,30UYC_0100_00,1.3101945696378254,91
eu150,C2,mean,klt,31TCJ_1340_00,1.7271351705816,86
eu150,C2,mean,klt,31TCJ_1353_00,1.372500355417167,125
eu150,C2,mean,klt,31TCM_0023_00,1.5674595474469508,117
eu150,C2,mean,klt,31TCM_1192_00,1.7883718219454086,159
eu150,C2,mean,klt,31TCM_1717_00,2.2519114789269783,93
eu150,C2,mean,klt,31TGJ_0811_00,1.03890221279996,98
eu150,C2,mean,klt,31UDQ_1914_00,1.460804715301289,87
eu150,C2,mean,klt,31UFS_0030_00,1.215156702818369,57
eu150,C2,mean,klt,31UFS_0938_00,1.6988284686329753,40
eu150,C2,mean,klt,31UFS_2358_00,1.5556037110869194,108
eu150,C2,mean,klt,32UMC_0051_00,1.3703739655055989,89
eu150,C2,mean,klt,32UMC_1241_00,1.8927864277802229,69
eu150,C2,mean,klt,32UMC_1688_00,0.9093770561572038,136
eu150,C2,mean,klt,32UMC_2029_00,1.4353211107019814,92
eu150,C2,mean,klt,32UNE_1359_00,1.986920146990686,99
eu150,C2,mean,klt,32UNE_2091_00,1.334009857567892,123
eu150,C2,mean,klt,32UPA_2227_00,0.9173114031737265,111
eu150,C2,mean,klt,33TWF_1076_00,1.2958867504733165,70
eu150,C2,mean,klt,33UWT_2410_00,1.7808732357456447,73
eu150,C2,mean,klt,34TCR_0339_00,1.5008588952236557,51
eu150,C2,mean,klt,34TCR_0343_00,1.47785653852269,54
eu150,C2,mean,klt,34TCR_1124_00,1.0362218991575471,144
eu150,C2,mean,klt,34TCR_1162_00,1.6389925912061183,83
eu150,C2,mean,klt,34TCR_1346_00,2.02088039358478,97
eu150,C2,mean,klt,34TCT_1282_00,1.8157108902641548,103
eu150,C2,mean,klt,30TVK_1486_00,2.3889495801094713,109
eu150,C2,mean,klt,30TVK_2377_00,2.0938341922338584,61
eu150,C2,mean,klt,30TXQ_0911_00,0.9767929342625892,189
eu150,C2,mean,klt,30TXQ_0934_00,1.4008147880210076,179
eu150,C2,mean,klt,30UYC_0046_00,0.6655818168412946,167
eu150,C2,mean,klt,31TCJ_1037_00,0.759508482485293,131
eu150,C2,mean,klt,31TCM_0853_00,0.910638549710456,119
eu150,C2,mean,klt,31TCM_1094_00,1.024186001598455,114
eu150,C2,mean,klt,31TCM_1743_00,1.1293225652701466,205
eu150,C2,mean,klt,31TFH_0022_00,0.7551205194709733,161
eu150,C2,mean,klt,31TFJ_1359_00,0.6782382417894293,226
eu150,C2,mean,klt,31TGH_0053_00,0.7670990933034153,213
eu150,C2,mean,klt,31TGJ_0274_00,1.0227830997873038,216
eu150,C2,mean,klt,31TGJ_1156_00,0.7565079287801499,201
eu150,C2,mean,klt,31TGJ_1189_00,1.2226300985509868,149
eu150,C2,mean,klt,31UCQ_0211_00,1.2189156541479904,134
eu150,C2,mean,klt,31UDQ_2521_00,0.7889477174003269,195
eu150,C2,mean,klt,31UFS_1028_00,0.6714342094788669,268
eu150,C2,mean,klt,31UFS_1127_00,0.9525354841171902,85
eu150,C2,mean,klt,32ULA_0661_00,0.7852736447617483,223
eu150,C2,mean,klt,32ULC_1573_00,0.7468157514211742,142
eu150,C2,mean,klt,32UMC_0836_00,0.7185115488516716,143
eu150,C2,mean,klt,32UNE_2132_00,0.7033229093242588,106
eu150,C2,mean,klt,32UPA_1016_00,1.1074797008516455,129
eu150,C2,mean,klt,33TWE_1260_00,1.1103287318515274,139
eu150,C2,mean,klt,33UWS_0309_00,1.2805092308917512,130
eu150,C2,mean,klt,34TCR_0369_00,0.6400685886243843,106
eu150,C2,mean,klt,34TCS_0235_00,1.3174521956543241,124
eu150,C2,mean,klt,34TCT_0853_00,0.5970331485997715,186
eu150,C2,mean,klt,34TCT_1134_00,0.5328998022945354,351
ank130,pretrained,bt601,ncc,ank_0_10,8.73763773239898,10
ank130,pretrained,bt601,phase,ank_0_10,0.8520805648741407,1
ank130,pretrained,bt601,ncc,ank_0_16,1.3029058932323396,23
ank130,pretrained,bt601,phase,ank_0_16,0.1768907210747699,1
ank130,pretrained,bt601,ncc,ank_0_30,6.358452643052177,20
ank130,pretrained,bt601,phase,ank_0_30,29.827665071106356,1
ank130,pretrained,bt601,ncc,ank_0_41,3.9517310962447327,33
ank130,pretrained,bt601,phase,ank_0_41,31.36043576023888,1
ank130,pretrained,bt601,ncc,ank_10_1,1.2262708863579346,79
ank130,pretrained,bt601,phase,ank_10_1,2.097184875815997,1
ank130,pretrained,bt601,ncc,ank_11_14,1.4594376568512288,27
ank130,pretrained,bt601,phase,ank_11_14,1.6845092267367183,1
ank130,pretrained,bt601,ncc,ank_12_21,7.6727358515674755,12
ank130,pretrained,bt601,phase,ank_12_21,21.121899715284243,1
ank130,pretrained,bt601,ncc,ank_12_28,9.18706651153523,7
ank130,pretrained,bt601,phase,ank_12_28,0.1098739854116523,1
ank130,pretrained,bt601,ncc,ank_12_35,2.1031820790204043,28
ank130,pretrained,bt601,phase,ank_12_35,0.2991089401338256,1
ank130,pretrained,bt601,ncc,ank_13_12,1.6732532068366144,87
ank130,pretrained,bt601,phase,ank_13_12,1.9734459004145584,1
ank130,pretrained,bt601,ncc,ank_13_17,8.902757534991549,8
ank130,pretrained,bt601,phase,ank_13_17,27.817958997504448,1
ank130,pretrained,bt601,ncc,ank_13_21,5.069373615480917,10
ank130,pretrained,bt601,phase,ank_13_21,0.951768551865638,1
ank130,pretrained,bt601,ncc,ank_13_29,7.297692261897364,27
ank130,pretrained,bt601,phase,ank_13_29,60.210534499098955,1
ank130,pretrained,bt601,ncc,ank_13_34,7.016145848791465,30
ank130,pretrained,bt601,phase,ank_13_34,43.48305674759701,1
ank130,pretrained,bt601,ncc,ank_13_6,1.206446998613695,68
ank130,pretrained,bt601,phase,ank_13_6,0.1092613745637789,1
ank130,pretrained,bt601,ncc,ank_14_33,4.87485907368397,39
ank130,pretrained,bt601,phase,ank_14_33,21.99180941112941,1
ank130,pretrained,bt601,ncc,ank_14_9,3.736987842047993,16
ank130,pretrained,bt601,phase,ank_14_9,34.17207505522314,1
ank130,pretrained,bt601,ncc,ank_15_22,5.627479441896953,37
ank130,pretrained,bt601,phase,ank_15_22,43.536108818830755,1
ank130,pretrained,bt601,ncc,ank_15_41,8.139635208976738,19
ank130,pretrained,bt601,phase,ank_15_41,21.20721826864213,1
ank130,pretrained,bt601,ncc,ank_15_6,2.3066808339054283,39
ank130,pretrained,bt601,phase,ank_15_6,0.4775729050621597,1
ank130,pretrained,bt601,ncc,ank_16_36,9.41104155964077,26
ank130,pretrained,bt601,phase,ank_16_36,5.7804782396236325,1
ank130,pretrained,bt601,ncc,ank_16_9,4.729652756145158,25
ank130,pretrained,bt601,phase,ank_16_9,8.129025265814377,1
ank130,pretrained,bt601,ncc,ank_17_17,8.347489193205657,14
ank130,pretrained,bt601,phase,ank_17_17,1.3320164137153914,1
ank130,pretrained,bt601,ncc,ank_17_19,3.072888082710185,11
ank130,pretrained,bt601,phase,ank_17_19,0.878585415026053,1
ank130,pretrained,bt601,ncc,ank_17_22,8.004268132296856,17
ank130,pretrained,bt601,phase,ank_17_22,5.430261715636557,1
ank130,pretrained,bt601,ncc,ank_17_31,2.0171151983375903,6
ank130,pretrained,bt601,phase,ank_17_31,1.3267492518425354,1
ank130,pretrained,bt601,ncc,ank_17_32,9.640526628090612,14
ank130,pretrained,bt601,phase,ank_17_32,5.8591273871611635,1
ank130,pretrained,bt601,ncc,ank_18_16,6.567269817722118,36
ank130,pretrained,bt601,phase,ank_18_16,18.996205091920288,1
ank130,pretrained,bt601,ncc,ank_18_27,6.422516991348793,20
ank130,pretrained,bt601,phase,ank_18_27,34.35248597142454,1
ank130,pretrained,bt601,ncc,ank_18_29,2.0122401945709334,31
ank130,pretrained,bt601,phase,ank_18_29,0.2914838490138679,1
ank130,pretrained,bt601,ncc,ank_18_37,8.588436920167883,22
ank130,pretrained,bt601,phase,ank_18_37,0.1180529311795763,1
ank130,pretrained,bt601,ncc,ank_18_39,2.0776925316719272,19
ank130,pretrained,bt601,phase,ank_18_39,0.1137954574770752,1
ank130,pretrained,bt601,ncc,ank_18_7,5.792322980590281,19
ank130,pretrained,bt601,phase,ank_18_7,2.800827492400499,1
ank130,pretrained,bt601,ncc,ank_19_15,6.112313759545641,32
ank130,pretrained,bt601,phase,ank_19_15,39.1131422998619,1
ank130,pretrained,bt601,ncc,ank_19_33,8.307058722759502,17
ank130,pretrained,bt601,phase,ank_19_33,45.56309714271193,1
ank130,pretrained,bt601,ncc,ank_19_6,8.61704235467529,13
ank130,pretrained,bt601,phase,ank_19_6,0.0579796675619702,1
ank130,pretrained,bt601,ncc,ank_19_9,6.3308636530825,15
ank130,pretrained,bt601,phase,ank_19_9,19.65663665398926,1
ank130,pretrained,bt601,ncc,ank_1_34,8.00000379875792,23
ank130,pretrained,bt601,phase,ank_1_34,0.8464568846967988,1
ank130,pretrained,bt601,ncc,ank_20_10,3.019855347681938,68
ank130,pretrained,bt601,phase,ank_20_10,7.061256785709369,1
ank130,pretrained,bt601,ncc,ank_20_19,9.275462841056216,13
ank130,pretrained,bt601,phase,ank_20_19,16.95189860625603,1
ank130,pretrained,bt601,ncc,ank_20_37,0.8409086378004788,12
ank130,pretrained,bt601,phase,ank_20_37,0.7013949149939321,1
ank130,pretrained,bt601,ncc,ank_20_6,5.6787103124951726,30
ank130,pretrained,bt601,phase,ank_20_6,0.3900019824180141,1
ank130,pretrained,bt601,ncc,ank_22_10,1.9354638290125128,55
ank130,pretrained,bt601,phase,ank_22_10,0.6530770191294661,1
ank130,pretrained,bt601,ncc,ank_22_16,4.006319988022159,5
ank130,pretrained,bt601,phase,ank_22_16,17.390979699675952,1
ank130,pretrained,bt601,ncc,ank_22_37,5.380990308175677,33
ank130,pretrained,bt601,phase,ank_22_37,7.282703218435288,1
ank130,pretrained,bt601,ncc,ank_23_14,2.040297621302444,17
ank130,pretrained,bt601,phase,ank_23_14,26.933834075321528,1
ank130,pretrained,bt601,ncc,ank_23_28,1.5895382137267582,32
ank130,pretrained,bt601,phase,ank_23_28,0.2606391339990393,1
ank130,pretrained,bt601,ncc,ank_24_0,2.8477795444693266,30
ank130,pretrained,bt601,phase,ank_24_0,0.064303978463685,1
ank130,pretrained,bt601,ncc,ank_24_12,3.393665603571149,25
ank130,pretrained,bt601,phase,ank_24_12,11.256905081932608,1
ank130,pretrained,bt601,ncc,ank_24_14,3.308302746072355,26
ank130,pretrained,bt601,phase,ank_24_14,52.8619843512574,1
ank130,pretrained,bt601,ncc,ank_24_3,8.075208364092772,10
ank130,pretrained,bt601,phase,ank_24_3,42.48924064127063,1
ank130,pretrained,bt601,ncc,ank_25_1,3.654054481880862,36
ank130,pretrained,bt601,phase,ank_25_1,1.7142996443244831,1
ank130,pretrained,bt601,ncc,ank_25_14,8.216124382844747,24
ank130,pretrained,bt601,phase,ank_25_14,8.493992550106645,1
ank130,pretrained,bt601,ncc,ank_25_16,6.04161795913123,24
ank130,pretrained,bt601,phase,ank_25_16,0.2707094012950101,1
ank130,pretrained,bt601,ncc,ank_25_37,3.756090445610361,8
ank130,pretrained,bt601,phase,ank_25_37,0.5266130030275716,1
ank130,pretrained,bt601,ncc,ank_26_21,8.351988271054562,34
ank130,pretrained,bt601,phase,ank_26_21,18.817899235891495,1
ank130,pretrained,bt601,ncc,ank_26_22,3.773734942261132,42
ank130,pretrained,bt601,phase,ank_26_22,4.107024579984855,1
ank130,pretrained,bt601,ncc,ank_26_29,2.7889148326637434,47
ank130,pretrained,bt601,phase,ank_26_29,0.179917221512096,1
ank130,pretrained,bt601,ncc,ank_26_3,1.6301914155650192,54
ank130,pretrained,bt601,phase,ank_26_3,0.9301859285769504,1
ank130,pretrained,bt601,ncc,ank_26_35,8.16321302001281,15
ank130,pretrained,bt601,phase,ank_26_35,1.9059579605228272,1
ank130,pretrained,bt601,ncc,ank_26_5,2.1592778240435893,52
ank130,pretrained,bt601,phase,ank_26_5,37.56724619307196,1
ank130,pretrained,bt601,ncc,ank_27_14,7.4935045810805585,4
ank130,pretrained,bt601,phase,ank_27_14,35.85956024689986,1
ank130,pretrained,bt601,ncc,ank_27_40,8.045072440480208,28
ank130,pretrained,bt601,phase,ank_27_40,18.211641012188977,1
ank130,pretrained,bt601,ncc,ank_28_27,8.08996372061718,22
ank130,pretrained,bt601,phase,ank_28_27,0.6372510849502625,1
ank130,pretrained,bt601,ncc,ank_28_37,2.064716137143443,4
ank130,pretrained,bt601,phase,ank_28_37,0.2538623007965166,1
ank130,pretrained,bt601,ncc,ank_28_38,4.072529770671493,15
ank130,pretrained,bt601,phase,ank_28_38,0.1623795793387258,1
ank130,pretrained,bt601,ncc,ank_28_9,4.422442740201712,30
ank130,pretrained,bt601,phase,ank_28_9,24.3221703156154,1
ank130,pretrained,bt601,ncc,ank_29_0,2.8252977301264934,28
ank130,pretrained,bt601,phase,ank_29_0,0.3256179680423132,1
ank130,pretrained,bt601,ncc,ank_29_11,6.761658891004008,22
ank130,pretrained,bt601,phase,ank_29_11,7.756351181992235,1
ank130,pretrained,bt601,ncc,ank_29_21,7.297058002107411,10
ank130,pretrained,bt601,phase,ank_29_21,1.0882598231416412,1
ank130,pretrained,bt601,ncc,ank_29_24,2.19653483478528,55
ank130,pretrained,bt601,phase,ank_29_24,0.1110476575297962,1
ank130,pretrained,bt601,ncc,ank_29_26,5.615530909956708,15
ank130,pretrained,bt601,phase,ank_29_26,1.3801239596902803,1
ank130,pretrained,bt601,ncc,ank_2_12,1.3087242337220732,39
ank130,pretrained,bt601,phase,ank_2_12,0.7057093541924859,1
ank130,pretrained,bt601,ncc,ank_2_23,2.039889688606409,46
ank130,pretrained,bt601,phase,ank_2_23,0.1803850221115215,1
ank130,pretrained,bt601,ncc,ank_30_30,1.1042964818053198,63
ank130,pretrained,bt601,phase,ank_30_30,0.1452841231223922,1
ank130,pretrained,bt601,ncc,ank_30_7,2.283047387437463,43
ank130,pretrained,bt601,phase,ank_30_7,0.0416417069680759,1
ank130,pretrained,bt601,ncc,ank_31_32,1.0167747982595086,74
ank130,pretrained,bt601,phase,ank_31_32,0.2465357186839983,1
ank130,pretrained,bt601,ncc,ank_31_7,0.9032464520404544,99
ank130,pretrained,bt601,phase,ank_31_7,0.6187905857667523,1
ank130,pretrained,bt601,ncc,ank_32_12,1.67090091186819,20
ank130,pretrained,bt601,phase,ank_32_12,15.1994689189573,1
ank130,pretrained,bt601,ncc,ank_32_21,3.2632624789464297,36
ank130,pretrained,bt601,phase,ank_32_21,0.1028925163247812,1
ank130,pretrained,bt601,ncc,ank_32_37,6.963325007716344,49
ank130,pretrained,bt601,phase,ank_32_37,0.1555740760246606,1
ank130,pretrained,bt601,ncc,ank_33_25,1.167315312341076,20
ank130,pretrained,bt601,phase,ank_33_25,0.3383711856657639,1
ank130,pretrained,bt601,ncc,ank_33_3,1.242138842463367,92
ank130,pretrained,bt601,phase,ank_33_3,0.919169470700739,1
ank130,pretrained,bt601,ncc,ank_33_34,1.303844469811213,30
ank130,pretrained,bt601,phase,ank_33_34,0.3679918354885578,1
ank130,pretrained,bt601,ncc,ank_33_36,1.3344787395393922,63
ank130,pretrained,bt601,phase,ank_33_36,0.1769784947278627,1
ank130,pretrained,bt601,ncc,ank_34_11,1.9803113064754756,77
ank130,pretrained,bt601,phase,ank_34_11,0.7857963369835808,1
ank130,pretrained,bt601,ncc,ank_34_15,3.5987278563448264,8
ank130,pretrained,bt601,phase,ank_34_15,27.162825093933808,1
ank130,pretrained,bt601,ncc,ank_34_21,8.01109073030712,15
ank130,pretrained,bt601,phase,ank_34_21,0.4386749076076972,1
ank130,pretrained,bt601,ncc,ank_34_30,1.405667599860427,8
ank130,pretrained,bt601,phase,ank_34_30,0.3206518138032287,1
ank130,pretrained,bt601,ncc,ank_35_11,1.244675405036388,103
ank130,pretrained,bt601,phase,ank_35_11,0.7773252610487581,1
ank130,pretrained,bt601,ncc,ank_35_28,0.95945975153053,45
ank130,pretrained,bt601,phase,ank_35_28,0.1724950656530725,1
ank130,pretrained,bt601,ncc,ank_35_39,5.24110421014741,51
ank130,pretrained,bt601,phase,ank_35_39,0.1587151868730389,1
ank130,pretrained,bt601,ncc,ank_35_7,3.8762424887824674,24
ank130,pretrained,bt601,phase,ank_35_7,32.15370690219814,1
ank130,pretrained,bt601,ncc,ank_36_40,6.716538864260913,44
ank130,pretrained,bt601,phase,ank_36_40,16.105825833348675,1
ank130,pretrained,bt601,ncc,ank_38_19,9.899252678509392,12
ank130,pretrained,bt601,phase,ank_38_19,34.74821179476155,1
ank130,pretrained,bt601,ncc,ank_38_22,1.319830450724081,42
ank130,pretrained,bt601,phase,ank_38_22,0.2908444409258198,1
ank130,pretrained,bt601,ncc,ank_38_24,5.411473675945813,47
ank130,pretrained,bt601,phase,ank_38_24,26.88026631500619,1
ank130,pretrained,bt601,ncc,ank_38_27,6.724240624261301,7
ank130,pretrained,bt601,phase,ank_38_27,0.3016754644454372,1
ank130,pretrained,bt601,ncc,ank_38_40,8.198121736557479,24
ank130,pretrained,bt601,phase,ank_38_40,13.177439509331004,1
ank130,pretrained,bt601,ncc,ank_38_9,1.320610781892709,55
ank130,pretrained,bt601,phase,ank_38_9,0.6782433921242798,1
ank130,pretrained,bt601,ncc,ank_39_1,8.174350087484807,18
ank130,pretrained,bt601,phase,ank_39_1,2.1103283612958332,1
ank130,pretrained,bt601,ncc,ank_3_13,4.0643259403413525,16
ank130,pretrained,bt601,phase,ank_3_13,0.1826670714246699,1
ank130,pretrained,bt601,ncc,ank_3_25,7.669755885232622,22
ank130,pretrained,bt601,phase,ank_3_25,14.010484652606046,1
ank130,pretrained,bt601,ncc,ank_3_29,8.196327770771765,5
ank130,pretrained,bt601,phase,ank_3_29,36.08092555266098,1
ank130,pretrained,bt601,ncc,ank_3_34,1.6061114119149795,60
ank130,pretrained,bt601,phase,ank_3_34,0.78318225641804,1
ank130,pretrained,bt601,ncc,ank_3_39,9.319430098780504,14
ank130,pretrained,bt601,phase,ank_3_39,68.09589351650068,1
ank130,pretrained,bt601,ncc,ank_3_9,1.2728563967725948,15
ank130,pretrained,bt601,phase,ank_3_9,0.2678870826585823,1
ank130,pretrained,bt601,ncc,ank_40_19,8.228533154160452,6
ank130,pretrained,bt601,phase,ank_40_19,0.2020323999385159,1
ank130,pretrained,bt601,ncc,ank_40_2,8.071560703696637,22
ank130,pretrained,bt601,phase,ank_40_2,22.34987699360868,1
ank130,pretrained,bt601,ncc,ank_40_40,8.133166244636136,24
ank130,pretrained,bt601,phase,ank_40_40,0.5635628851136464,1
ank130,pretrained,bt601,ncc,ank_41_0,7.244264883299903,7
ank130,pretrained,bt601,phase,ank_41_0,7.392658746057102,1
ank130,pretrained,bt601,ncc,ank_41_1,6.403885410123673,16
ank130,pretrained,bt601,phase,ank_41_1,0.6644312149578113,1
ank130,pretrained,bt601,ncc,ank_41_19,8.321198241999175,9
ank130,pretrained,bt601,phase,ank_41_19,1.3767591832203088,1
ank130,pretrained,bt601,ncc,ank_41_40,8.069730387336497,30
ank130,pretrained,bt601,phase,ank_41_40,20.519025392295102,1
ank130,pretrained,bt601,ncc,ank_4_23,7.599104147176086,27
ank130,pretrained,bt601,phase,ank_4_23,11.979541294815707,1
ank130,pretrained,bt601,ncc,ank_4_41,8.697235728378772,51
ank130,pretrained,bt601,phase,ank_4_41,1.3675963912201268,1
ank130,pretrained,bt601,ncc,ank_5_12,1.16465131431419,76
ank130,pretrained,bt601,phase,ank_5_12,0.0231485004674606,1
ank130,pretrained,bt601,ncc,ank_5_40,9.106937362783643,17
ank130,pretrained,bt601,phase,ank_5_40,17.054822997283722,1
ank130,pretrained,bt601,ncc,ank_5_5,1.2333737835761422,71
ank130,pretrained,bt601,phase,ank_5_5,0.2839487527300594,1
ank130,pretrained,bt601,ncc,ank_6_10,1.3954178702265745,48
ank130,pretrained,bt601,phase,ank_6_10,0.8733847533286844,1
ank130,pretrained,bt601,ncc,ank_6_38,6.266290109533634,27
ank130,pretrained,bt601,phase,ank_6_38,17.512368419987236,1
ank130,pretrained,bt601,ncc,ank_7_36,8.199990526568861,31
ank130,pretrained,bt601,phase,ank_7_36,26.841356946160584,1
ank130,pretrained,bt601,ncc,ank_7_8,1.1659489459042884,66
ank130,pretrained,bt601,phase,ank_7_8,0.8484214052420941,1
ank130,pretrained,bt601,ncc,ank_8_19,8.338567861883012,7
ank130,pretrained,bt601,phase,ank_8_19,19.254327200063223,1
ank130,pretrained,bt601,ncc,ank_8_22,5.3701120285228585,18
ank130,pretrained,bt601,phase,ank_8_22,30.46304485727645,1
ank130,pretrained,bt601,ncc,ank_8_31,5.775762240731285,24
ank130,pretrained,bt601,phase,ank_8_31,51.36197343401757,1
ank130,pretrained,bt601,ncc,ank_8_41,2.7850579595633564,56
ank130,pretrained,bt601,phase,ank_8_41,0.3911240078122828,1
ank130,pretrained,bt601,ncc,ank_9_1,2.5503959639576226,40
ank130,pretrained,bt601,phase,ank_9_1,15.502623350750842,1
ank130,pretrained,bt601,ncc,ank_9_24,4.68354428437666,15
ank130,pretrained,bt601,phase,ank_9_24,22.38572410597263,1
ank130,pretrained,bt601,ncc,ank_9_25,7.70916032459555,9
ank130,pretrained,bt601,phase,ank_9_25,0.9823384477696048,1
ank130,pretrained,mean,ncc,ank_0_10,8.20365100610599,11
ank130,pretrained,mean,phase,ank_0_10,0.2907132161133141,1
ank130,pretrained,mean,ncc,ank_0_16,1.1332999893045554,21
ank130,pretrained,mean,phase,ank_0_16,0.2205256702212899,1
ank130,pretrained,mean,ncc,ank_0_30,6.038321716652609,20
ank130,pretrained,mean,phase,ank_0_30,32.880601163099314,1
ank130,pretrained,mean,ncc,ank_0_41,3.8615901815415175,31
ank130,pretrained,mean,phase,ank_0_41,24.132261303235083,1
ank130,pretrained,mean,ncc,ank_10_1,1.2362203401572955,80
ank130,pretrained,mean,phase,ank_10_1,1.0484183001405118,1
ank130,pretrained,mean,ncc,ank_11_14,1.449579170536965,27
ank130,pretrained,mean,phase,ank_11_14,1.4070602078811152,1
ank130,pretrained,mean,ncc,ank_12_21,7.708543336084039,12
ank130,pretrained,mean,phase,ank_12_21,31.295745881033632,1
ank130,pretrained,mean,ncc,ank_12_28,9.696717054834751,7
ank130,pretrained,mean,phase,ank_12_28,0.0579204566007856,1
ank130,pretrained,mean,ncc,ank_12_35,2.063124742676095,26
ank130,pretrained,mean,phase,ank_12_35,3.8294505746841376,1
ank130,pretrained,mean,ncc,ank_13_12,1.5484288605166556,82
ank130,pretrained,mean,phase,ank_13_12,41.29984637373612,1
ank130,pretrained,mean,ncc,ank_13_17,8.86307989855785,8
ank130,pretrained,mean,phase,ank_13_17,0.563204184107909,1
ank130,pretrained,mean,ncc,ank_13_21,4.867487237730061,11
ank130,pretrained,mean,phase,ank_13_21,0.5191984230069114,1
ank130,pretrained,mean,ncc,ank_13_29,7.26763360400863,27
ank130,pretrained,mean,phase,ank_13_29,0.1324397402749907,1
ank130,pretrained,mean,ncc,ank_13_34,7.518768240012132,29
ank130,pretrained,mean,phase,ank_13_34,0.1656618645252343,1
ank130,pretrained,mean,ncc,ank_13_6,1.3003011080849582,68
ank130,pretrained,mean,phase,ank_13_6,0.1386581567978848,1
ank130,pretrained,mean,ncc,ank_14_33,4.813204547800126,40
ank130,pretrained,mean,phase,ank_14_33,16.395047594111283,1
ank130,pretrained,mean,ncc,ank_14_9,4.0525000824052535,17
ank130,pretrained,mean,phase,ank_14_9,45.34680214696502,1
ank130,pretrained,mean,ncc,ank_15_22,5.380219690209189,37
ank130,pretrained,mean,phase,ank_15_22,36.17993942022483,1
ank130,pretrained,mean,ncc,ank_15_41,8.53450147422219,19
ank130,pretrained,mean,phase,ank_15_41,16.297630057527083,1
ank130,pretrained,mean,ncc,ank_15_6,2.214824120708756,39
ank130,pretrained,mean,phase,ank_15_6,0.6719393051910203,1
ank130,pretrained,mean,ncc,ank_16_36,8.777225565631742,25
ank130,pretrained,mean,phase,ank_16_36,5.74220466611353,1
ank130,pretrained,mean,ncc,ank_16_9,5.3969298523887215,25
ank130,pretrained,mean,phase,ank_16_9,6.43249769505285,1
ank130,pretrained,mean,ncc,ank_17_17,8.539515175349116,18
ank130,pretrained,mean,phase,ank_17_17,30.960212857359377,1
ank130,pretrained,mean,ncc,ank_17_19,3.0866393289017036,11
ank130,pretrained,mean,phase,ank_17_19,0.9231893559205196,1
ank130,pretrained,mean,ncc,ank_17_22,8.102757781343634,18
ank130,pretrained,mean,phase,ank_17_22,20.91115723856754,1
ank130,pretrained,mean,ncc,ank_17_31,3.0833661979291684,5
ank130,pretrained,mean,phase,ank_17_31,2.2583479716310344,1
ank130,pretrained,mean,ncc,ank_17_32,9.57954818112951,14
ank130,pretrained,mean,phase,ank_17_32,3.563509831420093,1
ank130,pretrained,mean,ncc,ank_18_16,6.167086796447919,35
ank130,pretrained,mean,phase,ank_18_16,31.694531996843995,1
ank130,pretrained,mean,ncc,ank_18_27,7.922888249960147,23
ank130,pretrained,mean,phase,ank_18_27,44.70487786981979,1
ank130,pretrained,mean,ncc,ank_18_29,2.1392842991741143,31
ank130,pretrained,mean,phase,ank_18_29,0.2014308918645235,1
ank130,pretrained,mean,ncc,ank_18_37,8.541588194252562,23
ank130,pretrained,mean,phase,ank_18_37,0.2026135651655822,1
ank130,pretrained,mean,ncc,ank_18_39,2.184830458608058,20
ank130,pretrained,mean,phase,ank_18_39,0.311761055219531,1
ank130,pretrained,mean,ncc,ank_18_7,5.680489948979642,19
ank130,pretrained,mean,phase,ank_18_7,1.813286357389894,1
ank130,pretrained,mean,ncc,ank_19_15,5.216135875459708,31
ank130,pretrained,mean,phase,ank_19_15,5.103142107301235,1
ank130,pretrained,mean,ncc,ank_19_33,8.554644837406029,18
ank130,pretrained,mean,phase,ank_19_33,4.930439459308161,1
ank130,pretrained,mean,ncc,ank_19_6,8.097606327589023,15
ank130,pretrained,mean,phase,ank_19_6,0.1886227860568856,1
ank130,pretrained,mean,ncc,ank_19_9,6.846255644009737,14
ank130,pretrained,mean,phase,ank_19_9,14.829162729915495,1
ank130,pretrained,mean,ncc,ank_1_34,8.00018663026936,25
ank130,pretrained,mean,phase,ank_1_34,4.083776029234457,1
ank130,pretrained,mean,ncc,ank_20_10,3.0149944886755025,63
ank130,pretrained,mean,phase,ank_20_10,1.2698206811287267,1
ank130,pretrained,mean,ncc,ank_20_19,9.283074729590714,13
ank130,pretrained,mean,phase,ank_20_19,38.40690043049937,1
ank130,pretrained,mean,ncc,ank_20_37,0.9061422668380906,13
ank130,pretrained,mean,phase,ank_20_37,0.5437138234355043,1
ank130,pretrained,mean,ncc,ank_20_6,4.856633361570177,29
ank130,pretrained,mean,phase,ank_20_6,0.3656103218365628,1
ank130,pretrained,mean,ncc,ank_22_10,2.049030757466408,54
ank130,pretrained,mean,phase,ank_22_10,38.84687001219928,1
ank130,pretrained,mean,ncc,ank_22_16,6.660002160934089,4
ank130,pretrained,mean,phase,ank_22_16,8.011598576856624,1
ank130,pretrained,mean,ncc,ank_22_37,5.075694825157216,34
ank130,pretrained,mean,phase,ank_22_37,0.8853817426486162,1
ank130,pretrained,mean,ncc,ank_23_14,2.0960336423795525,17
ank130,pretrained,mean,phase,ank_23_14,27.326383608419444,1
ank130,pretrained,mean,ncc,ank_23_28,1.624666658586319,38
ank130,pretrained,mean,phase,ank_23_28,0.0971317942459279,1
ank130,pretrained,mean,ncc,ank_24_0,2.721383956815639,31
ank130,pretrained,mean,phase,ank_24_0,0.1412930663559595,1
ank130,pretrained,mean,ncc,ank_24_12,3.3253231774170864,28
ank130,pretrained,mean,phase,ank_24_12,21.706864459241643,1
ank130,pretrained,mean,ncc,ank_24_14,3.050369714725223,24
ank130,pretrained,mean,phase,ank_24_14,53.36358845762754,1
ank130,pretrained,mean,ncc,ank_24_3,8.053735937353297,11
ank130,pretrained,mean,phase,ank_24_3,20.388388727356972,1
ank130,pretrained,mean,ncc,ank_25_1,3.6030324774903457,36
ank130,pretrained,mean,phase,ank_25_1,13.430095991806407,1
ank130,pretrained,mean,ncc,ank_25_14,8.026647473125257,23
ank130,pretrained,mean,phase,ank_25_14,1.07861922559209,1
ank130,pretrained,mean,ncc,ank_25_16,6.357496213097061,24
ank130,pretrained,mean,phase,ank_25_16,0.3206211315341394,1
ank130,pretrained,mean,ncc,ank_25_37,4.9658268223500155,8
ank130,pretrained,mean,phase,ank_25_37,0.4755970270360333,1
ank130,pretrained,mean,ncc,ank_26_21,8.407662971664031,30
ank130,pretrained,mean,phase,ank_26_21,18.75413637821349,1
ank130,pretrained,mean,ncc,ank_26_22,3.696985567224096,42
ank130,pretrained,mean,phase,ank_26_22,1.229518666750362,1
ank130,pretrained,mean,ncc,ank_26_29,2.2225454157063766,50
ank130,pretrained,mean,phase,ank_26_29,0.5498562982458359,1
ank130,pretrained,mean,ncc,ank_26_3,1.7594950969293188,58
ank130,pretrained,mean,phase,ank_26_3,0.9256301220538964,1
ank130,pretrained,mean,ncc,ank_26_35,8.673405900576686,15
ank130,pretrained,mean,phase,ank_26_35,0.3513822131938975,1
ank130,pretrained,mean,ncc,ank_26_5,2.252462506535592,51
ank130,pretrained,mean,phase,ank_26_5,20.650766692857776,1
ank130,pretrained,mean,ncc,ank_27_14,8.587355748195801,4
ank130,pretrained,mean,phase,ank_27_14,35.819696372851816,1
ank130,pretrained,mean,ncc,ank_27_40,8.01683755904037,26
ank130,pretrained,mean,phase,ank_27_40,19.876674242282007,1
ank130,pretrained,mean,ncc,ank_28_27,8.266738388915932,26
ank130,pretrained,mean,phase,ank_28_27,0.2188690693584853,1
ank130,pretrained,mean,ncc,ank_28_37,2.1564044848492308,4
ank130,pretrained,mean,phase,ank_28_37,0.2425093825283045,1
ank130,pretrained,mean,ncc,ank_28_38,3.167428156687208,16
ank130,pretrained,mean,phase,ank_28_38,0.1203325624104566,1
ank130,pretrained,mean,ncc,ank_28_9,3.1234542187289467,27
ank130,pretrained,mean,phase,ank_28_9,24.29330659234021,1
ank130,pretrained,mean,ncc,ank_29_0,2.8298305029837505,27
ank130,pretrained,mean,phase,ank_29_0,0.2434652105321684,1
ank130,pretrained,mean,ncc,ank_29_11,7.116110080416911,22
ank130,pretrained,mean,phase,ank_29_11,16.365251105957103,1
ank130,pretrained,mean,ncc,ank_29_21,7.365540735717978,10
ank130,pretrained,mean,phase,ank_29_21,0.7112884860426382,1
ank130,pretrained,mean,ncc,ank_29_24,2.1839467133640964,56
ank130,pretrained,mean,phase,ank_29_24,0.3765645147360082,1
ank130,pretrained,mean,ncc,ank_29_26,5.715247679595681,15
ank130,pretrained,mean,phase,ank_29_26,1.4492898635352056,1
ank130,pretrained,mean,ncc,ank_2_12,1.3201403229662163,40
ank130,pretrained,mean,phase,ank_2_12,0.5458961264816337,1
ank130,pretrained,mean,ncc,ank_2_23,1.9798290637855012,44
ank130,pretrained,mean,phase,ank_2_23,13.02824301126126,1
ank130,pretrained,mean,ncc,ank_30_30,1.2773063014207755,65
ank130,pretrained,mean,phase,ank_30_30,0.2617654394185634,1
ank130,pretrained,mean,ncc,ank_30_7,2.323083885458553,42
ank130,pretrained,mean,phase,ank_30_7,0.0542610555608468,1
ank130,pretrained,mean,ncc,ank_31_32,0.9839675268682564,73
ank130,pretrained,mean,phase,ank_31_32,0.2102737480914146,1
ank130,pretrained,mean,ncc,ank_31_7,0.8932356508633188,103
ank130,pretrained,mean,phase,ank_31_7,0.2926584212287328,1
ank130,pretrained,mean,ncc,ank_32_12,1.5633616407641795,19
ank130,pretrained,mean,phase,ank_32_12,0.8263577627839863,1
ank130,pretrained,mean,ncc,ank_32_21,3.3130528400161117,37
ank130,pretrained,mean,phase,ank_32_21,0.7855288423682706,1
ank130,pretrained,mean,ncc,ank_32_37,4.946286933028763,49
ank130,pretrained,mean,phase,ank_32_37,0.2122604574486407,1
ank130,pretrained,mean,ncc,ank_33_25,1.1802065651794449,23
ank130,pretrained,mean,phase,ank_33_25,0.2495699172227262,1
ank130,pretrained,mean,ncc,ank_33_3,1.263247666354527,92
ank130,pretrained,mean,phase,ank_33_3,0.8667048697923492,1
ank130,pretrained,mean,ncc,ank_33_34,1.2896357333687267,32
ank130,pretrained,mean,phase,ank_33_34,0.3186201664544737,1
ank130,pretrained,mean,ncc,ank_33_36,1.4376692961111233,64
ank130,pretrained,mean,phase,ank_33_36,0.494297717606657,1
ank130,pretrained,mean,ncc,ank_34_11,2.0096844092800996,78
ank130,pretrained,mean,phase,ank_34_11,0.4819829617518262,1
ank130,pretrained,mean,ncc,ank_34_15,2.9634801281526224,7
ank130,pretrained,mean,phase,ank_34_15,37.05451297408184,1
ank130,pretrained,mean,ncc,ank_34_21,8.007353346564162,15
ank130,pretrained,mean,phase,ank_34_21,0.4913596114577425,1
ank130,pretrained,mean,ncc,ank_34_30,1.3066961743462708,9
ank130,pretrained,mean,phase,ank_34_30,0.2685825976340921,1
ank130,pretrained,mean,ncc,ank_35_11,1.2776839742582449,100
ank130,pretrained,mean,phase,ank_35_11,0.7026239767371608,1
ank130,pretrained,mean,ncc,ank_35_28,0.9069631177427848,48
ank130,pretrained,mean,phase,ank_35_28,0.2567206270813361,1
ank130,pretrained,mean,ncc,ank_35_39,4.799027804788196,50
ank130,pretrained,mean,phase,ank_35_39,0.122193433611739,1
ank130,pretrained,mean,ncc,ank_35_7,4.283770198238967,23
ank130,pretrained,mean,phase,ank_35_7,0.0442222202838068,1
ank130,pretrained,mean,ncc,ank_36_40,6.599723099467076,45
ank130,pretrained,mean,phase,ank_36_40,33.56614522745245,1
ank130,pretrained,mean,ncc,ank_38_19,9.923174088845007,10
ank130,pretrained,mean,phase,ank_38_19,9.24717515484327,1
ank130,pretrained,mean,ncc,ank_38_22,1.3094895329007443,44
ank130,pretrained,mean,phase,ank_38_22,0.1691925638369016,1
ank130,pretrained,mean,ncc,ank_38_24,3.690815854053803,45
ank130,pretrained,mean,phase,ank_38_24,25.358905656074953,1
ank130,pretrained,mean,ncc,ank_38_27,6.7186817848732945,7
ank130,pretrained,mean,phase,ank_38_27,0.3429646566219567,1
ank130,pretrained,mean,ncc,ank_38_40,8.163955454914369,22
ank130,pretrained,mean,phase,ank_38_40,5.5419794510948455,1
ank130,pretrained,mean,ncc,ank_38_9,1.3440506400850225,54
ank130,pretrained,mean,phase,ank_38_9,0.9220406629703144,1
ank130,pretrained,mean,ncc,ank_39_1,8.25101998362246,17
ank130,pretrained,mean,phase,ank_39_1,2.1457938778907795,1
ank130,pretrained,mean,ncc,ank_3_13,4.036655254842357,16
ank130,pretrained,mean,phase,ank_3_13,0.1718757799656482,1
ank130,pretrained,mean,ncc,ank_3_25,8.164695406728663,21
ank130,pretrained,mean,phase,ank_3_25,17.14656202288495,1
ank130,pretrained,mean,ncc,ank_3_29,8.167008015409053,5
ank130,pretrained,mean,phase,ank_3_29,16.416693726674126,1
ank130,pretrained,mean,ncc,ank_3_34,1.589007045169898,58
ank130,pretrained,mean,phase,ank_3_34,0.8510882265484688,1
ank130,pretrained,mean,ncc,ank_3_39,9.190802500763477,12
ank130,pretrained,mean,phase,ank_3_39,41.0609390013023,1
ank130,pretrained,mean,ncc,ank_3_9,1.6765188899665318,16
ank130,pretrained,mean,phase,ank_3_9,0.2265452253835422,1
ank130,pretrained,mean,ncc,ank_40_19,6.9708830569653655,5
ank130,pretrained,mean,phase,ank_40_19,0.1599135431945322,1
ank130,pretrained,mean,ncc,ank_40_2,8.06478693825776,22
ank130,pretrained,mean,phase,ank_40_2,0.7771648945176045,1
ank130,pretrained,mean,ncc,ank_40_40,8.347340334394808,26
ank130,pretrained,mean,phase,ank_40_40,0.6239479899983935,1
ank130,pretrained,mean,ncc,ank_41_0,6.978086507977728,6
ank130,pretrained,mean,phase,ank_41_0,17.713318702080265,1
ank130,pretrained,mean,ncc,ank_41_1,7.077205918902368,19
ank130,pretrained,mean,phase,ank_41_1,0.7000950777928671,1
ank130,pretrained,mean,ncc,ank_41_19,8.40207864261415,9
ank130,pretrained,mean,phase,ank_41_19,1.3988931931193884,1
ank130,pretrained,mean,ncc,ank_41_40,8.105370318866594,28
ank130,pretrained,mean,phase,ank_41_40,11.03660550320453,1
ank130,pretrained,mean,ncc,ank_4_23,6.795268109588699,26
ank130,pretrained,mean,phase,ank_4_23,11.972223402678791,1
ank130,pretrained,mean,ncc,ank_4_41,8.63603041759531,51
ank130,pretrained,mean,phase,ank_4_41,1.9588279594744211,1
ank130,pretrained,mean,ncc,ank_5_12,1.2099528686414285,78
ank130,pretrained,mean,phase,ank_5_12,0.0585940770850901,1
ank130,pretrained,mean,ncc,ank_5_40,9.118187473735052,15
ank130,pretrained,mean,phase,ank_5_40,38.069792351071975,1
ank130,pretrained,mean,ncc,ank_5_5,1.2488182258330414,70
ank130,pretrained,mean,phase,ank_5_5,0.1519075857462396,1
ank130,pretrained,mean,ncc,ank_6_10,1.505835437437189,46
ank130,pretrained,mean,phase,ank_6_10,0.8597151443206522,1
ank130,pretrained,mean,ncc,ank_6_38,6.349076374656195,28
ank130,pretrained,mean,phase,ank_6_38,21.977262452713596,1
ank130,pretrained,mean,ncc,ank_7_36,8.25485916193206,32
ank130,pretrained,mean,phase,ank_7_36,27.49064092441172,1
ank130,pretrained,mean,ncc,ank_7_8,1.2132530849446166,66
ank130,pretrained,mean,phase,ank_7_8,0.2990930749034629,1
ank130,pretrained,mean,ncc,ank_8_19,8.759195899755966,9
ank130,pretrained,mean,phase,ank_8_19,25.728088784475062,1
ank130,pretrained,mean,ncc,ank_8_22,6.128087877901121,20
ank130,pretrained,mean,phase,ank_8_22,30.479547333800912,1
ank130,pretrained,mean,ncc,ank_8_31,5.971348442903064,24
ank130,pretrained,mean,phase,ank_8_31,42.53529848503874,1
ank130,pretrained,mean,ncc,ank_8_41,2.866317329583753,58
ank130,pretrained,mean,phase,ank_8_41,0.2864467241602468,1
ank130,pretrained,mean,ncc,ank_9_1,3.122581105622198,42
ank130,pretrained,mean,phase,ank_9_1,14.213904870071786,1
ank130,pretrained,mean,ncc,ank_9_24,4.624252327227073,11
ank130,pretrained,mean,phase,ank_9_24,22.11182681648149,1
ank130,pretrained,mean,ncc,ank_9_25,7.875144324972805,9
ank130,pretrained,mean,phase,ank_9_25,1.021561290924477,1
ank130,C1,bt601,ncc,ank_0_10,4.499888386539557,17
ank130,C1,bt601,phase,ank_0_10,0.1534881415758418,1
ank130,C1,bt601,ncc,ank_0_16,0.4332406050798424,67
ank130,C1,bt601,phase,ank_0_16,0.1695134574777664,1
ank130,C1,bt601,ncc,ank_0_30,6.732925277015386,26
ank130,C1,bt601,phase,ank_0_30,8.016089569746713,1
ank130,C1,bt601,ncc,ank_0_41,0.8752788793959937,57
ank130,C1,bt601,phase,ank_0_41,0.3394375601510793,1
ank130,C1,bt601,ncc,ank_10_1,1.1146816798930426,15
ank130,C1,bt601,phase,ank_10_1,1.4222471393708105,1
ank130,C1,bt601,ncc,ank_11_14,1.484673342606588,28
ank130,C1,bt601,phase,ank_11_14,0.495600948278124,1
ank130,C1,bt601,ncc,ank_12_21,8.000001691115708,19
ank130,C1,bt601,phase,ank_12_21,30.37392729641571,1
ank130,C1,bt601,ncc,ank_12_28,8.01786994488967,13
ank130,C1,bt601,phase,ank_12_28,0.1114017075699539,1
ank130,C1,bt601,ncc,ank_12_35,0.5548423452590265,70
ank130,C1,bt601,phase,ank_12_35,0.1175190715457138,1
ank130,C1,bt601,ncc,ank_13_12,1.1108880496330775,76
ank130,C1,bt601,phase,ank_13_12,0.5431184624852963,1
ank130,C1,bt601,ncc,ank_13_17,2.6925525641528556,13
ank130,C1,bt601,phase,ank_13_17,5.679377311668252,1
ank130,C1,bt601,ncc,ank_13_21,3.332819868116153,10
ank130,C1,bt601,phase,ank_13_21,0.123764792458441,1
ank130,C1,bt601,ncc,ank_13_29,5.5614224863063075,25
ank130,C1,bt601,phase,ank_13_29,39.74116498719964,1
ank130,C1,bt601,ncc,ank_13_34,8.05617396850889,26
ank130,C1,bt601,phase,ank_13_34,34.69587911771635,1
ank130,C1,bt601,ncc,ank_13_6,0.644857226532035,41
ank130,C1,bt601,phase,ank_13_6,0.6406074129576401,1
ank130,C1,bt601,ncc,ank_14_33,3.0429802593834636,77
ank130,C1,bt601,phase,ank_14_33,0.9184207932472896,1
ank130,C1,bt601,ncc,ank_14_9,1.236853792944541,39
ank130,C1,bt601,phase,ank_14_9,13.619560981078804,1
ank130,C1,bt601,ncc,ank_15_22,1.7925156484340157,27
ank130,C1,bt601,phase,ank_15_22,17.967349726818856,1
ank130,C1,bt601,ncc,ank_15_41,9.21014498253884,13
ank130,C1,bt601,phase,ank_15_41,23.287798812321977,1
ank130,C1,bt601,ncc,ank_15_6,0.7670391431393203,51
ank130,C1,bt601,phase,ank_15_6,0.1972536973329753,1
ank130,C1,bt601,ncc,ank_16_36,8.005154625950638,11
ank130,C1,bt601,phase,ank_16_36,45.54222687230261,1
ank130,C1,bt601,ncc,ank_16_9,2.624300081575176,30
ank130,C1,bt601,phase,ank_16_9,0.1924710852234668,1
ank130,C1,bt601,ncc,ank_17_17,8.146854860055091,16
ank130,C1,bt601,phase,ank_17_17,22.878633023145877,1
ank130,C1,bt601,ncc,ank_17_19,2.8419929834862616,21
ank130,C1,bt601,phase,ank_17_19,0.1046469113061236,1
ank130,C1,bt601,ncc,ank_17_22,2.2179548742865327,15
ank130,C1,bt601,phase,ank_17_22,36.91244988114309,1
ank130,C1,bt601,ncc,ank_17_31,0.6368941404685936,63
ank130,C1,bt601,phase,ank_17_31,0.5456363873110371,1
ank130,C1,bt601,ncc,ank_17_32,3.8202865000322137,40
ank130,C1,bt601,phase,ank_17_32,0.1659991834860827,1
ank130,C1,bt601,ncc,ank_18_16,6.2772024507422,30
ank130,C1,bt601,phase,ank_18_16,0.114269280171669,1
ank130,C1,bt601,ncc,ank_18_27,5.44772836458756,26
ank130,C1,bt601,phase,ank_18_27,14.25954613536811,1
ank130,C1,bt601,ncc,ank_18_29,1.3838719282976095,71
ank130,C1,bt601,phase,ank_18_29,0.1692188965210967,1
ank130,C1,bt601,ncc,ank_18_37,4.857708602232103,55
ank130,C1,bt601,phase,ank_18_37,0.229693017578079,1
ank130,C1,bt601,ncc,ank_18_39,0.5447280055292092,55
ank130,C1,bt601,phase,ank_18_39,0.1130129126254532,1
ank130,C1,bt601,ncc,ank_18_7,1.0925983690559962,33
ank130,C1,bt601,phase,ank_18_7,0.556595476481167,1
ank130,C1,bt601,ncc,ank_19_15,1.370633191908119,49
ank130,C1,bt601,phase,ank_19_15,0.3796203596124314,1
ank130,C1,bt601,ncc,ank_19_33,6.672253953409079,2
ank130,C1,bt601,phase,ank_19_33,35.59138669953684,1
ank130,C1,bt601,ncc,ank_19_6,6.607642566663397,20
ank130,C1,bt601,phase,ank_19_6,0.4725769369627564,1
ank130,C1,bt601,ncc,ank_19_9,3.2630153357685363,29
ank130,C1,bt601,phase,ank_19_9,4.1965493263660285,1
ank130,C1,bt601,ncc,ank_1_34,5.443432769422868,48
ank130,C1,bt601,phase,ank_1_34,0.2402414237374786,1
ank130,C1,bt601,ncc,ank_20_10,0.9996978698100054,96
ank130,C1,bt601,phase,ank_20_10,0.1704152972624472,1
ank130,C1,bt601,ncc,ank_20_19,8.007789752863093,19
ank130,C1,bt601,phase,ank_20_19,33.09643864315599,1
ank130,C1,bt601,ncc,ank_20_37,0.5710446685190587,47
ank130,C1,bt601,phase,ank_20_37,0.0711881023364675,1
ank130,C1,bt601,ncc,ank_20_6,5.120416519584426,22
ank130,C1,bt601,phase,ank_20_6,0.1715423364955477,1
ank130,C1,bt601,ncc,ank_22_10,0.6703149888109952,80
ank130,C1,bt601,phase,ank_22_10,0.5865333415766163,1
ank130,C1,bt601,ncc,ank_22_16,6.798557164177085,10
ank130,C1,bt601,phase,ank_22_16,0.6482339221107843,1
ank130,C1,bt601,ncc,ank_22_37,2.5701157879241032,44
ank130,C1,bt601,phase,ank_22_37,0.4308082914613126,1
ank130,C1,bt601,ncc,ank_23_14,3.3522538449645634,27
ank130,C1,bt601,phase,ank_23_14,6.2815086171651595,1
ank130,C1,bt601,ncc,ank_23_28,0.888312742740723,69
ank130,C1,bt601,phase,ank_23_28,0.5922378901886756,1
ank130,C1,bt601,ncc,ank_24_0,0.990519813590622,20
ank130,C1,bt601,phase,ank_24_0,0.4609571902458149,1
ank130,C1,bt601,ncc,ank_24_12,3.335380862611176,29
ank130,C1,bt601,phase,ank_24_12,9.02604033631413,1
ank130,C1,bt601,ncc,ank_24_14,0.8375310081724946,45
ank130,C1,bt601,phase,ank_24_14,0.1739075559743532,1
ank130,C1,bt601,ncc,ank_24_3,9.517180169423382,1
ank130,C1,bt601,phase,ank_24_3,20.27093349665095,1
ank130,C1,bt601,ncc,ank_25_1,1.050547765244931,55
ank130,C1,bt601,phase,ank_25_1,0.2074600016824433,1
ank130,C1,bt601,ncc,ank_25_14,8.553260982014754,13
ank130,C1,bt601,phase,ank_25_14,1.4315945077944223,1
ank130,C1,bt601,ncc,ank_25_16,4.101613254760312,16
ank130,C1,bt601,phase,ank_25_16,12.606920072156642,1
ank130,C1,bt601,ncc,ank_25_37,6.578237914887376,30
ank130,C1,bt601,phase,ank_25_37,0.1054810920677188,1
ank130,C1,bt601,ncc,ank_26_21,5.861408766168849,27
ank130,C1,bt601,phase,ank_26_21,0.7522625857835669,1
ank130,C1,bt601,ncc,ank_26_22,2.140475421098454,29
ank130,C1,bt601,phase,ank_26_22,1.5658244801322525,1
ank130,C1,bt601,ncc,ank_26_29,0.8230589612552861,102
ank130,C1,bt601,phase,ank_26_29,0.123484525637013,1
ank130,C1,bt601,ncc,ank_26_3,1.1474689072927726,69
ank130,C1,bt601,phase,ank_26_3,0.0265002330624144,1
ank130,C1,bt601,ncc,ank_26_35,8.266612795095808,2
ank130,C1,bt601,phase,ank_26_35,1.323014523940096,1
ank130,C1,bt601,ncc,ank_26_5,0.7842206072749301,79
ank130,C1,bt601,phase,ank_26_5,0.2942265106644539,1
ank130,C1,bt601,ncc,ank_27_14,1.0897830251237537,2
ank130,C1,bt601,phase,ank_27_14,40.98974455281662,1
ank130,C1,bt601,ncc,ank_27_40,8.56802320683797,9
ank130,C1,bt601,phase,ank_27_40,31.920298398061565,1
ank130,C1,bt601,ncc,ank_28_27,4.580641747190483,47
ank130,C1,bt601,phase,ank_28_27,0.2476365604927746,1
ank130,C1,bt601,ncc,ank_28_37,0.6112289255479889,52
ank130,C1,bt601,phase,ank_28_37,0.1698236046211178,1
ank130,C1,bt601,ncc,ank_28_38,8.802644911527869,8
ank130,C1,bt601,phase,ank_28_38,0.7658154019925467,1
ank130,C1,bt601,ncc,ank_28_9,8.005647938350933,8
ank130,C1,bt601,phase,ank_28_9,0.0856778664882088,1
ank130,C1,bt601,ncc,ank_29_0,0.9741309516801084,34
ank130,C1,bt601,phase,ank_29_0,0.177455713697598,1
ank130,C1,bt601,ncc,ank_29_11,9.768547933185957,4
ank130,C1,bt601,phase,ank_29_11,32.21089824039008,1
ank130,C1,bt601,ncc,ank_29_21,8.000738882719347,13
ank130,C1,bt601,phase,ank_29_21,0.7545519836555592,1
ank130,C1,bt601,ncc,ank_29_24,0.9997327804381436,104
ank130,C1,bt601,phase,ank_29_24,0.1952604399793973,1
ank130,C1,bt601,ncc,ank_29_26,1.0034243166374288,45
ank130,C1,bt601,phase,ank_29_26,0.1258230570341366,1
ank130,C1,bt601,ncc,ank_2_12,5.251752406497811,15
ank130,C1,bt601,phase,ank_2_12,0.6631742314275998,1
ank130,C1,bt601,ncc,ank_2_23,2.394488624113313,68
ank130,C1,bt601,phase,ank_2_23,0.3039898027779052,1
ank130,C1,bt601,ncc,ank_30_30,0.7927270332729857,97
ank130,C1,bt601,phase,ank_30_30,0.3138750601781092,1
ank130,C1,bt601,ncc,ank_30_7,0.4679469131368919,68
ank130,C1,bt601,phase,ank_30_7,0.1888267345426987,1
ank130,C1,bt601,ncc,ank_31_32,0.4731962630896236,102
ank130,C1,bt601,phase,ank_31_32,0.0931511626634436,1
ank130,C1,bt601,ncc,ank_31_7,0.5840348230760581,95
ank130,C1,bt601,phase,ank_31_7,0.1529616665030335,1
ank130,C1,bt601,ncc,ank_32_12,0.7753353485683252,14
ank130,C1,bt601,phase,ank_32_12,21.37571986014696,1
ank130,C1,bt601,ncc,ank_32_21,1.5264513860989293,24
ank130,C1,bt601,phase,ank_32_21,0.0273613371337336,1
ank130,C1,bt601,ncc,ank_32_37,0.7710101664150726,77
ank130,C1,bt601,phase,ank_32_37,0.1080036565329261,1
ank130,C1,bt601,ncc,ank_33_25,0.4576476485969818,79
ank130,C1,bt601,phase,ank_33_25,0.0388751671351947,1
ank130,C1,bt601,ncc,ank_33_3,0.8738581552743343,74
ank130,C1,bt601,phase,ank_33_3,0.6789599829589749,1
ank130,C1,bt601,ncc,ank_33_34,0.5128877393641805,69
ank130,C1,bt601,phase,ank_33_34,0.1658832037997743,1
ank130,C1,bt601,ncc,ank_33_36,0.5058165737768632,98
ank130,C1,bt601,phase,ank_33_36,0.2766854704502684,1
ank130,C1,bt601,ncc,ank_34_11,0.8862057563171557,82
ank130,C1,bt601,phase,ank_34_11,0.1282429741498168,1
ank130,C1,bt601,ncc,ank_34_15,0.8477416145630311,7
ank130,C1,bt601,phase,ank_34_15,39.20395208243904,1
ank130,C1,bt601,ncc,ank_34_21,1.4073885705475375,18
ank130,C1,bt601,phase,ank_34_21,0.2803456984636723,1
ank130,C1,bt601,ncc,ank_34_30,0.4047976433916562,25
ank130,C1,bt601,phase,ank_34_30,0.1858468078654143,1
ank130,C1,bt601,ncc,ank_35_11,1.2465954940734076,66
ank130,C1,bt601,phase,ank_35_11,0.3673332843799239,1
ank130,C1,bt601,ncc,ank_35_28,0.388806856579982,75
ank130,C1,bt601,phase,ank_35_28,0.0397705427231598,1
ank130,C1,bt601,ncc,ank_35_39,2.349936740479354,41
ank130,C1,bt601,phase,ank_35_39,0.1903847177490422,1
ank130,C1,bt601,ncc,ank_35_7,1.2421340662763725,38
ank130,C1,bt601,phase,ank_35_7,0.2042096657712448,1
ank130,C1,bt601,ncc,ank_36_40,5.0886655725021726,29
ank130,C1,bt601,phase,ank_36_40,7.963607382646912,1
ank130,C1,bt601,ncc,ank_38_19,8.643394250979053,8
ank130,C1,bt601,phase,ank_38_19,0.4086654392165152,1
ank130,C1,bt601,ncc,ank_38_22,0.7012763935034749,98
ank130,C1,bt601,phase,ank_38_22,0.1058679835385926,1
ank130,C1,bt601,ncc,ank_38_24,1.0388855749144297,64
ank130,C1,bt601,phase,ank_38_24,0.2836627387054213,1
ank130,C1,bt601,ncc,ank_38_27,3.0648497578099336,21
ank130,C1,bt601,phase,ank_38_27,0.1147900454365498,1
ank130,C1,bt601,ncc,ank_38_40,5.317581287310662,51
ank130,C1,bt601,phase,ank_38_40,34.5509216213176,1
ank130,C1,bt601,ncc,ank_38_9,0.6192471063950984,29
ank130,C1,bt601,phase,ank_38_9,0.7019833102000848,1
ank130,C1,bt601,ncc,ank_39_1,8.183577957766925,9
ank130,C1,bt601,phase,ank_39_1,0.1895704234532232,1
ank130,C1,bt601,ncc,ank_3_13,1.5192608496459568,36
ank130,C1,bt601,phase,ank_3_13,0.0221079438090469,1
ank130,C1,bt601,ncc,ank_3_25,5.5935124458328085,14
ank130,C1,bt601,phase,ank_3_25,3.0516351347063293,1
ank130,C1,bt601,ncc,ank_3_29,4.851529165198479,4
ank130,C1,bt601,phase,ank_3_29,51.50206362023309,1
ank130,C1,bt601,ncc,ank_3_34,0.4965270581567536,110
ank130,C1,bt601,phase,ank_3_34,0.5029233479961078,1
ank130,C1,bt601,ncc,ank_3_39,3.5121180503542133,36
ank130,C1,bt601,phase,ank_3_39,10.045018044984564,1
ank130,C1,bt601,ncc,ank_3_9,1.0096707177669355,27
ank130,C1,bt601,phase,ank_3_9,0.0201727574713017,1
ank130,C1,bt601,ncc,ank_40_19,0.6431347065913617,38
ank130,C1,bt601,phase,ank_40_19,0.2763678338459052,1
ank130,C1,bt601,ncc,ank_40_2,2.6934764831697393,18
ank130,C1,bt601,phase,ank_40_2,0.3875853069288427,1
ank130,C1,bt601,ncc,ank_40_40,8.43032992519471,20
ank130,C1,bt601,phase,ank_40_40,0.4156526563151999,1
ank130,C1,bt601,ncc,ank_41_0,1.9228394694914548,39
ank130,C1,bt601,phase,ank_41_0,0.0293455123015176,1
ank130,C1,bt601,ncc,ank_41_1,6.451473609996913,31
ank130,C1,bt601,phase,ank_41_1,0.0896041805607773,1
ank130,C1,bt601,ncc,ank_41_19,8.284070336091343,12
ank130,C1,bt601,phase,ank_41_19,0.2132237096343785,1
ank130,C1,bt601,ncc,ank_41_40,8.067197710643557,15
ank130,C1,bt601,phase,ank_41_40,21.47014083625742,1
ank130,C1,bt601,ncc,ank_4_23,6.760027082002741,29
ank130,C1,bt601,phase,ank_4_23,32.48383278167944,1
ank130,C1,bt601,ncc,ank_4_41,2.280746934055564,52
ank130,C1,bt601,phase,ank_4_41,0.19580681317449,1
ank130,C1,bt601,ncc,ank_5_12,0.5671929575033107,83
ank130,C1,bt601,phase,ank_5_12,0.3317091187714946,1
ank130,C1,bt601,ncc,ank_5_40,7.780135427611632,9
ank130,C1,bt601,phase,ank_5_40,36.69820790580341,1
ank130,C1,bt601,ncc,ank_5_5,1.727160591734905,52
ank130,C1,bt601,phase,ank_5_5,0.666305277035685,1
ank130,C1,bt601,ncc,ank_6_10,2.6308582726125453,20
ank130,C1,bt601,phase,ank_6_10,1.1354434600133805,1
ank130,C1,bt601,ncc,ank_6_38,1.1184514384126236,19
ank130,C1,bt601,phase,ank_6_38,21.584597360950493,1
ank130,C1,bt601,ncc,ank_7_36,8.520670291588859,18
ank130,C1,bt601,phase,ank_7_36,28.87521401461946,1
ank130,C1,bt601,ncc,ank_7_8,1.6929134174620128,45
ank130,C1,bt601,phase,ank_7_8,0.2771829651991848,1
ank130,C1,bt601,ncc,ank_8_19,6.164614241163809,12
ank130,C1,bt601,phase,ank_8_19,35.21135044935974,1
ank130,C1,bt601,ncc,ank_8_22,4.677569702231393,33
ank130,C1,bt601,phase,ank_8_22,39.56419426009977,1
ank130,C1,bt601,ncc,ank_8_31,2.2828339907414863,43
ank130,C1,bt601,phase,ank_8_31,0.6040265925103581,1
ank130,C1,bt601,ncc,ank_8_41,0.8546924651833785,89
ank130,C1,bt601,phase,ank_8_41,0.1004050679010365,1
ank130,C1,bt601,ncc,ank_9_1,1.867910638711478,31
ank130,C1,bt601,phase,ank_9_1,1.4270242818889236,1
ank130,C1,bt601,ncc,ank_9_24,1.6264344785432894,45
ank130,C1,bt601,phase,ank_9_24,0.2392320672665147,1
ank130,C1,bt601,ncc,ank_9_25,0.7154820036609597,33
ank130,C1,bt601,phase,ank_9_25,0.1167240727273161,1
ank130,C1,mean,ncc,ank_0_10,3.8316199226589056,16
ank130,C1,mean,phase,ank_0_10,0.1384704987410917,1
ank130,C1,mean,ncc,ank_0_16,0.4623840522453895,66
ank130,C1,mean,phase,ank_0_16,0.1156508995713469,1
ank130,C1,mean,ncc,ank_0_30,6.447343859518957,25
ank130,C1,mean,phase,ank_0_30,7.718027825720381,1
ank130,C1,mean,ncc,ank_0_41,0.8943312511482031,56
ank130,C1,mean,phase,ank_0_41,1.1253632030868164,1
ank130,C1,mean,ncc,ank_10_1,0.5964466290931028,14
ank130,C1,mean,phase,ank_10_1,12.00632817627285,1
ank130,C1,mean,ncc,ank_11_14,1.4168982440488374,27
ank130,C1,mean,phase,ank_11_14,0.5256153508841892,1
ank130,C1,mean,ncc,ank_12_21,7.352641050021853,17
ank130,C1,mean,phase,ank_12_21,26.18970076660829,1
ank130,C1,mean,ncc,ank_12_28,8.062666428260027,12
ank130,C1,mean,phase,ank_12_28,0.0511934263178705,1
ank130,C1,mean,ncc,ank_12_35,0.5836825134277184,70
ank130,C1,mean,phase,ank_12_35,0.502698206720319,1
ank130,C1,mean,ncc,ank_13_12,1.121795751937964,75
ank130,C1,mean,phase,ank_13_12,0.2703974921615506,1
ank130,C1,mean,ncc,ank_13_17,2.5699089136559485,17
ank130,C1,mean,phase,ank_13_17,0.8560773252206587,1
ank130,C1,mean,ncc,ank_13_21,6.917232217390212,14
ank130,C1,mean,phase,ank_13_21,0.0682918387317675,1
ank130,C1,mean,ncc,ank_13_29,5.622043945219229,23
ank130,C1,mean,phase,ank_13_29,33.514521463376575,1
ank130,C1,mean,ncc,ank_13_34,8.323673722842194,25
ank130,C1,mean,phase,ank_13_34,15.168515187225696,1
ank130,C1,mean,ncc,ank_13_6,0.6280445890041882,41
ank130,C1,mean,phase,ank_13_6,0.6882031459886075,1
ank130,C1,mean,ncc,ank_14_33,3.029164196526556,79
ank130,C1,mean,phase,ank_14_33,1.2659126627906327,1
ank130,C1,mean,ncc,ank_14_9,1.2304667606803663,38
ank130,C1,mean,phase,ank_14_9,13.61264296872403,1
ank130,C1,mean,ncc,ank_15_22,1.7730733140407042,30
ank130,C1,mean,phase,ank_15_22,2.694070167902316,1
ank130,C1,mean,ncc,ank_15_41,9.1623024184112,13
ank130,C1,mean,phase,ank_15_41,29.52017967546881,1
ank130,C1,mean,ncc,ank_15_6,0.7380884459890933,52
ank130,C1,mean,phase,ank_15_6,0.1078462628993446,1
ank130,C1,mean,ncc,ank_16_36,8.00395922462516,11
ank130,C1,mean,phase,ank_16_36,31.86520645005832,1
ank130,C1,mean,ncc,ank_16_9,2.2029193237379747,30
ank130,C1,mean,phase,ank_16_9,0.1223704523347153,1
ank130,C1,mean,ncc,ank_17_17,7.494216780260643,17
ank130,C1,mean,phase,ank_17_17,42.057789362413175,1
ank130,C1,mean,ncc,ank_17_19,2.8694714353110284,22
ank130,C1,mean,phase,ank_17_19,0.1750078576238023,1
ank130,C1,mean,ncc,ank_17_22,4.590084939958288,17
ank130,C1,mean,phase,ank_17_22,70.79061254012696,1
ank130,C1,mean,ncc,ank_17_31,0.5932178216912767,64
ank130,C1,mean,phase,ank_17_31,0.5970511406091374,1
ank130,C1,mean,ncc,ank_17_32,3.4038986803026674,40
ank130,C1,mean,phase,ank_17_32,1.119036520510612,1
ank130,C1,mean,ncc,ank_18_16,6.859798251048773,28
ank130,C1,mean,phase,ank_18_16,0.0846691999131402,1
ank130,C1,mean,ncc,ank_18_27,5.285534256849811,22
ank130,C1,mean,phase,ank_18_27,21.66667744743974,1
ank130,C1,mean,ncc,ank_18_29,1.350690154181043,70
ank130,C1,mean,phase,ank_18_29,0.2636105012506414,1
ank130,C1,mean,ncc,ank_18_37,4.14627945633595,54
ank130,C1,mean,phase,ank_18_37,0.2874710890555361,1
ank130,C1,mean,ncc,ank_18_39,0.560109014399478,56
ank130,C1,mean,phase,ank_18_39,0.071193786605067,1
ank130,C1,mean,ncc,ank_18_7,1.109561920677302,34
ank130,C1,mean,phase,ank_18_7,0.3498033667898577,1
ank130,C1,mean,ncc,ank_19_15,1.3915462558432914,49
ank130,C1,mean,phase,ank_19_15,0.2216299294814952,1
ank130,C1,mean,ncc,ank_19_33,6.671064161639348,2
ank130,C1,mean,phase,ank_19_33,28.56497811759573,1
ank130,C1,mean,ncc,ank_19_6,6.671350135223502,20
ank130,C1,mean,phase,ank_19_6,0.298778126137397,1
ank130,C1,mean,ncc,ank_19_9,3.221266518235042,31
ank130,C1,mean,phase,ank_19_9,4.246791944289366,1
ank130,C1,mean,ncc,ank_1_34,5.482833873744843,49
ank130,C1,mean,phase,ank_1_34,0.1730886524419713,1
ank130,C1,mean,ncc,ank_20_10,1.006571763540565,96
ank130,C1,mean,phase,ank_20_10,0.1614786704966004,1
ank130,C1,mean,ncc,ank_20_19,8.006155313776421,18
ank130,C1,mean,phase,ank_20_19,44.73873843196811,1
ank130,C1,mean,ncc,ank_20_37,0.5313556050971613,50
ank130,C1,mean,phase,ank_20_37,0.0652287499531293,1
ank130,C1,mean,ncc,ank_20_6,4.964270481869455,24
ank130,C1,mean,phase,ank_20_6,0.1249840853555781,1
ank130,C1,mean,ncc,ank_22_10,0.7154678099463809,85
ank130,C1,mean,phase,ank_22_10,0.6438170891790942,1
ank130,C1,mean,ncc,ank_22_16,7.855912317111991,14
ank130,C1,mean,phase,ank_22_16,0.6859514810348989,1
ank130,C1,mean,ncc,ank_22_37,2.906745749559407,45
ank130,C1,mean,phase,ank_22_37,0.4203721672426736,1
ank130,C1,mean,ncc,ank_23_14,3.3512136862771857,26
ank130,C1,mean,phase,ank_23_14,6.270535700152045,1
ank130,C1,mean,ncc,ank_23_28,0.8146979364442017,72
ank130,C1,mean,phase,ank_23_28,0.5537355495195523,1
ank130,C1,mean,ncc,ank_24_0,0.9094719412409772,20
ank130,C1,mean,phase,ank_24_0,0.1594570223360645,1
ank130,C1,mean,ncc,ank_24_12,4.209686350616941,33
ank130,C1,mean,phase,ank_24_12,8.480672782234562,1
ank130,C1,mean,ncc,ank_24_14,0.7623086811871339,43
ank130,C1,mean,phase,ank_24_14,0.1644912278865559,1
ank130,C1,mean,ncc,ank_24_3,9.660701947492871,1
ank130,C1,mean,phase,ank_24_3,30.02374400212188,1
ank130,C1,mean,ncc,ank_25_1,1.113738060051476,55
ank130,C1,mean,phase,ank_25_1,0.2684083242464332,1
ank130,C1,mean,ncc,ank_25_14,8.283925780528197,13
ank130,C1,mean,phase,ank_25_14,0.9820078059352624,1
ank130,C1,mean,ncc,ank_25_16,4.05022636621022,17
ank130,C1,mean,phase,ank_25_16,52.67742252424552,1
ank130,C1,mean,ncc,ank_25_37,6.5165457061739005,31
ank130,C1,mean,phase,ank_25_37,0.1297693573292754,1
ank130,C1,mean,ncc,ank_26_21,6.041618326742731,30
ank130,C1,mean,phase,ank_26_21,0.7031888701033274,1
ank130,C1,mean,ncc,ank_26_22,1.9811176400056807,36
ank130,C1,mean,phase,ank_26_22,1.9238658940177065,1
ank130,C1,mean,ncc,ank_26_29,0.7778767173907217,102
ank130,C1,mean,phase,ank_26_29,0.1534909437890927,1
ank130,C1,mean,ncc,ank_26_3,1.0563747137363293,67
ank130,C1,mean,phase,ank_26_3,0.2257699575183528,1
ank130,C1,mean,ncc,ank_26_35,8.26357365542653,2
ank130,C1,mean,phase,ank_26_35,1.3709364711509544,1
ank130,C1,mean,ncc,ank_26_5,0.817644266940385,79
ank130,C1,mean,phase,ank_26_5,0.3343173002347812,1
ank130,C1,mean,ncc,ank_27_14,0.995121795845422,2
ank130,C1,mean,phase,ank_27_14,40.350796264511615,1
ank130,C1,mean,ncc,ank_27_40,9.068530401123732,10
ank130,C1,mean,phase,ank_27_40,0.1654202208823605,1
ank130,C1,mean,ncc,ank_28_27,4.6473071597655515,47
ank130,C1,mean,phase,ank_28_27,0.2803314049562669,1
ank130,C1,mean,ncc,ank_28_37,0.6072469254277959,50
ank130,C1,mean,phase,ank_28_37,0.1607159178527377,1
ank130,C1,mean,ncc,ank_28_38,8.298109925427182,8
ank130,C1,mean,phase,ank_28_38,0.6623477718644507,1
ank130,C1,mean,ncc,ank_28_9,8.153603853907097,10
ank130,C1,mean,phase,ank_28_9,23.500238569020155,1
ank130,C1,mean,ncc,ank_29_0,0.9655733899888512,34
ank130,C1,mean,phase,ank_29_0,0.3051686005105514,1
ank130,C1,mean,ncc,ank_29_11,8.141176889844408,7
ank130,C1,mean,phase,ank_29_11,12.163521956157291,1
ank130,C1,mean,ncc,ank_29_21,8.0005866324354,10
ank130,C1,mean,phase,ank_29_21,1.251701045216527,1
ank130,C1,mean,ncc,ank_29_24,0.9870239684949308,106
ank130,C1,mean,phase,ank_29_24,0.4180418437924425,1
ank130,C1,mean,ncc,ank_29_26,0.9640617630561564,44
ank130,C1,mean,phase,ank_29_26,0.2241470312408717,1
ank130,C1,mean,ncc,ank_2_12,1.5988527232670884,16
ank130,C1,mean,phase,ank_2_12,0.3279968521559455,1
ank130,C1,mean,ncc,ank_2_23,2.292222365491155,69
ank130,C1,mean,phase,ank_2_23,0.2348748017461151,1
ank130,C1,mean,ncc,ank_30_30,0.8114283067866951,98
ank130,C1,mean,phase,ank_30_30,0.2591247053670538,1
ank130,C1,mean,ncc,ank_30_7,0.4813649073138439,68
ank130,C1,mean,phase,ank_30_7,0.2093321729287378,1
ank130,C1,mean,ncc,ank_31_32,0.4564931909157956,103
ank130,C1,mean,phase,ank_31_32,0.1311122027919033,1
ank130,C1,mean,ncc,ank_31_7,0.5981761406458599,95
ank130,C1,mean,phase,ank_31_7,0.1999291692227256,1
ank130,C1,mean,ncc,ank_32_12,0.7322161235793334,14
ank130,C1,mean,phase,ank_32_12,21.422259326442116,1
ank130,C1,mean,ncc,ank_32_21,1.314520591223722,22
ank130,C1,mean,phase,ank_32_21,0.1333215659954805,1
ank130,C1,mean,ncc,ank_32_37,0.6818504710055154,80
ank130,C1,mean,phase,ank_32_37,0.1518701528526485,1
ank130,C1,mean,ncc,ank_33_25,0.4390844498682191,80
ank130,C1,mean,phase,ank_33_25,0.0358751223406605,1
ank130,C1,mean,ncc,ank_33_3,0.8905416177991409,73
ank130,C1,mean,phase,ank_33_3,0.65932728191817,1
ank130,C1,mean,ncc,ank_33_34,0.4709654224616102,72
ank130,C1,mean,phase,ank_33_34,0.1497638836622793,1
ank130,C1,mean,ncc,ank_33_36,0.4661881562072415,96
ank130,C1,mean,phase,ank_33_36,0.2614118778260006,1
ank130,C1,mean,ncc,ank_34_11,0.9046521113588448,81
ank130,C1,mean,phase,ank_34_11,0.12339707306394,1
ank130,C1,mean,ncc,ank_34_15,0.8508235426111551,7
ank130,C1,mean,phase,ank_34_15,0.0629524971310274,1
ank130,C1,mean,ncc,ank_34_21,1.4426933817550456,20
ank130,C1,mean,phase,ank_34_21,0.227561051443083,1
ank130,C1,mean,ncc,ank_34_30,0.3761706012381216,26
ank130,C1,mean,phase,ank_34_30,0.1927436796386321,1
ank130,C1,mean,ncc,ank_35_11,1.2299420057695165,74
ank130,C1,mean,phase,ank_35_11,0.3528642646216383,1
ank130,C1,mean,ncc,ank_35_28,0.3828309931440978,78
ank130,C1,mean,phase,ank_35_28,0.0202360808613064,1
ank130,C1,mean,ncc,ank_35_39,2.017292371260961,42
ank130,C1,mean,phase,ank_35_39,0.200043868788932,1
ank130,C1,mean,ncc,ank_35_7,0.8768598590570362,36
ank130,C1,mean,phase,ank_35_7,0.2486456212832749,1
ank130,C1,mean,ncc,ank_36_40,4.80250912069643,29
ank130,C1,mean,phase,ank_36_40,17.6720042130794,1
ank130,C1,mean,ncc,ank_38_19,8.613684881480836,7
ank130,C1,mean,phase,ank_38_19,0.6215227964071509,1
ank130,C1,mean,ncc,ank_38_22,0.6921262267516757,102
ank130,C1,mean,phase,ank_38_22,0.1183243854792836,1
ank130,C1,mean,ncc,ank_38_24,1.4203369981594522,66
ank130,C1,mean,phase,ank_38_24,0.2053499534184182,1
ank130,C1,mean,ncc,ank_38_27,3.166354751977657,20
ank130,C1,mean,phase,ank_38_27,0.0682368825219447,1
ank130,C1,mean,ncc,ank_38_40,5.015888075324126,50
ank130,C1,mean,phase,ank_38_40,20.546200959668123,1
ank130,C1,mean,ncc,ank_38_9,0.5756472123719276,27
ank130,C1,mean,phase,ank_38_9,0.5025119365620478,1
ank130,C1,mean,ncc,ank_39_1,8.16588972162667,10
ank130,C1,mean,phase,ank_39_1,0.1604966629295289,1
ank130,C1,mean,ncc,ank_3_13,1.4541847468571218,36
ank130,C1,mean,phase,ank_3_13,0.0164031099735037,1
ank130,C1,mean,ncc,ank_3_25,5.759402450030151,15
ank130,C1,mean,phase,ank_3_25,7.3890697826011165,1
ank130,C1,mean,ncc,ank_3_29,4.767343026684507,4
ank130,C1,mean,phase,ank_3_29,29.08596772287808,1
ank130,C1,mean,ncc,ank_3_34,0.4924735817074539,107
ank130,C1,mean,phase,ank_3_34,0.3315132789189918,1
ank130,C1,mean,ncc,ank_3_39,6.379323310926607,41
ank130,C1,mean,phase,ank_3_39,10.13204051656471,1
ank130,C1,mean,ncc,ank_3_9,1.221485225434198,30
ank130,C1,mean,phase,ank_3_9,0.0224361851010173,1
ank130,C1,mean,ncc,ank_40_19,0.6521116431539412,39
ank130,C1,mean,phase,ank_40_19,0.2116338449464604,1
ank130,C1,mean,ncc,ank_40_2,2.303237006339744,18
ank130,C1,mean,phase,ank_40_2,0.5557261717403672,1
ank130,C1,mean,ncc,ank_40_40,8.436304909777675,20
ank130,C1,mean,phase,ank_40_40,0.4035807638378268,1
ank130,C1,mean,ncc,ank_41_0,2.0792078918293364,41
ank130,C1,mean,phase,ank_41_0,0.0943952950185905,1
ank130,C1,mean,ncc,ank_41_1,6.164038572544126,28
ank130,C1,mean,phase,ank_41_1,0.6281402037414351,1
ank130,C1,mean,ncc,ank_41_19,8.2880451547738,12
ank130,C1,mean,phase,ank_41_19,0.1422585244977852,1
ank130,C1,mean,ncc,ank_41_40,8.051661429153013,15
ank130,C1,mean,phase,ank_41_40,10.614631939727872,1
ank130,C1,mean,ncc,ank_4_23,6.693284691786448,27
ank130,C1,mean,phase,ank_4_23,21.975576343419373,1
ank130,C1,mean,ncc,ank_4_41,2.5396736803941606,56
ank130,C1,mean,phase,ank_4_41,0.3130011873282697,1
ank130,C1,mean,ncc,ank_5_12,0.4897852547967949,80
ank130,C1,mean,phase,ank_5_12,0.291984443662072,1
ank130,C1,mean,ncc,ank_5_40,5.514564339743446,9
ank130,C1,mean,phase,ank_5_40,35.433519914082225,1
ank130,C1,mean,ncc,ank_5_5,1.7343712628194945,50
ank130,C1,mean,phase,ank_5_5,0.7040222509365295,1
ank130,C1,mean,ncc,ank_6_10,2.52586825490785,18
ank130,C1,mean,phase,ank_6_10,0.7343356334841576,1
ank130,C1,mean,ncc,ank_6_38,1.1582385379792388,18
ank130,C1,mean,phase,ank_6_38,19.902419936858028,1
ank130,C1,mean,ncc,ank_7_36,8.54336207838573,18
ank130,C1,mean,phase,ank_7_36,29.896187117429022,1
ank130,C1,mean,ncc,ank_7_8,1.88981481106806,42
ank130,C1,mean,phase,ank_7_8,0.2255629147894472,1
ank130,C1,mean,ncc,ank_8_19,7.5571114841151825,14
ank130,C1,mean,phase,ank_8_19,20.37662877594954,1
ank130,C1,mean,ncc,ank_8_22,4.637163418246519,36
ank130,C1,mean,phase,ank_8_22,37.80995963233439,1
ank130,C1,mean,ncc,ank_8_31,2.2461760778115267,45
ank130,C1,mean,phase,ank_8_31,0.8354056818372209,1
ank130,C1,mean,ncc,ank_8_41,0.8350271984805449,90
ank130,C1,mean,phase,ank_8_41,0.1305389735271235,1
ank130,C1,mean,ncc,ank_9_1,2.331589233736271,29
ank130,C1,mean,phase,ank_9_1,2.1186667838942745,1
ank130,C1,mean,ncc,ank_9_24,1.60278157654601,47
ank130,C1,mean,phase,ank_9_24,0.1438654370383288,1
ank130,C1,mean,ncc,ank_9_25,0.7714819090667601,33
ank130,C1,mean,phase,ank_9_25,0.1395863026740265,1
ank130,C2,bt601,ncc,ank_0_10,1.2094281100257116,26
ank130,C2,bt601,phase,ank_0_10,0.2107445489319421,1
ank130,C2,bt601,ncc,ank_0_16,0.3128893351136061,100
ank130,C2,bt601,phase,ank_0_16,0.1004060402177612,1
ank130,C2,bt601,ncc,ank_0_30,8.020953806330638,48
ank130,C2,bt601,phase,ank_0_30,0.4085487603960077,1
ank130,C2,bt601,ncc,ank_0_41,0.6535486933661067,73
ank130,C2,bt601,phase,ank_0_41,0.103168812896977,1
ank130,C2,bt601,ncc,ank_10_1,0.6588121342627785,95
ank130,C2,bt601,phase,ank_10_1,1.5374640185969517,1
ank130,C2,bt601,ncc,ank_11_14,0.4055961690569883,75
ank130,C2,bt601,phase,ank_11_14,0.2200370474375352,1
ank130,C2,bt601,ncc,ank_12_21,5.683795095113736,48
ank130,C2,bt601,phase,ank_12_21,0.0192994187463719,1
ank130,C2,bt601,ncc,ank_12_28,7.974646272163467,30
ank130,C2,bt601,phase,ank_12_28,0.2743216483893003,1
ank130,C2,bt601,ncc,ank_12_35,0.3732827240424414,103
ank130,C2,bt601,phase,ank_12_35,0.170963794667701,1
ank130,C2,bt601,ncc,ank_13_12,0.4752314005695918,107
ank130,C2,bt601,phase,ank_13_12,0.1081741177725565,1
ank130,C2,bt601,ncc,ank_13_17,0.9673789377893834,41
ank130,C2,bt601,phase,ank_13_17,0.1606839527804779,1
ank130,C2,bt601,ncc,ank_13_21,0.6669612942411097,42
ank130,C2,bt601,phase,ank_13_21,0.0601855348958017,1
ank130,C2,bt601,ncc,ank_13_29,1.175711471992288,55
ank130,C2,bt601,phase,ank_13_29,0.0620687691245252,1
ank130,C2,bt601,ncc,ank_13_34,9.318000712272154,37
ank130,C2,bt601,phase,ank_13_34,0.1752293862485106,1
ank130,C2,bt601,ncc,ank_13_6,0.3819607547910287,121
ank130,C2,bt601,phase,ank_13_6,0.4748298695984544,1
ank130,C2,bt601,ncc,ank_14_33,1.176299144222673,99
ank130,C2,bt601,phase,ank_14_33,0.2054949082254736,1
ank130,C2,bt601,ncc,ank_14_9,0.4418678314212847,80
ank130,C2,bt601,phase,ank_14_9,0.0449494002128884,1
ank130,C2,bt601,ncc,ank_15_22,0.8146839459733808,54
ank130,C2,bt601,phase,ank_15_22,0.1640863212193653,1
ank130,C2,bt601,ncc,ank_15_41,8.155940298864323,27
ank130,C2,bt601,phase,ank_15_41,0.141584017026244,1
ank130,C2,bt601,ncc,ank_15_6,0.3794395271419729,116
ank130,C2,bt601,phase,ank_15_6,0.1743301477900543,1
ank130,C2,bt601,ncc,ank_16_36,8.510913436673732,36
ank130,C2,bt601,phase,ank_16_36,33.49421006289674,1
ank130,C2,bt601,ncc,ank_16_9,0.9027994869963804,51
ank130,C2,bt601,phase,ank_16_9,0.0757746995311939,1
ank130,C2,bt601,ncc,ank_17_17,4.790377709663186,29
ank130,C2,bt601,phase,ank_17_17,0.8280687644270687,1
ank130,C2,bt601,ncc,ank_17_19,1.596575114169784,38
ank130,C2,bt601,phase,ank_17_19,0.1310758969684338,1
ank130,C2,bt601,ncc,ank_17_22,0.8455263325832058,32
ank130,C2,bt601,phase,ank_17_22,0.0723689397221014,1
ank130,C2,bt601,ncc,ank_17_31,0.5824734521386425,104
ank130,C2,bt601,phase,ank_17_31,0.3988837438523442,1
ank130,C2,bt601,ncc,ank_17_32,1.1508907913882451,90
ank130,C2,bt601,phase,ank_17_32,0.1701332855049677,1
ank130,C2,bt601,ncc,ank_18_16,1.1569659626792768,62
ank130,C2,bt601,phase,ank_18_16,0.2493689289615018,1
ank130,C2,bt601,ncc,ank_18_27,1.7772251545837374,50
ank130,C2,bt601,phase,ank_18_27,0.1777728500682266,1
ank130,C2,bt601,ncc,ank_18_29,0.8107310060922779,104
ank130,C2,bt601,phase,ank_18_29,0.1448923869851743,1
ank130,C2,bt601,ncc,ank_18_37,1.2085947107404449,62
ank130,C2,bt601,phase,ank_18_37,0.2092579374357584,1
ank130,C2,bt601,ncc,ank_18_39,0.6039407721548414,79
ank130,C2,bt601,phase,ank_18_39,0.1138462746093161,1
ank130,C2,bt601,ncc,ank_18_7,0.7123431373433478,74
ank130,C2,bt601,phase,ank_18_7,0.1015876235826529,1
ank130,C2,bt601,ncc,ank_19_15,0.5806758380573811,96
ank130,C2,bt601,phase,ank_19_15,0.246513764064821,1
ank130,C2,bt601,ncc,ank_19_33,6.6613992399849,52
ank130,C2,bt601,phase,ank_19_33,19.983506512013996,1
ank130,C2,bt601,ncc,ank_19_6,1.600490008404016,31
ank130,C2,bt601,phase,ank_19_6,0.2894409716205576,1
ank130,C2,bt601,ncc,ank_19_9,1.33723402467698,53
ank130,C2,bt601,phase,ank_19_9,0.2188735168289662,1
ank130,C2,bt601,ncc,ank_1_34,2.1270453340925153,57
ank130,C2,bt601,phase,ank_1_34,0.1811403908568891,1
ank130,C2,bt601,ncc,ank_20_10,0.3831899236447912,121
ank130,C2,bt601,phase,ank_20_10,0.1161305384878745,1
ank130,C2,bt601,ncc,ank_20_19,6.1832574140665395,37
ank130,C2,bt601,phase,ank_20_19,0.3325959446875469,1
ank130,C2,bt601,ncc,ank_20_37,0.4738423164551701,80
ank130,C2,bt601,phase,ank_20_37,0.1572565458775919,1
ank130,C2,bt601,ncc,ank_20_6,0.8116744089601682,59
ank130,C2,bt601,phase,ank_20_6,0.1836576859935849,1
ank130,C2,bt601,ncc,ank_22_10,0.6332790153465578,121
ank130,C2,bt601,phase,ank_22_10,0.2170859361674564,1
ank130,C2,bt601,ncc,ank_22_16,0.9429829601212932,31
ank130,C2,bt601,phase,ank_22_16,0.7363584590612046,1
ank130,C2,bt601,ncc,ank_22_37,1.002559221489541,63
ank130,C2,bt601,phase,ank_22_37,0.5793374562846411,1
ank130,C2,bt601,ncc,ank_23_14,1.316108592092176,44
ank130,C2,bt601,phase,ank_23_14,0.8921954240622715,1
ank130,C2,bt601,ncc,ank_23_28,0.4832574476666236,85
ank130,C2,bt601,phase,ank_23_28,0.1016624479596463,1
ank130,C2,bt601,ncc,ank_24_0,0.8526050475996634,66
ank130,C2,bt601,phase,ank_24_0,0.1748531432529338,1
ank130,C2,bt601,ncc,ank_24_12,3.6015402217466477,60
ank130,C2,bt601,phase,ank_24_12,0.2622960754479143,1
ank130,C2,bt601,ncc,ank_24_14,0.3356282852538595,79
ank130,C2,bt601,phase,ank_24_14,0.0838336546767661,1
ank130,C2,bt601,ncc,ank_24_3,8.14371770285928,20
ank130,C2,bt601,phase,ank_24_3,38.31262061945845,1
ank130,C2,bt601,ncc,ank_25_1,0.5615493350832874,97
ank130,C2,bt601,phase,ank_25_1,0.1818245415117694,1
ank130,C2,bt601,ncc,ank_25_14,0.7775932893606183,42
ank130,C2,bt601,phase,ank_25_14,0.0896907555796529,1
ank130,C2,bt601,ncc,ank_25_16,2.3171527765963704,53
ank130,C2,bt601,phase,ank_25_16,1.1537508887838948,1
ank130,C2,bt601,ncc,ank_25_37,2.06593813038097,41
ank130,C2,bt601,phase,ank_25_37,0.2413699243112663,1
ank130,C2,bt601,ncc,ank_26_21,3.121064313883146,44
ank130,C2,bt601,phase,ank_26_21,0.081256011782963,1
ank130,C2,bt601,ncc,ank_26_22,0.9178757004596684,62
ank130,C2,bt601,phase,ank_26_22,0.2633382912210948,1
ank130,C2,bt601,ncc,ank_26_29,0.6400918530411596,118
ank130,C2,bt601,phase,ank_26_29,0.1141731869910001,1
ank130,C2,bt601,ncc,ank_26_3,0.6483475088056965,94
ank130,C2,bt601,phase,ank_26_3,0.1474514719143586,1
ank130,C2,bt601,ncc,ank_26_35,4.88168361792419,3
ank130,C2,bt601,phase,ank_26_35,0.2298304629419333,1
ank130,C2,bt601,ncc,ank_26_5,0.4637566361620918,116
ank130,C2,bt601,phase,ank_26_5,0.1506744059695241,1
ank130,C2,bt601,ncc,ank_27_14,5.134879188854625,15
ank130,C2,bt601,phase,ank_27_14,7.999657110287672,1
ank130,C2,bt601,ncc,ank_27_40,8.08075894372124,40
ank130,C2,bt601,phase,ank_27_40,0.0996241947779873,1
ank130,C2,bt601,ncc,ank_28_27,1.389820018277082,89
ank130,C2,bt601,phase,ank_28_27,0.2045804290221229,1
ank130,C2,bt601,ncc,ank_28_37,0.5283967854717074,85
ank130,C2,bt601,phase,ank_28_37,0.1417324727441744,1
ank130,C2,bt601,ncc,ank_28_38,8.151864714078615,45
ank130,C2,bt601,phase,ank_28_38,0.4534744522227171,1
ank130,C2,bt601,ncc,ank_28_9,3.089039607089531,37
ank130,C2,bt601,phase,ank_28_9,0.3385677018291013,1
ank130,C2,bt601,ncc,ank_29_0,0.5357357553817039,64
ank130,C2,bt601,phase,ank_29_0,0.191723362407405,1
ank130,C2,bt601,ncc,ank_29_11,8.599374190189305,32
ank130,C2,bt601,phase,ank_29_11,0.2902062937958722,1
ank130,C2,bt601,ncc,ank_29_21,1.6746705040057166,29
ank130,C2,bt601,phase,ank_29_21,0.138235018351932,1
ank130,C2,bt601,ncc,ank_29_24,0.6636444135513445,127
ank130,C2,bt601,phase,ank_29_24,0.2021308460733589,1
ank130,C2,bt601,ncc,ank_29_26,0.5190973010645621,70
ank130,C2,bt601,phase,ank_29_26,0.1264873712214853,1
ank130,C2,bt601,ncc,ank_2_12,0.3293347953372372,73
ank130,C2,bt601,phase,ank_2_12,0.1190482916663626,1
ank130,C2,bt601,ncc,ank_2_23,0.9767243210599384,81
ank130,C2,bt601,phase,ank_2_23,0.2835357643073102,1
ank130,C2,bt601,ncc,ank_30_30,0.4437743191862245,112
ank130,C2,bt601,phase,ank_30_30,0.1457089179842065,1
ank130,C2,bt601,ncc,ank_30_7,0.5393981222355237,100
ank130,C2,bt601,phase,ank_30_7,0.3096147667370149,1
ank130,C2,bt601,ncc,ank_31_32,0.4420940026050107,122
ank130,C2,bt601,phase,ank_31_32,0.1989586356169214,1
ank130,C2,bt601,ncc,ank_31_7,0.3830924228282293,133
ank130,C2,bt601,phase,ank_31_7,0.0680533255895549,1
ank130,C2,bt601,ncc,ank_32_12,0.8077915341330941,42
ank130,C2,bt601,phase,ank_32_12,0.2568148990240705,1
ank130,C2,bt601,ncc,ank_32_21,0.6684852146954171,70
ank130,C2,bt601,phase,ank_32_21,0.2872264870006201,1
ank130,C2,bt601,ncc,ank_32_37,0.4813013234856648,101
ank130,C2,bt601,phase,ank_32_37,0.0561580100429677,1
ank130,C2,bt601,ncc,ank_33_25,0.3397520039203855,105
ank130,C2,bt601,phase,ank_33_25,0.1084160316358339,1
ank130,C2,bt601,ncc,ank_33_3,0.5707202862570321,133
ank130,C2,bt601,phase,ank_33_3,0.3687885844187522,1
ank130,C2,bt601,ncc,ank_33_34,0.4639839385548867,97
ank130,C2,bt601,phase,ank_33_34,0.068231332794006,1
ank130,C2,bt601,ncc,ank_33_36,0.4448593189861169,119
ank130,C2,bt601,phase,ank_33_36,0.1829229732877119,1
ank130,C2,bt601,ncc,ank_34_11,0.4438475761836768,117
ank130,C2,bt601,phase,ank_34_11,0.0120235676472286,1
ank130,C2,bt601,ncc,ank_34_15,0.5332069466092223,19
ank130,C2,bt601,phase,ank_34_15,0.1496926530587443,1
ank130,C2,bt601,ncc,ank_34_21,0.8245157583658341,55
ank130,C2,bt601,phase,ank_34_21,0.5046906739401501,1
ank130,C2,bt601,ncc,ank_34_30,0.4224844450269545,63
ank130,C2,bt601,phase,ank_34_30,0.0526164773624536,1
ank130,C2,bt601,ncc,ank_35_11,0.3869957151031914,132
ank130,C2,bt601,phase,ank_35_11,0.1503031678294808,1
ank130,C2,bt601,ncc,ank_35_28,0.3844007096345115,102
ank130,C2,bt601,phase,ank_35_28,0.0540198046329042,1
ank130,C2,bt601,ncc,ank_35_39,0.7676070521698202,71
ank130,C2,bt601,phase,ank_35_39,0.1307595604190242,1
ank130,C2,bt601,ncc,ank_35_7,0.4646954994836159,81
ank130,C2,bt601,phase,ank_35_7,0.196493519097461,1
ank130,C2,bt601,ncc,ank_36_40,5.640345486750053,65
ank130,C2,bt601,phase,ank_36_40,5.06725750052914,1
ank130,C2,bt601,ncc,ank_38_19,9.396259928387089,10
ank130,C2,bt601,phase,ank_38_19,0.1126428502774933,1
ank130,C2,bt601,ncc,ank_38_22,0.551570966964197,113
ank130,C2,bt601,phase,ank_38_22,0.1165453173459093,1
ank130,C2,bt601,ncc,ank_38_24,3.4631614802008537,97
ank130,C2,bt601,phase,ank_38_24,0.4091605815643221,1
ank130,C2,bt601,ncc,ank_38_27,0.7539370814858835,46
ank130,C2,bt601,phase,ank_38_27,0.1630307324713667,1
ank130,C2,bt601,ncc,ank_38_40,5.01754087247543,79
ank130,C2,bt601,phase,ank_38_40,0.8399067269724705,1
ank130,C2,bt601,ncc,ank_38_9,0.4968165059107345,95
ank130,C2,bt601,phase,ank_38_9,0.6625680112235413,1
ank130,C2,bt601,ncc,ank_39_1,7.600369904574843,69
ank130,C2,bt601,phase,ank_39_1,0.1145088782500474,1
ank130,C2,bt601,ncc,ank_3_13,0.5147428643952989,83
ank130,C2,bt601,phase,ank_3_13,0.1126736528046292,1
ank130,C2,bt601,ncc,ank_3_25,6.503700580024397,49
ank130,C2,bt601,phase,ank_3_25,0.3305446175477858,1
ank130,C2,bt601,ncc,ank_3_29,6.928143566914106,21
ank130,C2,bt601,phase,ank_3_29,21.48993963981128,1
ank130,C2,bt601,ncc,ank_3_34,0.5514579542465727,130
ank130,C2,bt601,phase,ank_3_34,0.240199703152312,1
ank130,C2,bt601,ncc,ank_3_39,2.347520114116698,50
ank130,C2,bt601,phase,ank_3_39,0.268563366694431,1
ank130,C2,bt601,ncc,ank_3_9,0.4417594477228666,83
ank130,C2,bt601,phase,ank_3_9,0.0735827720684526,1
ank130,C2,bt601,ncc,ank_40_19,0.5270814717029078,65
ank130,C2,bt601,phase,ank_40_19,0.2109540582479651,1
ank130,C2,bt601,ncc,ank_40_2,2.9396321933136167,57
ank130,C2,bt601,phase,ank_40_2,0.5884655416525436,1
ank130,C2,bt601,ncc,ank_40_40,7.0126379826579015,33
ank130,C2,bt601,phase,ank_40_40,0.401999064335957,1
ank130,C2,bt601,ncc,ank_41_0,1.4205142018174826,74
ank130,C2,bt601,phase,ank_41_0,0.1036805348002638,1
ank130,C2,bt601,ncc,ank_41_1,5.934551556086973,42
ank130,C2,bt601,phase,ank_41_1,1.2213638968398883,1
ank130,C2,bt601,ncc,ank_41_19,3.756911107088148,9
ank130,C2,bt601,phase,ank_41_19,0.0836731810672519,1
ank130,C2,bt601,ncc,ank_41_40,9.108741663865011,40
ank130,C2,bt601,phase,ank_41_40,29.881432277061393,1
ank130,C2,bt601,ncc,ank_4_23,1.983490649354551,57
ank130,C2,bt601,phase,ank_4_23,0.3255268944307154,1
ank130,C2,bt601,ncc,ank_4_41,1.230353537444223,59
ank130,C2,bt601,phase,ank_4_41,0.0834897521036419,1
ank130,C2,bt601,ncc,ank_5_12,0.2895532681395608,128
ank130,C2,bt601,phase,ank_5_12,0.0867072515324337,1
ank130,C2,bt601,ncc,ank_5_40,8.67363945257602,37
ank130,C2,bt601,phase,ank_5_40,30.088187989977936,1
ank130,C2,bt601,ncc,ank_5_5,0.5155374079752402,99
ank130,C2,bt601,phase,ank_5_5,0.2376399917483251,1
ank130,C2,bt601,ncc,ank_6_10,0.7889405903218322,85
ank130,C2,bt601,phase,ank_6_10,0.6961070107276827,1
ank130,C2,bt601,ncc,ank_6_38,8.068186333134008,50
ank130,C2,bt601,phase,ank_6_38,17.14661268267485,1
ank130,C2,bt601,ncc,ank_7_36,8.752054113016456,49
ank130,C2,bt601,phase,ank_7_36,16.461118031491853,1
ank130,C2,bt601,ncc,ank_7_8,0.4082139065694797,89
ank130,C2,bt601,phase,ank_7_8,0.0948801450762799,1
ank130,C2,bt601,ncc,ank_8_19,8.004263688111525,31
ank130,C2,bt601,phase,ank_8_19,0.1676978754039518,1
ank130,C2,bt601,ncc,ank_8_22,0.7745531849711274,62
ank130,C2,bt601,phase,ank_8_22,0.1425632664018525,1
ank130,C2,bt601,ncc,ank_8_31,4.743661304217351,98
ank130,C2,bt601,phase,ank_8_31,0.7335228426863328,1
ank130,C2,bt601,ncc,ank_8_41,0.6544113666075286,98
ank130,C2,bt601,phase,ank_8_41,0.0987712908766897,1
ank130,C2,bt601,ncc,ank_9_1,1.272045058339684,64
ank130,C2,bt601,phase,ank_9_1,1.2053573344124535,1
ank130,C2,bt601,ncc,ank_9_24,1.0359346364567348,81
ank130,C2,bt601,phase,ank_9_24,0.4750098344625242,1
ank130,C2,bt601,ncc,ank_9_25,1.0161910637703513,71
ank130,C2,bt601,phase,ank_9_25,0.1898086182506305,1
ank130,C2,mean,ncc,ank_0_10,1.233146718991038,23
ank130,C2,mean,phase,ank_0_10,0.3180884806162362,1
ank130,C2,mean,ncc,ank_0_16,0.309121690763018,99
ank130,C2,mean,phase,ank_0_16,0.1244969181721183,1
ank130,C2,mean,ncc,ank_0_30,8.027665334653204,50
ank130,C2,mean,phase,ank_0_30,0.1421940883171976,1
ank130,C2,mean,ncc,ank_0_41,0.6650156825048444,73
ank130,C2,mean,phase,ank_0_41,0.1160835093207781,1
ank130,C2,mean,ncc,ank_10_1,0.5985527188343597,95
ank130,C2,mean,phase,ank_10_1,1.3391456577106282,1
ank130,C2,mean,ncc,ank_11_14,0.4028696220368841,73
ank130,C2,mean,phase,ank_11_14,0.2249439479019359,1
ank130,C2,mean,ncc,ank_12_21,5.651967019219109,51
ank130,C2,mean,phase,ank_12_21,0.0502001559236428,1
ank130,C2,mean,ncc,ank_12_28,7.846248830343425,29
ank130,C2,mean,phase,ank_12_28,0.1890720121441711,1
ank130,C2,mean,ncc,ank_12_35,0.3715652747729613,105
ank130,C2,mean,phase,ank_12_35,0.2533908810189942,1
ank130,C2,mean,ncc,ank_13_12,0.4364172070001589,107
ank130,C2,mean,phase,ank_13_12,0.1751210375465781,1
ank130,C2,mean,ncc,ank_13_17,0.9525983770401958,40
ank130,C2,mean,phase,ank_13_17,0.1763013577396211,1
ank130,C2,mean,ncc,ank_13_21,0.5862814933693271,45
ank130,C2,mean,phase,ank_13_21,0.0299508918230804,1
ank130,C2,mean,ncc,ank_13_29,1.1141151598764107,54
ank130,C2,mean,phase,ank_13_29,0.1792867987204285,1
ank130,C2,mean,ncc,ank_13_34,8.53809325818617,38
ank130,C2,mean,phase,ank_13_34,0.2070901995727665,1
ank130,C2,mean,ncc,ank_13_6,0.3841107805000773,122
ank130,C2,mean,phase,ank_13_6,0.3636475014618873,1
ank130,C2,mean,ncc,ank_14_33,1.197232206124884,100
ank130,C2,mean,phase,ank_14_33,0.1641209653138151,1
ank130,C2,mean,ncc,ank_14_9,0.4769174576475546,82
ank130,C2,mean,phase,ank_14_9,0.0588259943626768,1
ank130,C2,mean,ncc,ank_15_22,0.7429207512443898,58
ank130,C2,mean,phase,ank_15_22,0.1456980248775476,1
ank130,C2,mean,ncc,ank_15_41,8.009207496049251,29
ank130,C2,mean,phase,ank_15_41,0.1261859609405707,1
ank130,C2,mean,ncc,ank_15_6,0.3626179931474716,115
ank130,C2,mean,phase,ank_15_6,0.1787324483666273,1
ank130,C2,mean,ncc,ank_16_36,8.460817569147268,35
ank130,C2,mean,phase,ank_16_36,52.75187117097683,1
ank130,C2,mean,ncc,ank_16_9,0.8559872608126539,51
ank130,C2,mean,phase,ank_16_9,0.0476328185490111,1
ank130,C2,mean,ncc,ank_17_17,7.033961066424411,31
ank130,C2,mean,phase,ank_17_17,0.8511592122352988,1
ank130,C2,mean,ncc,ank_17_19,1.677203051983565,37
ank130,C2,mean,phase,ank_17_19,0.1625608062799511,1
ank130,C2,mean,ncc,ank_17_22,0.903782877441915,32
ank130,C2,mean,phase,ank_17_22,0.0461765430975665,1
ank130,C2,mean,ncc,ank_17_31,0.5515789827691947,104
ank130,C2,mean,phase,ank_17_31,0.2792081321249876,1
ank130,C2,mean,ncc,ank_17_32,1.0586906414275956,90
ank130,C2,mean,phase,ank_17_32,0.2560522899850089,1
ank130,C2,mean,ncc,ank_18_16,1.1358094120967603,65
ank130,C2,mean,phase,ank_18_16,0.2324617148726437,1
ank130,C2,mean,ncc,ank_18_27,1.8041036276166516,49
ank130,C2,mean,phase,ank_18_27,0.2419074501382791,1
ank130,C2,mean,ncc,ank_18_29,0.7803868898258837,101
ank130,C2,mean,phase,ank_18_29,0.1178402027237967,1
ank130,C2,mean,ncc,ank_18_37,1.1470326817618444,63
ank130,C2,mean,phase,ank_18_37,0.2229984324734922,1
ank130,C2,mean,ncc,ank_18_39,0.6061151028094707,80
ank130,C2,mean,phase,ank_18_39,0.1160397344863799,1
ank130,C2,mean,ncc,ank_18_7,0.7271303032452726,75
ank130,C2,mean,phase,ank_18_7,0.185429835870467,1
ank130,C2,mean,ncc,ank_19_15,0.5529155246627072,95
ank130,C2,mean,phase,ank_19_15,0.2628634770556242,1
ank130,C2,mean,ncc,ank_19_33,6.53277159201512,52
ank130,C2,mean,phase,ank_19_33,7.14618548450465,1
ank130,C2,mean,ncc,ank_19_6,2.96086451090209,32
ank130,C2,mean,phase,ank_19_6,0.1227336388461051,1
ank130,C2,mean,ncc,ank_19_9,1.4359347163740728,53
ank130,C2,mean,phase,ank_19_9,0.1059365260738693,1
ank130,C2,mean,ncc,ank_1_34,1.9916868083283368,53
ank130,C2,mean,phase,ank_1_34,0.1607300750191683,1
ank130,C2,mean,ncc,ank_20_10,0.3653504380437302,121
ank130,C2,mean,phase,ank_20_10,0.1014306614117825,1
ank130,C2,mean,ncc,ank_20_19,6.150698089674345,35
ank130,C2,mean,phase,ank_20_19,0.3976575853183973,1
ank130,C2,mean,ncc,ank_20_37,0.4820464979027804,81
ank130,C2,mean,phase,ank_20_37,0.1391116534780739,1
ank130,C2,mean,ncc,ank_20_6,0.8258348626892158,58
ank130,C2,mean,phase,ank_20_6,0.1636663065763073,1
ank130,C2,mean,ncc,ank_22_10,0.6317073537873488,120
ank130,C2,mean,phase,ank_22_10,0.2193543757730565,1
ank130,C2,mean,ncc,ank_22_16,0.8835306121587558,31
ank130,C2,mean,phase,ank_22_16,0.7381220746067081,1
ank130,C2,mean,ncc,ank_22_37,1.002082081025224,65
ank130,C2,mean,phase,ank_22_37,0.4368750313662472,1
ank130,C2,mean,ncc,ank_23_14,1.368422776714383,45
ank130,C2,mean,phase,ank_23_14,1.2732318164358072,1
ank130,C2,mean,ncc,ank_23_28,0.5187863189327433,90
ank130,C2,mean,phase,ank_23_28,0.147118559826077,1
ank130,C2,mean,ncc,ank_24_0,0.8174548427708188,65
ank130,C2,mean,phase,ank_24_0,0.3994128400528691,1
ank130,C2,mean,ncc,ank_24_12,3.0200870160871496,60
ank130,C2,mean,phase,ank_24_12,0.0480540955199836,1
ank130,C2,mean,ncc,ank_24_14,0.3184032031510065,77
ank130,C2,mean,phase,ank_24_14,0.1775115096909372,1
ank130,C2,mean,ncc,ank_24_3,8.015767037131734,20
ank130,C2,mean,phase,ank_24_3,67.91300971853087,1
ank130,C2,mean,ncc,ank_25_1,0.6013370952015753,96
ank130,C2,mean,phase,ank_25_1,0.1913611490214815,1
ank130,C2,mean,ncc,ank_25_14,0.8003820537529625,40
ank130,C2,mean,phase,ank_25_14,0.0603176354069242,1
ank130,C2,mean,ncc,ank_25_16,2.133358661823565,51
ank130,C2,mean,phase,ank_25_16,0.7207145534720819,1
ank130,C2,mean,ncc,ank_25_37,2.1760745187789827,42
ank130,C2,mean,phase,ank_25_37,0.2509785441618426,1
ank130,C2,mean,ncc,ank_26_21,3.5309875022032795,42
ank130,C2,mean,phase,ank_26_21,0.1682746304410762,1
ank130,C2,mean,ncc,ank_26_22,0.9469897138804824,63
ank130,C2,mean,phase,ank_26_22,0.2737107632204557,1
ank130,C2,mean,ncc,ank_26_29,0.6341952310147866,120
ank130,C2,mean,phase,ank_26_29,0.1466722502175479,1
ank130,C2,mean,ncc,ank_26_3,0.5728068198644578,94
ank130,C2,mean,phase,ank_26_3,0.0528040398559966,1
ank130,C2,mean,ncc,ank_26_35,6.5084779623458875,2
ank130,C2,mean,phase,ank_26_35,0.070314338674302,1
ank130,C2,mean,ncc,ank_26_5,0.4681084779171399,115
ank130,C2,mean,phase,ank_26_5,0.143805724060488,1
ank130,C2,mean,ncc,ank_27_14,5.672090241485185,15
ank130,C2,mean,phase,ank_27_14,24.929447451394484,1
ank130,C2,mean,ncc,ank_27_40,8.09821808043186,41
ank130,C2,mean,phase,ank_27_40,0.0777379215540809,1
ank130,C2,mean,ncc,ank_28_27,1.3539662141667528,87
ank130,C2,mean,phase,ank_28_27,0.1869119693297544,1
ank130,C2,mean,ncc,ank_28_37,0.5270750184676213,88
ank130,C2,mean,phase,ank_28_37,0.1393108070826601,1
ank130,C2,mean,ncc,ank_28_38,8.339077778463807,44
ank130,C2,mean,phase,ank_28_38,0.6331462429712981,1
ank130,C2,mean,ncc,ank_28_9,3.3066471830858464,37
ank130,C2,mean,phase,ank_28_9,0.2687657487050386,1
ank130,C2,mean,ncc,ank_29_0,0.6182985591507885,63
ank130,C2,mean,phase,ank_29_0,0.2584620153811475,1
ank130,C2,mean,ncc,ank_29_11,8.44197491311443,36
ank130,C2,mean,phase,ank_29_11,0.4031573708910086,1
ank130,C2,mean,ncc,ank_29_21,1.5781585214195089,31
ank130,C2,mean,phase,ank_29_21,0.1146158367660983,1
ank130,C2,mean,ncc,ank_29_24,0.6440124978841817,125
ank130,C2,mean,phase,ank_29_24,0.1553192264885713,1
ank130,C2,mean,ncc,ank_29_26,0.5096923848682452,71
ank130,C2,mean,phase,ank_29_26,0.1702241629459729,1
ank130,C2,mean,ncc,ank_2_12,0.338133717927386,74
ank130,C2,mean,phase,ank_2_12,0.2453391835900594,1
ank130,C2,mean,ncc,ank_2_23,0.9049183050935492,81
ank130,C2,mean,phase,ank_2_23,0.5292749037120177,1
ank130,C2,mean,ncc,ank_30_30,0.4056911943150001,111
ank130,C2,mean,phase,ank_30_30,0.1345144343702858,1
ank130,C2,mean,ncc,ank_30_7,0.5333193214587304,100
ank130,C2,mean,phase,ank_30_7,0.325422637936788,1
ank130,C2,mean,ncc,ank_31_32,0.4322832235913337,122
ank130,C2,mean,phase,ank_31_32,0.1974103753140412,1
ank130,C2,mean,ncc,ank_31_7,0.3840685894834817,133
ank130,C2,mean,phase,ank_31_7,0.1071546153850571,1
ank130,C2,mean,ncc,ank_32_12,0.8083814772306166,43
ank130,C2,mean,phase,ank_32_12,0.2632078193497593,1
ank130,C2,mean,ncc,ank_32_21,0.6805272591153254,73
ank130,C2,mean,phase,ank_32_21,0.1791242031484063,1
ank130,C2,mean,ncc,ank_32_37,0.4597645572262883,104
ank130,C2,mean,phase,ank_32_37,0.1251892116494376,1
ank130,C2,mean,ncc,ank_33_25,0.3379807827898602,106
ank130,C2,mean,phase,ank_33_25,0.0851884425432342,1
ank130,C2,mean,ncc,ank_33_3,0.5655382730078159,133
ank130,C2,mean,phase,ank_33_3,0.3801259506408413,1
ank130,C2,mean,ncc,ank_33_34,0.4581969986239729,97
ank130,C2,mean,phase,ank_33_34,0.0678946202116458,1
ank130,C2,mean,ncc,ank_33_36,0.4270837587626074,122
ank130,C2,mean,phase,ank_33_36,0.1699532074199598,1
ank130,C2,mean,ncc,ank_34_11,0.4456866303873905,117
ank130,C2,mean,phase,ank_34_11,0.0168769510836803,1
ank130,C2,mean,ncc,ank_34_15,0.5238450561303694,21
ank130,C2,mean,phase,ank_34_15,0.1310802619158287,1
ank130,C2,mean,ncc,ank_34_21,0.8252289216171554,57
ank130,C2,mean,phase,ank_34_21,0.4101635090697756,1
ank130,C2,mean,ncc,ank_34_30,0.4303678110637978,66
ank130,C2,mean,phase,ank_34_30,0.1116156058359468,1
ank130,C2,mean,ncc,ank_35_11,0.3600293351558512,132
ank130,C2,mean,phase,ank_35_11,0.135891832386249,1
ank130,C2,mean,ncc,ank_35_28,0.370042212099813,102
ank130,C2,mean,phase,ank_35_28,0.0275264456592407,1
ank130,C2,mean,ncc,ank_35_39,0.8010989918459205,71
ank130,C2,mean,phase,ank_35_39,0.1229703481358912,1
ank130,C2,mean,ncc,ank_35_7,0.4750225959134806,78
ank130,C2,mean,phase,ank_35_7,0.2264802915704308,1
ank130,C2,mean,ncc,ank_36_40,5.901481821687687,68
ank130,C2,mean,phase,ank_36_40,38.797960603241314,1
ank130,C2,mean,ncc,ank_38_19,9.475146205900955,10
ank130,C2,mean,phase,ank_38_19,0.1004746667970616,1
ank130,C2,mean,ncc,ank_38_22,0.5367862131870916,117
ank130,C2,mean,phase,ank_38_22,0.123258333412142,1
ank130,C2,mean,ncc,ank_38_24,3.129082860852712,96
ank130,C2,mean,phase,ank_38_24,0.4691550305189763,1
ank130,C2,mean,ncc,ank_38_27,0.7271034021800474,45
ank130,C2,mean,phase,ank_38_27,0.1344552358957491,1
ank130,C2,mean,ncc,ank_38_40,4.864521408538936,78
ank130,C2,mean,phase,ank_38_40,0.7364521435224819,1
ank130,C2,mean,ncc,ank_38_9,0.5093461965386404,92
ank130,C2,mean,phase,ank_38_9,0.7079754964706917,1
ank130,C2,mean,ncc,ank_39_1,7.251630040902089,72
ank130,C2,mean,phase,ank_39_1,0.1231862034271614,1
ank130,C2,mean,ncc,ank_3_13,0.5254148344605963,84
ank130,C2,mean,phase,ank_3_13,0.0999446201287087,1
ank130,C2,mean,ncc,ank_3_25,6.520834752833844,46
ank130,C2,mean,phase,ank_3_25,0.0440726638534391,1
ank130,C2,mean,ncc,ank_3_29,6.902404833594916,21
ank130,C2,mean,phase,ank_3_29,9.740406128595204,1
ank130,C2,mean,ncc,ank_3_34,0.5388274760844991,128
ank130,C2,mean,phase,ank_3_34,0.1931378658002013,1
ank130,C2,mean,ncc,ank_3_39,1.95846151676146,51
ank130,C2,mean,phase,ank_3_39,0.1842570584361146,1
ank130,C2,mean,ncc,ank_3_9,0.4558187810445477,83
ank130,C2,mean,phase,ank_3_9,0.0816904130625591,1
ank130,C2,mean,ncc,ank_40_19,0.4909275203767482,65
ank130,C2,mean,phase,ank_40_19,0.2048466590912012,1
ank130,C2,mean,ncc,ank_40_2,2.6328056939251097,54
ank130,C2,mean,phase,ank_40_2,0.7130489999419777,1
ank130,C2,mean,ncc,ank_40_40,6.435238805654318,33
ank130,C2,mean,phase,ank_40_40,0.4999648077666193,1
ank130,C2,mean,ncc,ank_41_0,1.417686100148329,74
ank130,C2,mean,phase,ank_41_0,0.0743643732806324,1
ank130,C2,mean,ncc,ank_41_1,6.131631856046233,41
ank130,C2,mean,phase,ank_41_1,0.1222083348160771,1
ank130,C2,mean,ncc,ank_41_19,5.897039603726013,10
ank130,C2,mean,phase,ank_41_19,0.125135287235278,1
ank130,C2,mean,ncc,ank_41_40,8.991928901912678,42
ank130,C2,mean,phase,ank_41_40,33.08256980404056,1
ank130,C2,mean,ncc,ank_4_23,2.056547779464647,57
ank130,C2,mean,phase,ank_4_23,0.6725292339257777,1
ank130,C2,mean,ncc,ank_4_41,1.1727706202566357,59
ank130,C2,mean,phase,ank_4_41,0.0932898500515701,1
ank130,C2,mean,ncc,ank_5_12,0.2636674462645147,126
ank130,C2,mean,phase,ank_5_12,0.1528260589154125,1
ank130,C2,mean,ncc,ank_5_40,8.761054784426847,37
ank130,C2,mean,phase,ank_5_40,25.94670684924613,1
ank130,C2,mean,ncc,ank_5_5,0.5038219407816308,99
ank130,C2,mean,phase,ank_5_5,0.0838764612238305,1
ank130,C2,mean,ncc,ank_6_10,0.754487627150392,86
ank130,C2,mean,phase,ank_6_10,0.6948453333824833,1
ank130,C2,mean,ncc,ank_6_38,6.257544250409633,50
ank130,C2,mean,phase,ank_6_38,54.41492663348928,1
ank130,C2,mean,ncc,ank_7_36,8.769440688671004,54
ank130,C2,mean,phase,ank_7_36,16.4473358474706,1
ank130,C2,mean,ncc,ank_7_8,0.4070164732682439,89
ank130,C2,mean,phase,ank_7_8,0.0558600472937221,1
ank130,C2,mean,ncc,ank_8_19,8.006330938553187,32
ank130,C2,mean,phase,ank_8_19,4.916266370958993,1
ank130,C2,mean,ncc,ank_8_22,0.6833945311717979,67
ank130,C2,mean,phase,ank_8_22,0.2652531814578739,1
ank130,C2,mean,ncc,ank_8_31,3.980604127749423,99
ank130,C2,mean,phase,ank_8_31,0.6265710300478712,1
ank130,C2,mean,ncc,ank_8_41,0.6653328816628636,100
ank130,C2,mean,phase,ank_8_41,0.0847237927076518,1
ank130,C2,mean,ncc,ank_9_1,1.146861895853699,62
ank130,C2,mean,phase,ank_9_1,1.1869785852278487,1
ank130,C2,mean,ncc,ank_9_24,0.982445729338324,81
ank130,C2,mean,phase,ank_9_24,0.6063105911699537,1
ank130,C2,mean,ncc,ank_9_25,1.1079481785441203,73
ank130,C2,mean,phase,ank_9_25,0.3695832770569104,1
ank30_prod,pretrained,bt601,ncc,ank_24_3,8.21126802142314,8
ank30_prod,pretrained,bt601,phase,ank_24_3,12.453152353419547,1
ank30_prod,pretrained,bt601,ncc,ank_27_14,8.538090607355446,5
ank30_prod,pretrained,bt601,phase,ank_27_14,35.331563180469715,1
ank30_prod,pretrained,bt601,ncc,ank_0_30,8.01522807111107,21
ank30_prod,pretrained,bt601,phase,ank_0_30,10.932934696532987,1
ank30_prod,pretrained,bt601,ncc,ank_13_34,8.039005066233463,25
ank30_prod,pretrained,bt601,phase,ank_13_34,0.2242212845985787,1
ank30_prod,pretrained,bt601,ncc,ank_9_25,5.323256122970221,5
ank30_prod,pretrained,bt601,phase,ank_9_25,1.1673553155180303,1
ank30_prod,pretrained,bt601,ncc,ank_7_36,8.019675198206789,31
ank30_prod,pretrained,bt601,phase,ank_7_36,26.83270212986303,1
ank30_prod,pretrained,bt601,ncc,ank_25_16,5.5053672326815395,22
ank30_prod,pretrained,bt601,phase,ank_25_16,0.3212164313367045,1
ank30_prod,pretrained,bt601,ncc,ank_7_8,6.284197925709277,40
ank30_prod,pretrained,bt601,phase,ank_7_8,6.807615216119436,1
ank30_prod,pretrained,bt601,ncc,ank_22_16,6.003524566283498,13
ank30_prod,pretrained,bt601,phase,ank_22_16,2.919672111909858,1
ank30_prod,pretrained,bt601,ncc,ank_3_13,3.426569359619622,13
ank30_prod,pretrained,bt601,phase,ank_3_13,0.2432510691328527,1
ank30_prod,pretrained,bt601,ncc,ank_8_31,7.582941130486349,17
ank30_prod,pretrained,bt601,phase,ank_8_31,29.349912366273276,1
ank30_prod,pretrained,bt601,ncc,ank_4_41,8.224015172703034,46
ank30_prod,pretrained,bt601,phase,ank_4_41,1.4169613870785516,1
ank30_prod,pretrained,bt601,ncc,ank_6_10,2.316097092636169,20
ank30_prod,pretrained,bt601,phase,ank_6_10,1.019125909130942,1
ank30_prod,pretrained,bt601,ncc,ank_2_12,8.059499707183303,11
ank30_prod,pretrained,bt601,phase,ank_2_12,11.322831619983884,1
ank30_prod,pretrained,bt601,ncc,ank_9_1,7.225244302717012,32
ank30_prod,pretrained,bt601,phase,ank_9_1,13.194266379481537,1
ank30_prod,pretrained,bt601,ncc,ank_17_22,7.7271326204653805,18
ank30_prod,pretrained,bt601,phase,ank_17_22,22.56023914833708,1
ank30_prod,pretrained,bt601,ncc,ank_29_21,6.548350343690819,5
ank30_prod,pretrained,bt601,phase,ank_29_21,1.2479495546478565,1
ank30_prod,pretrained,bt601,ncc,ank_20_6,5.2680866970358,32
ank30_prod,pretrained,bt601,phase,ank_20_6,0.4530593378881084,1
ank30_prod,pretrained,bt601,ncc,ank_5_5,1.299357122203799,59
ank30_prod,pretrained,bt601,phase,ank_5_5,0.3290608198090041,1
ank30_prod,pretrained,bt601,ncc,ank_26_3,9.19814176917191,25
ank30_prod,pretrained,bt601,phase,ank_26_3,0.1631597045866856,1
ank30_prod,pretrained,bt601,ncc,ank_22_37,7.287041542313648,39
ank30_prod,pretrained,bt601,phase,ank_22_37,0.3757070488068751,1
ank30_prod,pretrained,bt601,ncc,ank_13_6,0.6364305695654077,35
ank30_prod,pretrained,bt601,phase,ank_13_6,0.8117845175443658,1
ank30_prod,pretrained,bt601,ncc,ank_18_7,6.142776652980511,20
ank30_prod,pretrained,bt601,phase,ank_18_7,16.192716156415617,1
ank30_prod,pretrained,bt601,ncc,ank_5_12,7.867033907076935,17
ank30_prod,pretrained,bt601,phase,ank_5_12,34.411318481589255,1
ank30_prod,pretrained,bt601,ncc,ank_35_11,4.708966659767119,26
ank30_prod,pretrained,bt601,phase,ank_35_11,0.7287215369392351,1
ank30_prod,pretrained,bt601,ncc,ank_34_11,1.642451313623027,44
ank30_prod,pretrained,bt601,phase,ank_34_11,0.7854071296180065,1
ank30_prod,pretrained,bt601,ncc,ank_26_5,3.521984893991177,31
ank30_prod,pretrained,bt601,phase,ank_26_5,16.639465572752567,1
ank30_prod,pretrained,bt601,ncc,ank_38_22,1.360737991795444,43
ank30_prod,pretrained,bt601,phase,ank_38_22,0.2764073403588503,1
ank30_prod,pretrained,bt601,ncc,ank_33_34,1.1962644722978293,37
ank30_prod,pretrained,bt601,phase,ank_33_34,0.2969061034403068,1
ank30_prod,pretrained,bt601,ncc,ank_33_3,1.3092780021830337,84
ank30_prod,pretrained,bt601,phase,ank_33_3,0.7787656576261681,1
ank30_prod,pretrained,mean,ncc,ank_24_3,8.163896350150308,9
ank30_prod,pretrained,mean,phase,ank_24_3,15.107165376150451,1
ank30_prod,pretrained,mean,ncc,ank_27_14,8.265883943009229,6
ank30_prod,pretrained,mean,phase,ank_27_14,35.403854377307844,1
ank30_prod,pretrained,mean,ncc,ank_0_30,8.068562038404512,22
ank30_prod,pretrained,mean,phase,ank_0_30,36.876500492572454,1
ank30_prod,pretrained,mean,ncc,ank_13_34,8.078717263380337,28
ank30_prod,pretrained,mean,phase,ank_13_34,0.2922235185352511,1
ank30_prod,pretrained,mean,ncc,ank_9_25,5.495956477694836,6
ank30_prod,pretrained,mean,phase,ank_9_25,1.150395313319253,1
ank30_prod,pretrained,mean,ncc,ank_7_36,8.109108549928276,31
ank30_prod,pretrained,mean,phase,ank_7_36,13.353085998365492,1
ank30_prod,pretrained,mean,ncc,ank_25_16,5.535602627733983,26
ank30_prod,pretrained,mean,phase,ank_25_16,0.22033555273305,1
ank30_prod,pretrained,mean,ncc,ank_7_8,5.909067814165652,39
ank30_prod,pretrained,mean,phase,ank_7_8,0.7131623498942405,1
ank30_prod,pretrained,mean,ncc,ank_22_16,4.0885924214025895,15
ank30_prod,pretrained,mean,phase,ank_22_16,1.2805148105406463,1
ank30_prod,pretrained,mean,ncc,ank_3_13,4.14043563990891,15
ank30_prod,pretrained,mean,phase,ank_3_13,0.2345966622591528,1
ank30_prod,pretrained,mean,ncc,ank_8_31,7.364264298342411,20
ank30_prod,pretrained,mean,phase,ank_8_31,24.965409696300995,1
ank30_prod,pretrained,mean,ncc,ank_4_41,8.236478909974846,48
ank30_prod,pretrained,mean,phase,ank_4_41,1.5331009034415282,1
ank30_prod,pretrained,mean,ncc,ank_6_10,3.1127610812920334,22
ank30_prod,pretrained,mean,phase,ank_6_10,0.9735752972728112,1
ank30_prod,pretrained,mean,ncc,ank_2_12,8.065199471410079,11
ank30_prod,pretrained,mean,phase,ank_2_12,21.29287667420491,1
ank30_prod,pretrained,mean,ncc,ank_9_1,5.992621880439788,33
ank30_prod,pretrained,mean,phase,ank_9_1,13.154833731068484,1
ank30_prod,pretrained,mean,ncc,ank_17_22,7.725658713263186,16
ank30_prod,pretrained,mean,phase,ank_17_22,5.3358683785490815,1
ank30_prod,pretrained,mean,ncc,ank_29_21,6.68976307399226,7
ank30_prod,pretrained,mean,phase,ank_29_21,1.3745213356616162,1
ank30_prod,pretrained,mean,ncc,ank_20_6,5.4158053230480485,33
ank30_prod,pretrained,mean,phase,ank_20_6,0.3680930509633432,1
ank30_prod,pretrained,mean,ncc,ank_5_5,1.502675496398939,59
ank30_prod,pretrained,mean,phase,ank_5_5,0.3644688364642203,1
ank30_prod,pretrained,mean,ncc,ank_26_3,9.0247990513706,25
ank30_prod,pretrained,mean,phase,ank_26_3,1.3440073263614878,1
ank30_prod,pretrained,mean,ncc,ank_22_37,7.300086817828824,39
ank30_prod,pretrained,mean,phase,ank_22_37,20.396331326653225,1
ank30_prod,pretrained,mean,ncc,ank_13_6,0.6675505318538981,35
ank30_prod,pretrained,mean,phase,ank_13_6,0.719099305679684,1
ank30_prod,pretrained,mean,ncc,ank_18_7,5.8910744230651515,23
ank30_prod,pretrained,mean,phase,ank_18_7,1.6920916788402516,1
ank30_prod,pretrained,mean,ncc,ank_5_12,5.827651494829358,16
ank30_prod,pretrained,mean,phase,ank_5_12,24.548262067471985,1
ank30_prod,pretrained,mean,ncc,ank_35_11,4.1288439933579895,27
ank30_prod,pretrained,mean,phase,ank_35_11,0.7033731553198729,1
ank30_prod,pretrained,mean,ncc,ank_34_11,1.6097787450753924,44
ank30_prod,pretrained,mean,phase,ank_34_11,0.5983923679822047,1
ank30_prod,pretrained,mean,ncc,ank_26_5,3.718347364823511,31
ank30_prod,pretrained,mean,phase,ank_26_5,16.607776251539285,1
ank30_prod,pretrained,mean,ncc,ank_38_22,1.3045940057439738,43
ank30_prod,pretrained,mean,phase,ank_38_22,0.1633255173094856,1
ank30_prod,pretrained,mean,ncc,ank_33_34,1.186212986127544,38
ank30_prod,pretrained,mean,phase,ank_33_34,0.2985879131558891,1
ank30_prod,pretrained,mean,ncc,ank_33_3,1.2700298298936643,84
ank30_prod,pretrained,mean,phase,ank_33_3,0.7561127993414887,1
ank30_prod,C1,bt601,ncc,ank_24_3,10.231768607029784,4
ank30_prod,C1,bt601,phase,ank_24_3,7.546645249607968,1
ank30_prod,C1,bt601,ncc,ank_27_14,1.2061855091133675,2
ank30_prod,C1,bt601,phase,ank_27_14,42.16685224396749,1
ank30_prod,C1,bt601,ncc,ank_0_30,7.488569678139141,27
ank30_prod,C1,bt601,phase,ank_0_30,18.43751016913433,1
ank30_prod,C1,bt601,ncc,ank_13_34,8.290323509455543,23
ank30_prod,C1,bt601,phase,ank_13_34,32.45104190818439,1
ank30_prod,C1,bt601,ncc,ank_9_25,0.9254722870110488,40
ank30_prod,C1,bt601,phase,ank_9_25,0.1154700458284334,1
ank30_prod,C1,bt601,ncc,ank_7_36,9.318592601583704,14
ank30_prod,C1,bt601,phase,ank_7_36,19.2895418605521,1
ank30_prod,C1,bt601,ncc,ank_25_16,1.6213140605402252,14
ank30_prod,C1,bt601,phase,ank_25_16,19.056100084998292,1
ank30_prod,C1,bt601,ncc,ank_7_8,8.021779429046255,15
ank30_prod,C1,bt601,phase,ank_7_8,24.096802525825616,1
ank30_prod,C1,bt601,ncc,ank_22_16,5.701616678200466,13
ank30_prod,C1,bt601,phase,ank_22_16,0.7192470116587897,1
ank30_prod,C1,bt601,ncc,ank_3_13,1.347118100857518,37
ank30_prod,C1,bt601,phase,ank_3_13,0.0686985618833973,1
ank30_prod,C1,bt601,ncc,ank_8_31,2.4400268312191113,40
ank30_prod,C1,bt601,phase,ank_8_31,0.6814809529026601,1
ank30_prod,C1,bt601,ncc,ank_4_41,3.237587544615245,52
ank30_prod,C1,bt601,phase,ank_4_41,0.2154135039705942,1
ank30_prod,C1,bt601,ncc,ank_6_10,7.613124276746852,6
ank30_prod,C1,bt601,phase,ank_6_10,49.7919044249643,1
ank30_prod,C1,bt601,ncc,ank_2_12,10.038025041937972,2
ank30_prod,C1,bt601,phase,ank_2_12,46.1726941777296,1
ank30_prod,C1,bt601,ncc,ank_9_1,5.298817557365742,14
ank30_prod,C1,bt601,phase,ank_9_1,1.4509413247396443,1
ank30_prod,C1,bt601,ncc,ank_17_22,2.3608475079458913,15
ank30_prod,C1,bt601,phase,ank_17_22,61.870347734919754,1
ank30_prod,C1,bt601,ncc,ank_29_21,7.233500723771864,14
ank30_prod,C1,bt601,phase,ank_29_21,3.284079257168306,1
ank30_prod,C1,bt601,ncc,ank_20_6,4.368344238645525,24
ank30_prod,C1,bt601,phase,ank_20_6,0.181531124407936,1
ank30_prod,C1,bt601,ncc,ank_5_5,2.878086289562395,37
ank30_prod,C1,bt601,phase,ank_5_5,0.5564731540028024,1
ank30_prod,C1,bt601,ncc,ank_26_3,6.127942113174153,9
ank30_prod,C1,bt601,phase,ank_26_3,21.53963794918644,1
ank30_prod,C1,bt601,ncc,ank_22_37,2.109791025398435,48
ank30_prod,C1,bt601,phase,ank_22_37,0.262013959016608,1
ank30_prod,C1,bt601,ncc,ank_13_6,1.064194955784488,17
ank30_prod,C1,bt601,phase,ank_13_6,8.373635497138027,1
ank30_prod,C1,bt601,ncc,ank_18_7,1.1298799872546528,32
ank30_prod,C1,bt601,phase,ank_18_7,0.4394347007935121,1
ank30_prod,C1,bt601,ncc,ank_5_12,0.7461777022142372,4
ank30_prod,C1,bt601,phase,ank_5_12,29.56319352370894,1
ank30_prod,C1,bt601,ncc,ank_35_11,2.351044465630623,16
ank30_prod,C1,bt601,phase,ank_35_11,0.3173488387632635,1
ank30_prod,C1,bt601,ncc,ank_34_11,0.6786817774271956,12
ank30_prod,C1,bt601,phase,ank_34_11,0.1248759578969935,1
ank30_prod,C1,bt601,ncc,ank_26_5,1.473681740464352,28
ank30_prod,C1,bt601,phase,ank_26_5,24.503224345635157,1
ank30_prod,C1,bt601,ncc,ank_38_22,0.7162355654995991,96
ank30_prod,C1,bt601,phase,ank_38_22,0.1407210376791718,1
ank30_prod,C1,bt601,ncc,ank_33_34,0.5439785709558927,64
ank30_prod,C1,bt601,phase,ank_33_34,0.1734923607413517,1
ank30_prod,C1,bt601,ncc,ank_33_3,1.1281588176287454,57
ank30_prod,C1,bt601,phase,ank_33_3,0.5410123511789017,1
ank30_prod,C1,mean,ncc,ank_24_3,10.002893943077654,5
ank30_prod,C1,mean,phase,ank_24_3,19.99553735354754,1
ank30_prod,C1,mean,ncc,ank_27_14,0.9846767036060812,2
ank30_prod,C1,mean,phase,ank_27_14,22.701095689842695,1
ank30_prod,C1,mean,ncc,ank_0_30,7.648694050682435,25
ank30_prod,C1,mean,phase,ank_0_30,18.43960719435319,1
ank30_prod,C1,mean,ncc,ank_13_34,8.584151071969035,25
ank30_prod,C1,mean,phase,ank_13_34,15.963791581672526,1
ank30_prod,C1,mean,ncc,ank_9_25,0.9500318780813166,39
ank30_prod,C1,mean,phase,ank_9_25,0.1538623686673992,1
ank30_prod,C1,mean,ncc,ank_7_36,9.273899482836873,14
ank30_prod,C1,mean,phase,ank_7_36,19.208341883380143,1
ank30_prod,C1,mean,ncc,ank_25_16,0.901399454752533,15
ank30_prod,C1,mean,phase,ank_25_16,38.81275417151493,1
ank30_prod,C1,mean,ncc,ank_7_8,7.4738529121942125,14
ank30_prod,C1,mean,phase,ank_7_8,24.033020074386435,1
ank30_prod,C1,mean,ncc,ank_22_16,5.51237563097113,11
ank30_prod,C1,mean,phase,ank_22_16,0.6823534359325084,1
ank30_prod,C1,mean,ncc,ank_3_13,1.3493765482650133,38
ank30_prod,C1,mean,phase,ank_3_13,0.0030484310136571,1
ank30_prod,C1,mean,ncc,ank_8_31,2.1912224887598315,44
ank30_prod,C1,mean,phase,ank_8_31,0.7880741110549674,1
ank30_prod,C1,mean,ncc,ank_4_41,2.9674722531329647,53
ank30_prod,C1,mean,phase,ank_4_41,0.3082406745087946,1
ank30_prod,C1,mean,ncc,ank_6_10,8.091301520037174,5
ank30_prod,C1,mean,phase,ank_6_10,31.116774275763824,1
ank30_prod,C1,mean,ncc,ank_2_12,9.980693711527794,3
ank30_prod,C1,mean,phase,ank_2_12,12.447237202995508,1
ank30_prod,C1,mean,ncc,ank_9_1,4.5857471384144795,13
ank30_prod,C1,mean,phase,ank_9_1,6.796823605312933,1
ank30_prod,C1,mean,ncc,ank_17_22,2.429258581107894,15
ank30_prod,C1,mean,phase,ank_17_22,49.87788920069475,1
ank30_prod,C1,mean,ncc,ank_29_21,7.598863526564518,14
ank30_prod,C1,mean,phase,ank_29_21,0.5955337215860897,1
ank30_prod,C1,mean,ncc,ank_20_6,4.290186705652402,26
ank30_prod,C1,mean,phase,ank_20_6,0.1491073968373851,1
ank30_prod,C1,mean,ncc,ank_5_5,2.7286266423665095,35
ank30_prod,C1,mean,phase,ank_5_5,0.4489888140980786,1
ank30_prod,C1,mean,ncc,ank_26_3,6.067884321497722,9
ank30_prod,C1,mean,phase,ank_26_3,13.933306532126098,1
ank30_prod,C1,mean,ncc,ank_22_37,1.8339597248506587,51
ank30_prod,C1,mean,phase,ank_22_37,0.3022973108638094,1
ank30_prod,C1,mean,ncc,ank_13_6,1.4818584052724133,18
ank30_prod,C1,mean,phase,ank_13_6,44.810625595523355,1
ank30_prod,C1,mean,ncc,ank_18_7,1.1051593227081953,33
ank30_prod,C1,mean,phase,ank_18_7,0.2818341668249428,1
ank30_prod,C1,mean,ncc,ank_5_12,0.7894721832192368,5
ank30_prod,C1,mean,phase,ank_5_12,29.746228577632415,1
ank30_prod,C1,mean,ncc,ank_35_11,2.3750036278244893,16
ank30_prod,C1,mean,phase,ank_35_11,0.3147344498446514,1
ank30_prod,C1,mean,ncc,ank_34_11,0.6854344964064683,11
ank30_prod,C1,mean,phase,ank_34_11,0.1443926821702783,1
ank30_prod,C1,mean,ncc,ank_26_5,1.5149059792047952,28
ank30_prod,C1,mean,phase,ank_26_5,24.50579108578796,1
ank30_prod,C1,mean,ncc,ank_38_22,0.6944827924215209,98
ank30_prod,C1,mean,phase,ank_38_22,0.1522104912305072,1
ank30_prod,C1,mean,ncc,ank_33_34,0.5042375517407766,69
ank30_prod,C1,mean,phase,ank_33_34,0.1827320948532976,1
ank30_prod,C1,mean,ncc,ank_33_3,1.185948508413468,61
ank30_prod,C1,mean,phase,ank_33_3,0.4586463863738586,1
ank30_prod,C2,bt601,ncc,ank_24_3,8.799187851969954,19
ank30_prod,C2,bt601,phase,ank_24_3,25.90955058784124,1
ank30_prod,C2,bt601,ncc,ank_27_14,3.4690400880938257,11
ank30_prod,C2,bt601,phase,ank_27_14,25.952211368517332,1
ank30_prod,C2,bt601,ncc,ank_0_30,8.106157312046289,51
ank30_prod,C2,bt601,phase,ank_0_30,0.1203657139390574,1
ank30_prod,C2,bt601,ncc,ank_13_34,8.316453268292662,33
ank30_prod,C2,bt601,phase,ank_13_34,0.0923143315612178,1
ank30_prod,C2,bt601,ncc,ank_9_25,1.0197892189295137,71
ank30_prod,C2,bt601,phase,ank_9_25,0.2225522113739533,1
ank30_prod,C2,bt601,ncc,ank_7_36,9.003255163374964,47
ank30_prod,C2,bt601,phase,ank_7_36,13.561130558043269,1
ank30_prod,C2,bt601,ncc,ank_25_16,3.54749337648137,55
ank30_prod,C2,bt601,phase,ank_25_16,39.53727109919747,1
ank30_prod,C2,bt601,ncc,ank_7_8,5.012123925628877,40
ank30_prod,C2,bt601,phase,ank_7_8,0.2672358291797463,1
ank30_prod,C2,bt601,ncc,ank_22_16,0.9428354729733468,32
ank30_prod,C2,bt601,phase,ank_22_16,0.6949162825931781,1
ank30_prod,C2,bt601,ncc,ank_3_13,0.5458402188490323,84
ank30_prod,C2,bt601,phase,ank_3_13,0.1185846955200279,1
ank30_prod,C2,bt601,ncc,ank_8_31,4.6400873609503215,98
ank30_prod,C2,bt601,phase,ank_8_31,0.8081771604549302,1
ank30_prod,C2,bt601,ncc,ank_4_41,1.3063161625064583,55
ank30_prod,C2,bt601,phase,ank_4_41,0.07520205569799,1
ank30_prod,C2,bt601,ncc,ank_6_10,4.747815212456723,26
ank30_prod,C2,bt601,phase,ank_6_10,0.8143931003268126,1
ank30_prod,C2,bt601,ncc,ank_2_12,8.001798461999622,3
ank30_prod,C2,bt601,phase,ank_2_12,40.14118794584745,1
ank30_prod,C2,bt601,ncc,ank_9_1,2.222851721056392,30
ank30_prod,C2,bt601,phase,ank_9_1,1.2857382612021055,1
ank30_prod,C2,bt601,ncc,ank_17_22,0.863085352163629,32
ank30_prod,C2,bt601,phase,ank_17_22,0.0572979421322712,1
ank30_prod,C2,bt601,ncc,ank_29_21,1.7460983595450412,27
ank30_prod,C2,bt601,phase,ank_29_21,0.1620503762806297,1
ank30_prod,C2,bt601,ncc,ank_20_6,0.8065352288778567,59
ank30_prod,C2,bt601,phase,ank_20_6,0.1917673944444045,1
ank30_prod,C2,bt601,ncc,ank_5_5,0.571062343190443,85
ank30_prod,C2,bt601,phase,ank_5_5,0.256240561112706,1
ank30_prod,C2,bt601,ncc,ank_26_3,7.713965771416238,21
ank30_prod,C2,bt601,phase,ank_26_3,0.1616210899877539,1
ank30_prod,C2,bt601,ncc,ank_22_37,1.0610308898032337,66
ank30_prod,C2,bt601,phase,ank_22_37,0.402871535871638,1
ank30_prod,C2,bt601,ncc,ank_13_6,0.5947658762063374,42
ank30_prod,C2,bt601,phase,ank_13_6,0.5813340772326501,1
ank30_prod,C2,bt601,ncc,ank_18_7,0.6836781577521732,71
ank30_prod,C2,bt601,phase,ank_18_7,0.1575639910476086,1
ank30_prod,C2,bt601,ncc,ank_5_12,0.4050474685852869,41
ank30_prod,C2,bt601,phase,ank_5_12,21.389808960725617,1
ank30_prod,C2,bt601,ncc,ank_35_11,1.968577482627252,34
ank30_prod,C2,bt601,phase,ank_35_11,0.123675617342685,1
ank30_prod,C2,bt601,ncc,ank_34_11,0.5014998054034391,38
ank30_prod,C2,bt601,phase,ank_34_11,0.0154142293829341,1
ank30_prod,C2,bt601,ncc,ank_26_5,1.105190299045482,34
ank30_prod,C2,bt601,phase,ank_26_5,21.880581101264177,1
ank30_prod,C2,bt601,ncc,ank_38_22,0.5706188966416439,117
ank30_prod,C2,bt601,phase,ank_38_22,0.1041538085973334,1
ank30_prod,C2,bt601,ncc,ank_33_34,0.4525572024495877,95
ank30_prod,C2,bt601,phase,ank_33_34,0.0388442956984751,1
ank30_prod,C2,bt601,ncc,ank_33_3,0.648059044171754,120
ank30_prod,C2,bt601,phase,ank_33_3,0.2491282174415255,1
ank30_prod,C2,mean,ncc,ank_24_3,8.055804483329396,19
ank30_prod,C2,mean,phase,ank_24_3,10.332178193087074,1
ank30_prod,C2,mean,ncc,ank_27_14,4.219253550425845,12
ank30_prod,C2,mean,phase,ank_27_14,8.49374183280237,1
ank30_prod,C2,mean,ncc,ank_0_30,8.06503682302814,50
ank30_prod,C2,mean,phase,ank_0_30,18.09762388554807,1
ank30_prod,C2,mean,ncc,ank_13_34,8.230084185711586,35
ank30_prod,C2,mean,phase,ank_13_34,0.0895230019570964,1
ank30_prod,C2,mean,ncc,ank_9_25,1.0459304819086737,72
ank30_prod,C2,mean,phase,ank_9_25,0.2729183173623224,1
ank30_prod,C2,mean,ncc,ank_7_36,8.961210077535638,45
ank30_prod,C2,mean,phase,ank_7_36,1.394617091825919,1
ank30_prod,C2,mean,ncc,ank_25_16,2.257192514662196,53
ank30_prod,C2,mean,phase,ank_25_16,0.8298278831754995,1
ank30_prod,C2,mean,ncc,ank_7_8,4.588336150587022,39
ank30_prod,C2,mean,phase,ank_7_8,0.0338830627172562,1
ank30_prod,C2,mean,ncc,ank_22_16,0.9267827694062274,32
ank30_prod,C2,mean,phase,ank_22_16,0.660636524313537,1
ank30_prod,C2,mean,ncc,ank_3_13,0.4822218550587853,81
ank30_prod,C2,mean,phase,ank_3_13,0.1227879309773546,1
ank30_prod,C2,mean,ncc,ank_8_31,4.103252534266864,97
ank30_prod,C2,mean,phase,ank_8_31,0.7771318574389751,1
ank30_prod,C2,mean,ncc,ank_4_41,1.2765200378058523,56
ank30_prod,C2,mean,phase,ank_4_41,0.0600359255227062,1
ank30_prod,C2,mean,ncc,ank_6_10,2.7903704398102205,24
ank30_prod,C2,mean,phase,ank_6_10,0.807746367070897,1
ank30_prod,C2,mean,ncc,ank_2_12,8.003833922200636,3
ank30_prod,C2,mean,phase,ank_2_12,21.500175875519513,1
ank30_prod,C2,mean,ncc,ank_9_1,2.346485290777723,31
ank30_prod,C2,mean,phase,ank_9_1,1.2750771629698945,1
ank30_prod,C2,mean,ncc,ank_17_22,0.8969795436398473,30
ank30_prod,C2,mean,phase,ank_17_22,0.0284011096802779,1
ank30_prod,C2,mean,ncc,ank_29_21,1.4958738223874872,27
ank30_prod,C2,mean,phase,ank_29_21,0.1168279717934827,1
ank30_prod,C2,mean,ncc,ank_20_6,0.8076793039581516,59
ank30_prod,C2,mean,phase,ank_20_6,0.1652652724443316,1
ank30_prod,C2,mean,ncc,ank_5_5,0.5637703233302704,85
ank30_prod,C2,mean,phase,ank_5_5,0.294425831801397,1
ank30_prod,C2,mean,ncc,ank_26_3,8.302128558035095,20
ank30_prod,C2,mean,phase,ank_26_3,0.0519837351216093,1
ank30_prod,C2,mean,ncc,ank_22_37,1.0178714649397282,65
ank30_prod,C2,mean,phase,ank_22_37,0.3459174467036261,1
ank30_prod,C2,mean,ncc,ank_13_6,0.6985921803837705,44
ank30_prod,C2,mean,phase,ank_13_6,0.3406381624710481,1
ank30_prod,C2,mean,ncc,ank_18_7,0.6999565445597561,74
ank30_prod,C2,mean,phase,ank_18_7,0.1386035923443562,1
ank30_prod,C2,mean,ncc,ank_5_12,0.3439492920976551,39
ank30_prod,C2,mean,phase,ank_5_12,9.828190293042256,1
ank30_prod,C2,mean,ncc,ank_35_11,1.9388331209905905,34
ank30_prod,C2,mean,phase,ank_35_11,0.111755446288252,1
ank30_prod,C2,mean,ncc,ank_34_11,0.4762910594451803,39
ank30_prod,C2,mean,phase,ank_34_11,0.032514632780171,1
ank30_prod,C2,mean,ncc,ank_26_5,1.1238906295194937,34
ank30_prod,C2,mean,phase,ank_26_5,30.345837297973592,1
ank30_prod,C2,mean,ncc,ank_38_22,0.5656316675034669,116
ank30_prod,C2,mean,phase,ank_38_22,0.1020413633035382,1
ank30_prod,C2,mean,ncc,ank_33_34,0.4703214072545006,95
ank30_prod,C2,mean,phase,ank_33_34,0.0484534837810827,1
ank30_prod,C2,mean,ncc,ank_33_3,0.6371514812228525,122
ank30_prod,C2,mean,phase,ank_33_3,0.2160891664706108,1
ank30_prod,C3,bt601,ncc,ank_24_3,8.02251775079108,19
ank30_prod,C3,bt601,phase,ank_24_3,55.950356484245006,1
ank30_prod,C3,bt601,ncc,ank_27_14,3.443581507726579,8
ank30_prod,C3,bt601,phase,ank_27_14,10.837602693045444,1
ank30_prod,C3,bt601,ncc,ank_0_30,8.033922058860266,48
ank30_prod,C3,bt601,phase,ank_0_30,29.053737474736053,1
ank30_prod,C3,bt601,ncc,ank_13_34,8.711617555327146,40
ank30_prod,C3,bt601,phase,ank_13_34,0.1387603867288775,1
ank30_prod,C3,bt601,ncc,ank_9_25,0.8899333443129127,71
ank30_prod,C3,bt601,phase,ank_9_25,0.2286816102793841,1
ank30_prod,C3,bt601,ncc,ank_7_36,8.768575082199714,48
ank30_prod,C3,bt601,phase,ank_7_36,20.125960470162635,1
ank30_prod,C3,bt601,ncc,ank_25_16,2.290797991928045,49
ank30_prod,C3,bt601,phase,ank_25_16,0.8811984490078616,1
ank30_prod,C3,bt601,ncc,ank_7_8,5.162927385019365,37
ank30_prod,C3,bt601,phase,ank_7_8,0.1827019471129999,1
ank30_prod,C3,bt601,ncc,ank_22_16,1.2005280574410253,39
ank30_prod,C3,bt601,phase,ank_22_16,0.7421284323508717,1
ank30_prod,C3,bt601,ncc,ank_3_13,0.5894444954653237,80
ank30_prod,C3,bt601,phase,ank_3_13,0.1305311297449666,1
ank30_prod,C3,bt601,ncc,ank_8_31,3.6971851518878944,95
ank30_prod,C3,bt601,phase,ank_8_31,0.752089521136857,1
ank30_prod,C3,bt601,ncc,ank_4_41,1.1085650786963377,57
ank30_prod,C3,bt601,phase,ank_4_41,0.1134726915607399,1
ank30_prod,C3,bt601,ncc,ank_6_10,6.75631853423067,30
ank30_prod,C3,bt601,phase,ank_6_10,0.8118035176319889,1
ank30_prod,C3,bt601,ncc,ank_2_12,1.9631706769470576,14
ank30_prod,C3,bt601,phase,ank_2_12,36.74571390771932,1
ank30_prod,C3,bt601,ncc,ank_9_1,4.897073459413017,37
ank30_prod,C3,bt601,phase,ank_9_1,1.2281674567827616,1
ank30_prod,C3,bt601,ncc,ank_17_22,1.5968607112080258,35
ank30_prod,C3,bt601,phase,ank_17_22,0.1161882825917043,1
ank30_prod,C3,bt601,ncc,ank_29_21,2.7701852913363303,30
ank30_prod,C3,bt601,phase,ank_29_21,0.2225783504051764,1
ank30_prod,C3,bt601,ncc,ank_20_6,1.143483164606489,65
ank30_prod,C3,bt601,phase,ank_20_6,0.2773861564545547,1
ank30_prod,C3,bt601,ncc,ank_5_5,0.4131391179199624,77
ank30_prod,C3,bt601,phase,ank_5_5,0.0207848659584173,1
ank30_prod,C3,bt601,ncc,ank_26_3,8.189443500938141,24
ank30_prod,C3,bt601,phase,ank_26_3,0.0465714083475832,1
ank30_prod,C3,bt601,ncc,ank_22_37,1.108035835579226,65
ank30_prod,C3,bt601,phase,ank_22_37,0.1815247836946098,1
ank30_prod,C3,bt601,ncc,ank_13_6,0.5386785363218911,40
ank30_prod,C3,bt601,phase,ank_13_6,0.1993886087280169,1
ank30_prod,C3,bt601,ncc,ank_18_7,0.6785681159361694,77
ank30_prod,C3,bt601,phase,ank_18_7,0.1164288873887816,1
ank30_prod,C3,bt601,ncc,ank_5_12,0.9146567393004352,42
ank30_prod,C3,bt601,phase,ank_5_12,22.99821096955641,1
ank30_prod,C3,bt601,ncc,ank_35_11,4.654173384796262,46
ank30_prod,C3,bt601,phase,ank_35_11,0.1569213970564306,1
ank30_prod,C3,bt601,ncc,ank_34_11,0.5481143199083417,39
ank30_prod,C3,bt601,phase,ank_34_11,0.0373935221704236,1
ank30_prod,C3,bt601,ncc,ank_26_5,1.674205275116292,48
ank30_prod,C3,bt601,phase,ank_26_5,1.010750887601447,1
ank30_prod,C3,bt601,ncc,ank_38_22,0.5690466476743885,109
ank30_prod,C3,bt601,phase,ank_38_22,0.1413417773341979,1
ank30_prod,C3,bt601,ncc,ank_33_34,0.4858387209470141,93
ank30_prod,C3,bt601,phase,ank_33_34,0.0632999421409108,1
ank30_prod,C3,bt601,ncc,ank_33_3,0.6798630044388678,118
ank30_prod,C3,bt601,phase,ank_33_3,0.2537124479382179,1
ank30_prod,C3,mean,ncc,ank_24_3,8.02018764683733,20
ank30_prod,C3,mean,phase,ank_24_3,15.297285303457487,1
ank30_prod,C3,mean,ncc,ank_27_14,4.390985189137041,9
ank30_prod,C3,mean,phase,ank_27_14,29.18657652398513,1
ank30_prod,C3,mean,ncc,ank_0_30,8.00019268198429,49
ank30_prod,C3,mean,phase,ank_0_30,1.3231402590448755,1
ank30_prod,C3,mean,ncc,ank_13_34,8.80801070426422,43
ank30_prod,C3,mean,phase,ank_13_34,0.1281955611314002,1
ank30_prod,C3,mean,ncc,ank_9_25,0.9144252361444384,73
ank30_prod,C3,mean,phase,ank_9_25,0.2656875257392685,1
ank30_prod,C3,mean,ncc,ank_7_36,8.822435834894776,52
ank30_prod,C3,mean,phase,ank_7_36,22.26660467965927,1
ank30_prod,C3,mean,ncc,ank_25_16,2.209303211183606,48
ank30_prod,C3,mean,phase,ank_25_16,0.6204295466361969,1
ank30_prod,C3,mean,ncc,ank_7_8,5.527732914042116,36
ank30_prod,C3,mean,phase,ank_7_8,0.1551708725077809,1
ank30_prod,C3,mean,ncc,ank_22_16,1.1566749646741403,39
ank30_prod,C3,mean,phase,ank_22_16,0.7850419964570291,1
ank30_prod,C3,mean,ncc,ank_3_13,0.5228558869422141,79
ank30_prod,C3,mean,phase,ank_3_13,0.1346550567285308,1
ank30_prod,C3,mean,ncc,ank_8_31,3.402032045177457,95
ank30_prod,C3,mean,phase,ank_8_31,0.91439840607407,1
ank30_prod,C3,mean,ncc,ank_4_41,1.0283278524494206,55
ank30_prod,C3,mean,phase,ank_4_41,0.0853549284946726,1
ank30_prod,C3,mean,ncc,ank_6_10,5.405593846105652,27
ank30_prod,C3,mean,phase,ank_6_10,0.8088750710772841,1
ank30_prod,C3,mean,ncc,ank_2_12,1.938321305820095,13
ank30_prod,C3,mean,phase,ank_2_12,16.496661963574983,1
ank30_prod,C3,mean,ncc,ank_9_1,4.229356360368267,36
ank30_prod,C3,mean,phase,ank_9_1,1.0602588052788566,1
ank30_prod,C3,mean,ncc,ank_17_22,2.0476220215020624,33
ank30_prod,C3,mean,phase,ank_17_22,0.1730500656998441,1
ank30_prod,C3,mean,ncc,ank_29_21,2.0405975851629448,24
ank30_prod,C3,mean,phase,ank_29_21,0.1747253051924223,1
ank30_prod,C3,mean,ncc,ank_20_6,1.1052763768453626,67
ank30_prod,C3,mean,phase,ank_20_6,0.2071021417414759,1
ank30_prod,C3,mean,ncc,ank_5_5,0.4392010013397147,78
ank30_prod,C3,mean,phase,ank_5_5,0.0162759340933118,1
ank30_prod,C3,mean,ncc,ank_26_3,8.052781721633066,26
ank30_prod,C3,mean,phase,ank_26_3,0.135678357414039,1
ank30_prod,C3,mean,ncc,ank_22_37,1.084804388861789,67
ank30_prod,C3,mean,phase,ank_22_37,0.203820354197894,1
ank30_prod,C3,mean,ncc,ank_13_6,0.5702974992472394,41
ank30_prod,C3,mean,phase,ank_13_6,0.3836633471330087,1
ank30_prod,C3,mean,ncc,ank_18_7,0.6777968838813291,77
ank30_prod,C3,mean,phase,ank_18_7,0.0773673076211846,1
ank30_prod,C3,mean,ncc,ank_5_12,0.9751231203354354,43
ank30_prod,C3,mean,phase,ank_5_12,13.05510894777299,1
ank30_prod,C3,mean,ncc,ank_35_11,5.14604736695921,46
ank30_prod,C3,mean,phase,ank_35_11,0.1544001026296274,1
ank30_prod,C3,mean,ncc,ank_34_11,0.5044799433284067,39
ank30_prod,C3,mean,phase,ank_34_11,0.0443718028363128,1
ank30_prod,C3,mean,ncc,ank_26_5,1.7453728481780864,49
ank30_prod,C3,mean,phase,ank_26_5,27.99788792865669,1
ank30_prod,C3,mean,ncc,ank_38_22,0.5684022597040722,111
ank30_prod,C3,mean,phase,ank_38_22,0.1371064138208737,1
ank30_prod,C3,mean,ncc,ank_33_34,0.4957000918884856,95
ank30_prod,C3,mean,phase,ank_33_34,0.0798918266824992,1
ank30_prod,C3,mean,ncc,ank_33_3,0.6840411331167027,116
ank30_prod,C3,mean,phase,ank_33_3,0.234886337484923,1
ank30_ovp,pretrained,bt601,ncc,ank_24_3,8.287652750578859,6
ank30_ovp,pretrained,bt601,phase,ank_24_3,29.908736896308383,1
ank30_ovp,pretrained,bt601,ncc,ank_27_14,8.415376847260248,3
ank30_ovp,pretrained,bt601,phase,ank_27_14,47.51798744233209,1
ank30_ovp,pretrained,bt601,ncc,ank_0_30,6.8862604556980385,16
ank30_ovp,pretrained,bt601,phase,ank_0_30,18.269409299821245,1
ank30_ovp,pretrained,bt601,ncc,ank_13_34,8.006976474260542,31
ank30_ovp,pretrained,bt601,phase,ank_13_34,30.21570293264897,1
ank30_ovp,pretrained,bt601,ncc,ank_9_25,8.839390193362577,7
ank30_ovp,pretrained,bt601,phase,ank_9_25,1.1849095368666884,1
ank30_ovp,pretrained,bt601,ncc,ank_7_36,8.04972260345939,26
ank30_ovp,pretrained,bt601,phase,ank_7_36,26.79506417047713,1
ank30_ovp,pretrained,bt601,ncc,ank_25_16,5.102151541495758,22
ank30_ovp,pretrained,bt601,phase,ank_25_16,0.3277298676406282,1
ank30_ovp,pretrained,bt601,ncc,ank_7_8,1.2535305143350046,67
ank30_ovp,pretrained,bt601,phase,ank_7_8,0.7198389587920008,1
ank30_ovp,pretrained,bt601,ncc,ank_22_16,7.475189072409901,10
ank30_ovp,pretrained,bt601,phase,ank_22_16,17.435726755758548,1
ank30_ovp,pretrained,bt601,ncc,ank_3_13,7.111002176842741,13
ank30_ovp,pretrained,bt601,phase,ank_3_13,0.2455712609407133,1
ank30_ovp,pretrained,bt601,ncc,ank_8_31,7.394889717169995,16
ank30_ovp,pretrained,bt601,phase,ank_8_31,42.56537991800527,1
ank30_ovp,pretrained,bt601,ncc,ank_4_41,8.703217980630239,56
ank30_ovp,pretrained,bt601,phase,ank_4_41,1.9226361268365928,1
ank30_ovp,pretrained,bt601,ncc,ank_6_10,1.822434854074901,44
ank30_ovp,pretrained,bt601,phase,ank_6_10,0.9218040673582352,1
ank30_ovp,pretrained,bt601,ncc,ank_2_12,0.9449985750333924,40
ank30_ovp,pretrained,bt601,phase,ank_2_12,0.1407653601495055,1
ank30_ovp,pretrained,bt601,ncc,ank_9_1,2.370162452036253,43
ank30_ovp,pretrained,bt601,phase,ank_9_1,7.166640002196087,1
ank30_ovp,pretrained,bt601,ncc,ank_17_22,8.028087961277516,15
ank30_ovp,pretrained,bt601,phase,ank_17_22,13.33007188666907,1
ank30_ovp,pretrained,bt601,ncc,ank_29_21,7.347454867901606,8
ank30_ovp,pretrained,bt601,phase,ank_29_21,1.3065878247000655,1
ank30_ovp,pretrained,bt601,ncc,ank_20_6,5.761988719629857,31
ank30_ovp,pretrained,bt601,phase,ank_20_6,0.4534953551204281,1
ank30_ovp,pretrained,bt601,ncc,ank_5_5,1.3046316321729905,71
ank30_ovp,pretrained,bt601,phase,ank_5_5,1.8822252060061333,1
ank30_ovp,pretrained,bt601,ncc,ank_26_3,1.7577532944377214,53
ank30_ovp,pretrained,bt601,phase,ank_26_3,0.8499367807738917,1
ank30_ovp,pretrained,bt601,ncc,ank_22_37,5.296215458622756,34
ank30_ovp,pretrained,bt601,phase,ank_22_37,0.8068169431284538,1
ank30_ovp,pretrained,bt601,ncc,ank_13_6,1.421102272002667,78
ank30_ovp,pretrained,bt601,phase,ank_13_6,0.1419526092483794,1
ank30_ovp,pretrained,bt601,ncc,ank_18_7,5.6018353594180645,19
ank30_ovp,pretrained,bt601,phase,ank_18_7,27.04264805811212,1
ank30_ovp,pretrained,bt601,ncc,ank_5_12,1.2283133218496207,77
ank30_ovp,pretrained,bt601,phase,ank_5_12,0.0590638445380337,1
ank30_ovp,pretrained,bt601,ncc,ank_35_11,1.2216242347123314,96
ank30_ovp,pretrained,bt601,phase,ank_35_11,0.6984575443099946,1
ank30_ovp,pretrained,bt601,ncc,ank_34_11,1.9158605605822627,82
ank30_ovp,pretrained,bt601,phase,ank_34_11,0.59148967919454,1
ank30_ovp,pretrained,bt601,ncc,ank_26_5,2.621444748320076,53
ank30_ovp,pretrained,bt601,phase,ank_26_5,4.060010582177576,1
ank30_ovp,pretrained,bt601,ncc,ank_38_22,1.3063844762855537,42
ank30_ovp,pretrained,bt601,phase,ank_38_22,0.2540242432080452,1
ank30_ovp,pretrained,bt601,ncc,ank_33_34,1.2842968173844231,32
ank30_ovp,pretrained,bt601,phase,ank_33_34,0.4056337684562292,1
ank30_ovp,pretrained,bt601,ncc,ank_33_3,1.1755219544179614,86
ank30_ovp,pretrained,bt601,phase,ank_33_3,0.960095212066176,1
ank30_ovp,pretrained,mean,ncc,ank_24_3,8.2560113187741,7
ank30_ovp,pretrained,mean,phase,ank_24_3,29.85776069213269,1
ank30_ovp,pretrained,mean,ncc,ank_27_14,8.406042785561754,3
ank30_ovp,pretrained,mean,phase,ank_27_14,25.19907456251226,1
ank30_ovp,pretrained,mean,ncc,ank_0_30,6.821398771659709,16
ank30_ovp,pretrained,mean,phase,ank_0_30,35.38607485390235,1
ank30_ovp,pretrained,mean,ncc,ank_13_34,8.015136797596504,30
ank30_ovp,pretrained,mean,phase,ank_13_34,25.29366825647684,1
ank30_ovp,pretrained,mean,ncc,ank_9_25,8.757278145014002,7
ank30_ovp,pretrained,mean,phase,ank_9_25,1.043343040571611,1
ank30_ovp,pretrained,mean,ncc,ank_7_36,8.059469506799669,26
ank30_ovp,pretrained,mean,phase,ank_7_36,40.964185642212634,1
ank30_ovp,pretrained,mean,ncc,ank_25_16,4.844687622322082,21
ank30_ovp,pretrained,mean,phase,ank_25_16,0.2146496124206924,1
ank30_ovp,pretrained,mean,ncc,ank_7_8,1.2931786107390306,65
ank30_ovp,pretrained,mean,phase,ank_7_8,0.3244716816318303,1
ank30_ovp,pretrained,mean,ncc,ank_22_16,7.860188265991148,10
ank30_ovp,pretrained,mean,phase,ank_22_16,17.50106120217933,1
ank30_ovp,pretrained,mean,ncc,ank_3_13,5.986744792550176,14
ank30_ovp,pretrained,mean,phase,ank_3_13,0.2449732242634068,1
ank30_ovp,pretrained,mean,ncc,ank_8_31,6.48897293487079,17
ank30_ovp,pretrained,mean,phase,ank_8_31,42.505440800954915,1
ank30_ovp,pretrained,mean,ncc,ank_4_41,8.661513029996438,54
ank30_ovp,pretrained,mean,phase,ank_4_41,1.97019548526208,1
ank30_ovp,pretrained,mean,ncc,ank_6_10,1.7897891911658586,45
ank30_ovp,pretrained,mean,phase,ank_6_10,0.9218611551729518,1
ank30_ovp,pretrained,mean,ncc,ank_2_12,0.9636482096841764,40
ank30_ovp,pretrained,mean,phase,ank_2_12,0.0576796967262992,1
ank30_ovp,pretrained,mean,ncc,ank_9_1,2.6871548504568503,42
ank30_ovp,pretrained,mean,phase,ank_9_1,12.60594585642457,1
ank30_ovp,pretrained,mean,ncc,ank_17_22,8.013419471385403,15
ank30_ovp,pretrained,mean,phase,ank_17_22,24.06198245482146,1
ank30_ovp,pretrained,mean,ncc,ank_29_21,7.374936243084102,8
ank30_ovp,pretrained,mean,phase,ank_29_21,0.7306540071474813,1
ank30_ovp,pretrained,mean,ncc,ank_20_6,5.47030273176877,31
ank30_ovp,pretrained,mean,phase,ank_20_6,0.3947028854919179,1
ank30_ovp,pretrained,mean,ncc,ank_5_5,1.3109545608939346,70
ank30_ovp,pretrained,mean,phase,ank_5_5,2.1267614884812316,1
ank30_ovp,pretrained,mean,ncc,ank_26_3,1.7419933181556249,54
ank30_ovp,pretrained,mean,phase,ank_26_3,0.847564460974407,1
ank30_ovp,pretrained,mean,ncc,ank_22_37,6.213276985564629,33
ank30_ovp,pretrained,mean,phase,ank_22_37,36.982067130977775,1
ank30_ovp,pretrained,mean,ncc,ank_13_6,1.4654457572002004,80
ank30_ovp,pretrained,mean,phase,ank_13_6,0.2073705367085774,1
ank30_ovp,pretrained,mean,ncc,ank_18_7,5.121540476685423,22
ank30_ovp,pretrained,mean,phase,ank_18_7,13.444321487291198,1
ank30_ovp,pretrained,mean,ncc,ank_5_12,1.1297717815847546,79
ank30_ovp,pretrained,mean,phase,ank_5_12,0.0448158023740585,1
ank30_ovp,pretrained,mean,ncc,ank_35_11,1.320836885789818,97
ank30_ovp,pretrained,mean,phase,ank_35_11,0.6701212108346922,1
ank30_ovp,pretrained,mean,ncc,ank_34_11,1.9696428179416925,79
ank30_ovp,pretrained,mean,phase,ank_34_11,0.4897942502326728,1
ank30_ovp,pretrained,mean,ncc,ank_26_5,2.9745818644947217,53
ank30_ovp,pretrained,mean,phase,ank_26_5,1.7653959159818822,1
ank30_ovp,pretrained,mean,ncc,ank_38_22,1.2639921292638667,44
ank30_ovp,pretrained,mean,phase,ank_38_22,0.121297633907125,1
ank30_ovp,pretrained,mean,ncc,ank_33_34,1.2864570094628736,32
ank30_ovp,pretrained,mean,phase,ank_33_34,0.3050799118135978,1
ank30_ovp,pretrained,mean,ncc,ank_33_3,1.1891508280854213,88
ank30_ovp,pretrained,mean,phase,ank_33_3,0.9040132855792168,1
ank30_ovp,C1,bt601,ncc,ank_24_3,8.986659486269934,4
ank30_ovp,C1,bt601,phase,ank_24_3,56.9705429638266,1
ank30_ovp,C1,bt601,ncc,ank_27_14,1.0128005840681265,3
ank30_ovp,C1,bt601,phase,ank_27_14,43.69884821887096,1
ank30_ovp,C1,bt601,ncc,ank_0_30,8.410504751273894,27
ank30_ovp,C1,bt601,phase,ank_0_30,7.998770497087455,1
ank30_ovp,C1,bt601,ncc,ank_13_34,7.526356056462031,18
ank30_ovp,C1,bt601,phase,ank_13_34,19.258488801827145,1
ank30_ovp,C1,bt601,ncc,ank_9_25,1.2969753830698558,40
ank30_ovp,C1,bt601,phase,ank_9_25,0.1164543572465428,1
ank30_ovp,C1,bt601,ncc,ank_7_36,9.071163268578797,16
ank30_ovp,C1,bt601,phase,ank_7_36,8.961425363922631,1
ank30_ovp,C1,bt601,ncc,ank_25_16,1.2596613095560638,14
ank30_ovp,C1,bt601,phase,ank_25_16,18.209987610554514,1
ank30_ovp,C1,bt601,ncc,ank_7_8,2.328487200432837,35
ank30_ovp,C1,bt601,phase,ank_7_8,0.2409610421101948,1
ank30_ovp,C1,bt601,ncc,ank_22_16,8.972740211306299,13
ank30_ovp,C1,bt601,phase,ank_22_16,0.7665150371108707,1
ank30_ovp,C1,bt601,ncc,ank_3_13,2.5685312128046145,45
ank30_ovp,C1,bt601,phase,ank_3_13,0.0695158069313591,1
ank30_ovp,C1,bt601,ncc,ank_8_31,2.2833770562747,50
ank30_ovp,C1,bt601,phase,ank_8_31,0.5795055860620824,1
ank30_ovp,C1,bt601,ncc,ank_4_41,3.2065420490562087,52
ank30_ovp,C1,bt601,phase,ank_4_41,0.1999539977553171,1
ank30_ovp,C1,bt601,ncc,ank_6_10,2.8750943194707954,16
ank30_ovp,C1,bt601,phase,ank_6_10,0.2542035820385715,1
ank30_ovp,C1,bt601,ncc,ank_2_12,1.136024402947941,18
ank30_ovp,C1,bt601,phase,ank_2_12,0.7197865072822656,1
ank30_ovp,C1,bt601,ncc,ank_9_1,2.0813199055573537,27
ank30_ovp,C1,bt601,phase,ank_9_1,1.4591565839456135,1
ank30_ovp,C1,bt601,ncc,ank_17_22,3.305357000073323,16
ank30_ovp,C1,bt601,phase,ank_17_22,45.78614342423761,1
ank30_ovp,C1,bt601,ncc,ank_29_21,6.835204753886283,17
ank30_ovp,C1,bt601,phase,ank_29_21,0.7615301171277913,1
ank30_ovp,C1,bt601,ncc,ank_20_6,5.119443622059226,24
ank30_ovp,C1,bt601,phase,ank_20_6,0.1770545108279531,1
ank30_ovp,C1,bt601,ncc,ank_5_5,1.5866185595119238,53
ank30_ovp,C1,bt601,phase,ank_5_5,0.1750141868287618,1
ank30_ovp,C1,bt601,ncc,ank_26_3,1.0427591218146712,67
ank30_ovp,C1,bt601,phase,ank_26_3,0.0423401218928462,1
ank30_ovp,C1,bt601,ncc,ank_22_37,1.6682761235733834,45
ank30_ovp,C1,bt601,phase,ank_22_37,0.3760518704050075,1
ank30_ovp,C1,bt601,ncc,ank_13_6,0.6444275364664,40
ank30_ovp,C1,bt601,phase,ank_13_6,0.5743550826986841,1
ank30_ovp,C1,bt601,ncc,ank_18_7,1.051668339367397,34
ank30_ovp,C1,bt601,phase,ank_18_7,0.4033844823996859,1
ank30_ovp,C1,bt601,ncc,ank_5_12,0.5412558149517599,76
ank30_ovp,C1,bt601,phase,ank_5_12,0.2383461548802835,1
ank30_ovp,C1,bt601,ncc,ank_35_11,1.105884330463205,67
ank30_ovp,C1,bt601,phase,ank_35_11,0.2817462105059696,1
ank30_ovp,C1,bt601,ncc,ank_34_11,0.8918667562058457,85
ank30_ovp,C1,bt601,phase,ank_34_11,0.13831842731331,1
ank30_ovp,C1,bt601,ncc,ank_26_5,0.7965757878730128,83
ank30_ovp,C1,bt601,phase,ank_26_5,0.3321935815601402,1
ank30_ovp,C1,bt601,ncc,ank_38_22,0.6942967483928035,100
ank30_ovp,C1,bt601,phase,ank_38_22,0.0662600811669788,1
ank30_ovp,C1,bt601,ncc,ank_33_34,0.4977290452214573,72
ank30_ovp,C1,bt601,phase,ank_33_34,0.1623467179746372,1
ank30_ovp,C1,bt601,ncc,ank_33_3,0.909240845546706,74
ank30_ovp,C1,bt601,phase,ank_33_3,0.7147237127433221,1
ank30_ovp,C1,mean,ncc,ank_24_3,9.033040013398011,4
ank30_ovp,C1,mean,phase,ank_24_3,56.97141642528071,1
ank30_ovp,C1,mean,ncc,ank_27_14,0.6326314612573081,2
ank30_ovp,C1,mean,phase,ank_27_14,27.233657981858343,1
ank30_ovp,C1,mean,ncc,ank_0_30,8.343549330984082,26
ank30_ovp,C1,mean,phase,ank_0_30,18.665612595669607,1
ank30_ovp,C1,mean,ncc,ank_13_34,8.026626532021872,20
ank30_ovp,C1,mean,phase,ank_13_34,58.53358760944882,1
ank30_ovp,C1,mean,ncc,ank_9_25,1.4970756197758932,39
ank30_ovp,C1,mean,phase,ank_9_25,0.1733147568423776,1
ank30_ovp,C1,mean,ncc,ank_7_36,8.532650149467075,16
ank30_ovp,C1,mean,phase,ank_7_36,24.06353932140454,1
ank30_ovp,C1,mean,ncc,ank_25_16,1.0107113667616288,16
ank30_ovp,C1,mean,phase,ank_25_16,21.94448115826652,1
ank30_ovp,C1,mean,ncc,ank_7_8,2.486378838413348,34
ank30_ovp,C1,mean,phase,ank_7_8,0.2485248919641952,1
ank30_ovp,C1,mean,ncc,ank_22_16,8.696561952102563,14
ank30_ovp,C1,mean,phase,ank_22_16,0.6912968572709772,1
ank30_ovp,C1,mean,ncc,ank_3_13,2.8261335637387752,46
ank30_ovp,C1,mean,phase,ank_3_13,0.0477522194073461,1
ank30_ovp,C1,mean,ncc,ank_8_31,2.4805928612958588,51
ank30_ovp,C1,mean,phase,ank_8_31,0.6828358752982902,1
ank30_ovp,C1,mean,ncc,ank_4_41,3.843937984686335,54
ank30_ovp,C1,mean,phase,ank_4_41,0.2407579258293914,1
ank30_ovp,C1,mean,ncc,ank_6_10,3.420866951374861,14
ank30_ovp,C1,mean,phase,ank_6_10,0.3246907623589297,1
ank30_ovp,C1,mean,ncc,ank_2_12,0.9519096984213058,16
ank30_ovp,C1,mean,phase,ank_2_12,0.6166359365103813,1
ank30_ovp,C1,mean,ncc,ank_9_1,1.9125661333395272,26
ank30_ovp,C1,mean,phase,ank_9_1,4.477198954075668,1
ank30_ovp,C1,mean,ncc,ank_17_22,2.5642207796821603,16
ank30_ovp,C1,mean,phase,ank_17_22,15.80052528784985,1
ank30_ovp,C1,mean,ncc,ank_29_21,8.121612632353576,17
ank30_ovp,C1,mean,phase,ank_29_21,0.5796864276356859,1
ank30_ovp,C1,mean,ncc,ank_20_6,4.800348393133822,23
ank30_ovp,C1,mean,phase,ank_20_6,0.104098261654943,1
ank30_ovp,C1,mean,ncc,ank_5_5,1.607992453183749,50
ank30_ovp,C1,mean,phase,ank_5_5,0.3698793353512569,1
ank30_ovp,C1,mean,ncc,ank_26_3,1.031187130280364,67
ank30_ovp,C1,mean,phase,ank_26_3,0.2670493635687724,1
ank30_ovp,C1,mean,ncc,ank_22_37,1.5030730822513505,46
ank30_ovp,C1,mean,phase,ank_22_37,0.3867373145332963,1
ank30_ovp,C1,mean,ncc,ank_13_6,0.5691980167393287,42
ank30_ovp,C1,mean,phase,ank_13_6,0.634394467730591,1
ank30_ovp,C1,mean,ncc,ank_18_7,1.0882516645878686,36
ank30_ovp,C1,mean,phase,ank_18_7,0.2946158253107629,1
ank30_ovp,C1,mean,ncc,ank_5_12,0.5393555675026237,78
ank30_ovp,C1,mean,phase,ank_5_12,0.2787997017775976,1
ank30_ovp,C1,mean,ncc,ank_35_11,1.1050321893387367,70
ank30_ovp,C1,mean,phase,ank_35_11,0.2924562555406312,1
ank30_ovp,C1,mean,ncc,ank_34_11,0.8693144447393989,85
ank30_ovp,C1,mean,phase,ank_34_11,0.1302323242060569,1
ank30_ovp,C1,mean,ncc,ank_26_5,0.8349788974050707,86
ank30_ovp,C1,mean,phase,ank_26_5,0.4239259406426981,1
ank30_ovp,C1,mean,ncc,ank_38_22,0.6724611177020776,102
ank30_ovp,C1,mean,phase,ank_38_22,0.0778292344671877,1
ank30_ovp,C1,mean,ncc,ank_33_34,0.4897875815032892,74
ank30_ovp,C1,mean,phase,ank_33_34,0.1602044331629774,1
ank30_ovp,C1,mean,ncc,ank_33_3,0.9221558440142392,76
ank30_ovp,C1,mean,phase,ank_33_3,0.6668601675697634,1
ank30_ovp,C2,bt601,ncc,ank_24_3,8.000747043551378,19
ank30_ovp,C2,bt601,phase,ank_24_3,23.10248528156892,1
ank30_ovp,C2,bt601,ncc,ank_27_14,4.76886277705079,10
ank30_ovp,C2,bt601,phase,ank_27_14,57.18417964898463,1
ank30_ovp,C2,bt601,ncc,ank_0_30,8.184827251197643,50
ank30_ovp,C2,bt601,phase,ank_0_30,0.2089965667126646,1
ank30_ovp,C2,bt601,ncc,ank_13_34,8.796112706320617,34
ank30_ovp,C2,bt601,phase,ank_13_34,0.0686642147893647,1
ank30_ovp,C2,bt601,ncc,ank_9_25,0.9634550034085178,71
ank30_ovp,C2,bt601,phase,ank_9_25,0.1930271842744963,1
ank30_ovp,C2,bt601,ncc,ank_7_36,8.974826503699287,48
ank30_ovp,C2,bt601,phase,ank_7_36,32.019736844470835,1
ank30_ovp,C2,bt601,ncc,ank_25_16,2.4259471534720234,56
ank30_ovp,C2,bt601,phase,ank_25_16,1.1386823746864738,1
ank30_ovp,C2,bt601,ncc,ank_7_8,0.4015725732100559,91
ank30_ovp,C2,bt601,phase,ank_7_8,0.129443882741071,1
ank30_ovp,C2,bt601,ncc,ank_22_16,0.8733156705930365,36
ank30_ovp,C2,bt601,phase,ank_22_16,0.7696070926257574,1
ank30_ovp,C2,bt601,ncc,ank_3_13,0.4723336304632726,80
ank30_ovp,C2,bt601,phase,ank_3_13,0.1200451618586545,1
ank30_ovp,C2,bt601,ncc,ank_8_31,4.506034849315594,100
ank30_ovp,C2,bt601,phase,ank_8_31,0.4154061779849103,1
ank30_ovp,C2,bt601,ncc,ank_4_41,1.26726238087975,58
ank30_ovp,C2,bt601,phase,ank_4_41,0.0590090814645364,1
ank30_ovp,C2,bt601,ncc,ank_6_10,0.9004099210943741,87
ank30_ovp,C2,bt601,phase,ank_6_10,0.7198576926915086,1
ank30_ovp,C2,bt601,ncc,ank_2_12,0.3174499113238851,71
ank30_ovp,C2,bt601,phase,ank_2_12,0.2060051876002744,1
ank30_ovp,C2,bt601,ncc,ank_9_1,1.2356415382299044,64
ank30_ovp,C2,bt601,phase,ank_9_1,1.2526250977564382,1
ank30_ovp,C2,bt601,ncc,ank_17_22,1.32124958905594,40
ank30_ovp,C2,bt601,phase,ank_17_22,0.1376131240726574,1
ank30_ovp,C2,bt601,ncc,ank_29_21,1.4994638247287162,29
ank30_ovp,C2,bt601,phase,ank_29_21,0.164187680020632,1
ank30_ovp,C2,bt601,ncc,ank_20_6,0.8163332793944276,57
ank30_ovp,C2,bt601,phase,ank_20_6,0.2028678138592115,1
ank30_ovp,C2,bt601,ncc,ank_5_5,0.506838912647612,100
ank30_ovp,C2,bt601,phase,ank_5_5,0.1265751730720387,1
ank30_ovp,C2,bt601,ncc,ank_26_3,0.5823137829612437,93
ank30_ovp,C2,bt601,phase,ank_26_3,0.1647507377474809,1
ank30_ovp,C2,bt601,ncc,ank_22_37,1.1298758542802072,61
ank30_ovp,C2,bt601,phase,ank_22_37,0.3199820089072266,1
ank30_ovp,C2,bt601,ncc,ank_13_6,0.3850623040667323,120
ank30_ovp,C2,bt601,phase,ank_13_6,0.3323692972803397,1
ank30_ovp,C2,bt601,ncc,ank_18_7,0.6890677595652561,75
ank30_ovp,C2,bt601,phase,ank_18_7,0.1213291368286209,1
ank30_ovp,C2,bt601,ncc,ank_5_12,0.2895060736951892,127
ank30_ovp,C2,bt601,phase,ank_5_12,0.0917729036333937,1
ank30_ovp,C2,bt601,ncc,ank_35_11,0.3961210232819019,133
ank30_ovp,C2,bt601,phase,ank_35_11,0.160114554190296,1
ank30_ovp,C2,bt601,ncc,ank_34_11,0.4412945020312361,118
ank30_ovp,C2,bt601,phase,ank_34_11,0.0107215872300231,1
ank30_ovp,C2,bt601,ncc,ank_26_5,0.4852618109321365,116
ank30_ovp,C2,bt601,phase,ank_26_5,0.2275949497937221,1
ank30_ovp,C2,bt601,ncc,ank_38_22,0.5534969106240546,114
ank30_ovp,C2,bt601,phase,ank_38_22,0.1224168456008638,1
ank30_ovp,C2,bt601,ncc,ank_33_34,0.4753862394884771,94
ank30_ovp,C2,bt601,phase,ank_33_34,0.0472036158403552,1
ank30_ovp,C2,bt601,ncc,ank_33_3,0.5579042192646896,133
ank30_ovp,C2,bt601,phase,ank_33_3,0.326834409956264,1
ank30_ovp,C2,mean,ncc,ank_24_3,7.2232242152253585,19
ank30_ovp,C2,mean,phase,ank_24_3,9.054064663099894,1
ank30_ovp,C2,mean,ncc,ank_27_14,4.560864058080921,9
ank30_ovp,C2,mean,phase,ank_27_14,17.785120993880067,1
ank30_ovp,C2,mean,ncc,ank_0_30,8.172662542949233,46
ank30_ovp,C2,mean,phase,ank_0_30,13.182735235719726,1
ank30_ovp,C2,mean,ncc,ank_13_34,9.333151383442807,37
ank30_ovp,C2,mean,phase,ank_13_34,0.4539957048039463,1
ank30_ovp,C2,mean,ncc,ank_9_25,0.9373800809746348,71
ank30_ovp,C2,mean,phase,ank_9_25,0.1770929844835706,1
ank30_ovp,C2,mean,ncc,ank_7_36,8.930790931881424,50
ank30_ovp,C2,mean,phase,ank_7_36,30.538694251374604,1
ank30_ovp,C2,mean,ncc,ank_25_16,2.394085096802105,56
ank30_ovp,C2,mean,phase,ank_25_16,0.7084866477866316,1
ank30_ovp,C2,mean,ncc,ank_7_8,0.4114442881122921,92
ank30_ovp,C2,mean,phase,ank_7_8,0.0605392968235667,1
ank30_ovp,C2,mean,ncc,ank_22_16,0.904908189927112,35
ank30_ovp,C2,mean,phase,ank_22_16,0.6250851055023525,1
ank30_ovp,C2,mean,ncc,ank_3_13,0.4557527172729864,80
ank30_ovp,C2,mean,phase,ank_3_13,0.1190883867753462,1
ank30_ovp,C2,mean,ncc,ank_8_31,3.8364157979127538,98
ank30_ovp,C2,mean,phase,ank_8_31,0.7077912951244096,1
ank30_ovp,C2,mean,ncc,ank_4_41,1.1295285181586712,57
ank30_ovp,C2,mean,phase,ank_4_41,0.0711053692049875,1
ank30_ovp,C2,mean,ncc,ank_6_10,0.8121096845758572,84
ank30_ovp,C2,mean,phase,ank_6_10,0.7139108220901704,1
ank30_ovp,C2,mean,ncc,ank_2_12,0.3048891670021406,69
ank30_ovp,C2,mean,phase,ank_2_12,0.2362981297042076,1
ank30_ovp,C2,mean,ncc,ank_9_1,1.2390174480627154,63
ank30_ovp,C2,mean,phase,ank_9_1,1.3221292178008768,1
ank30_ovp,C2,mean,ncc,ank_17_22,1.2052125037953687,38
ank30_ovp,C2,mean,phase,ank_17_22,0.0274555528957932,1
ank30_ovp,C2,mean,ncc,ank_29_21,1.5410152398311738,27
ank30_ovp,C2,mean,phase,ank_29_21,0.1412282848377474,1
ank30_ovp,C2,mean,ncc,ank_20_6,0.8262994929747518,57
ank30_ovp,C2,mean,phase,ank_20_6,0.1622670760738215,1
ank30_ovp,C2,mean,ncc,ank_5_5,0.5243506633506932,101
ank30_ovp,C2,mean,phase,ank_5_5,0.1562063124552135,1
ank30_ovp,C2,mean,ncc,ank_26_3,0.5907189949954844,93
ank30_ovp,C2,mean,phase,ank_26_3,0.1699947197149283,1
ank30_ovp,C2,mean,ncc,ank_22_37,1.0271387843016695,63
ank30_ovp,C2,mean,phase,ank_22_37,0.3932483136744467,1
ank30_ovp,C2,mean,ncc,ank_13_6,0.3819159527580404,119
ank30_ovp,C2,mean,phase,ank_13_6,0.354437851857231,1
ank30_ovp,C2,mean,ncc,ank_18_7,0.716778186394763,76
ank30_ovp,C2,mean,phase,ank_18_7,0.1148904165137009,1
ank30_ovp,C2,mean,ncc,ank_5_12,0.2822160663956533,126
ank30_ovp,C2,mean,phase,ank_5_12,0.0850585781639218,1
ank30_ovp,C2,mean,ncc,ank_35_11,0.3674749582093131,133
ank30_ovp,C2,mean,phase,ank_35_11,0.1316477075300091,1
ank30_ovp,C2,mean,ncc,ank_34_11,0.4471506132493635,118
ank30_ovp,C2,mean,phase,ank_34_11,0.0127188909053807,1
ank30_ovp,C2,mean,ncc,ank_26_5,0.4900121934457224,115
ank30_ovp,C2,mean,phase,ank_26_5,0.1675553804205642,1
ank30_ovp,C2,mean,ncc,ank_38_22,0.5319540041685205,114
ank30_ovp,C2,mean,phase,ank_38_22,0.1032879000136944,1
ank30_ovp,C2,mean,ncc,ank_33_34,0.4714212912800636,95
ank30_ovp,C2,mean,phase,ank_33_34,0.0542119778489698,1
ank30_ovp,C2,mean,ncc,ank_33_3,0.5891421829974665,135
ank30_ovp,C2,mean,phase,ank_33_3,0.3517620689869274,1
ank30_ovp,C3,bt601,ncc,ank_24_3,8.07133947496902,25
ank30_ovp,C3,bt601,phase,ank_24_3,9.93112577405695,1
ank30_ovp,C3,bt601,ncc,ank_27_14,5.51505474108223,11
ank30_ovp,C3,bt601,phase,ank_27_14,26.175204791997484,1
ank30_ovp,C3,bt601,ncc,ank_0_30,8.42350177288524,36
ank30_ovp,C3,bt601,phase,ank_0_30,1.1797456440356446,1
ank30_ovp,C3,bt601,ncc,ank_13_34,8.946658918682354,27
ank30_ovp,C3,bt601,phase,ank_13_34,0.1072778039305493,1
ank30_ovp,C3,bt601,ncc,ank_9_25,0.7193025497408752,69
ank30_ovp,C3,bt601,phase,ank_9_25,0.2322603535560135,1
ank30_ovp,C3,bt601,ncc,ank_7_36,8.932936079979727,51
ank30_ovp,C3,bt601,phase,ank_7_36,4.4326620067777185,1
ank30_ovp,C3,bt601,ncc,ank_25_16,2.115873513186691,46
ank30_ovp,C3,bt601,phase,ank_25_16,5.023230049607504,1
ank30_ovp,C3,bt601,ncc,ank_7_8,0.5635868134945305,90
ank30_ovp,C3,bt601,phase,ank_7_8,0.1833233088540875,1
ank30_ovp,C3,bt601,ncc,ank_22_16,1.1762959346729993,37
ank30_ovp,C3,bt601,phase,ank_22_16,1.0147471937915995,1
ank30_ovp,C3,bt601,ncc,ank_3_13,0.6072354008385499,80
ank30_ovp,C3,bt601,phase,ank_3_13,0.1184346547418615,1
ank30_ovp,C3,bt601,ncc,ank_8_31,3.649811886994283,96
ank30_ovp,C3,bt601,phase,ank_8_31,0.7984662822177712,1
ank30_ovp,C3,bt601,ncc,ank_4_41,1.3168826657209216,60
ank30_ovp,C3,bt601,phase,ank_4_41,0.094383270254787,1
ank30_ovp,C3,bt601,ncc,ank_6_10,0.9362737682899188,87
ank30_ovp,C3,bt601,phase,ank_6_10,0.6982497214316866,1
ank30_ovp,C3,bt601,ncc,ank_2_12,0.3909813659713503,73
ank30_ovp,C3,bt601,phase,ank_2_12,0.1267554387298952,1
ank30_ovp,C3,bt601,ncc,ank_9_1,1.1947069654502498,69
ank30_ovp,C3,bt601,phase,ank_9_1,1.1491215046044834,1
ank30_ovp,C3,bt601,ncc,ank_17_22,1.1646850956155168,35
ank30_ovp,C3,bt601,phase,ank_17_22,0.0870746334856397,1
ank30_ovp,C3,bt601,ncc,ank_29_21,2.410575649522757,27
ank30_ovp,C3,bt601,phase,ank_29_21,0.2692198492243274,1
ank30_ovp,C3,bt601,ncc,ank_20_6,0.8580766475689926,65
ank30_ovp,C3,bt601,phase,ank_20_6,0.2420185706253311,1
ank30_ovp,C3,bt601,ncc,ank_5_5,0.445335325756002,102
ank30_ovp,C3,bt601,phase,ank_5_5,0.2211352151168061,1
ank30_ovp,C3,bt601,ncc,ank_26_3,0.6620793016196036,89
ank30_ovp,C3,bt601,phase,ank_26_3,0.1446204826047615,1
ank30_ovp,C3,bt601,ncc,ank_22_37,0.9917684025378426,64
ank30_ovp,C3,bt601,phase,ank_22_37,0.3308106489226875,1
ank30_ovp,C3,bt601,ncc,ank_13_6,0.319019160554344,121
ank30_ovp,C3,bt601,phase,ank_13_6,0.2967482376390378,1
ank30_ovp,C3,bt601,ncc,ank_18_7,0.6589598770831138,75
ank30_ovp,C3,bt601,phase,ank_18_7,0.0957578189596869,1
ank30_ovp,C3,bt601,ncc,ank_5_12,0.3857749353847103,130
ank30_ovp,C3,bt601,phase,ank_5_12,0.0508830787506537,1
ank30_ovp,C3,bt601,ncc,ank_35_11,0.4494872097934339,136
ank30_ovp,C3,bt601,phase,ank_35_11,0.153018081870959,1
ank30_ovp,C3,bt601,ncc,ank_34_11,0.4836260213169422,123
ank30_ovp,C3,bt601,phase,ank_34_11,0.0201975223015886,1
ank30_ovp,C3,bt601,ncc,ank_26_5,0.500284106169713,118
ank30_ovp,C3,bt601,phase,ank_26_5,0.1643656018540816,1
ank30_ovp,C3,bt601,ncc,ank_38_22,0.5873844903269732,106
ank30_ovp,C3,bt601,phase,ank_38_22,0.1383911843329997,1
ank30_ovp,C3,bt601,ncc,ank_33_34,0.505398716623978,90
ank30_ovp,C3,bt601,phase,ank_33_34,0.0462499040046268,1
ank30_ovp,C3,bt601,ncc,ank_33_3,0.6383616830618274,133
ank30_ovp,C3,bt601,phase,ank_33_3,0.5050268340540751,1
ank30_ovp,C3,mean,ncc,ank_24_3,7.73096054992187,23
ank30_ovp,C3,mean,phase,ank_24_3,43.98576563153855,1
ank30_ovp,C3,mean,ncc,ank_27_14,5.564471283273267,11
ank30_ovp,C3,mean,phase,ank_27_14,27.48017872112733,1
ank30_ovp,C3,mean,ncc,ank_0_30,8.374726544463467,38
ank30_ovp,C3,mean,phase,ank_0_30,0.1595929322765514,1
ank30_ovp,C3,mean,ncc,ank_13_34,9.026382667328496,29
ank30_ovp,C3,mean,phase,ank_13_34,0.0640459160194412,1
ank30_ovp,C3,mean,ncc,ank_9_25,0.8688845121855634,71
ank30_ovp,C3,mean,phase,ank_9_25,0.3134047882296356,1
ank30_ovp,C3,mean,ncc,ank_7_36,8.952277553276309,56
ank30_ovp,C3,mean,phase,ank_7_36,25.252219975576715,1
ank30_ovp,C3,mean,ncc,ank_25_16,2.098844589363833,45
ank30_ovp,C3,mean,phase,ank_25_16,4.908929418352186,1
ank30_ovp,C3,mean,ncc,ank_7_8,0.5860951895272994,92
ank30_ovp,C3,mean,phase,ank_7_8,0.1029942214785661,1
ank30_ovp,C3,mean,ncc,ank_22_16,1.1136072590307473,38
ank30_ovp,C3,mean,phase,ank_22_16,0.7457765661060201,1
ank30_ovp,C3,mean,ncc,ank_3_13,0.5255224204648759,80
ank30_ovp,C3,mean,phase,ank_3_13,0.1304674888885475,1
ank30_ovp,C3,mean,ncc,ank_8_31,3.351580568595499,98
ank30_ovp,C3,mean,phase,ank_8_31,1.022461453523492,1
ank30_ovp,C3,mean,ncc,ank_4_41,1.2204642696599368,58
ank30_ovp,C3,mean,phase,ank_4_41,0.0850257020572566,1
ank30_ovp,C3,mean,ncc,ank_6_10,0.8910457079093044,84
ank30_ovp,C3,mean,phase,ank_6_10,0.7199160058318489,1
ank30_ovp,C3,mean,ncc,ank_2_12,0.3831597651139045,72
ank30_ovp,C3,mean,phase,ank_2_12,0.0567880224287354,1
ank30_ovp,C3,mean,ncc,ank_9_1,1.3344216243562106,68
ank30_ovp,C3,mean,phase,ank_9_1,1.0336621469253842,1
ank30_ovp,C3,mean,ncc,ank_17_22,1.4421521079529267,35
ank30_ovp,C3,mean,phase,ank_17_22,0.2186863122334527,1
ank30_ovp,C3,mean,ncc,ank_29_21,2.525200830576857,27
ank30_ovp,C3,mean,phase,ank_29_21,0.1580466097697308,1
ank30_ovp,C3,mean,ncc,ank_20_6,0.8574027925818415,67
ank30_ovp,C3,mean,phase,ank_20_6,0.2391721884733785,1
ank30_ovp,C3,mean,ncc,ank_5_5,0.4796200556001906,100
ank30_ovp,C3,mean,phase,ank_5_5,0.0761463334954936,1
ank30_ovp,C3,mean,ncc,ank_26_3,0.7270698638612686,91
ank30_ovp,C3,mean,phase,ank_26_3,0.1240969011022957,1
ank30_ovp,C3,mean,ncc,ank_22_37,1.072430864600779,65
ank30_ovp,C3,mean,phase,ank_22_37,0.2500273454984033,1
ank30_ovp,C3,mean,ncc,ank_13_6,0.3143698407026777,120
ank30_ovp,C3,mean,phase,ank_13_6,0.3357390685955905,1
ank30_ovp,C3,mean,ncc,ank_18_7,0.6887437119601849,76
ank30_ovp,C3,mean,phase,ank_18_7,0.1004253550403752,1
ank30_ovp,C3,mean,ncc,ank_5_12,0.3950695993817729,129
ank30_ovp,C3,mean,phase,ank_5_12,0.0961179228381159,1
ank30_ovp,C3,mean,ncc,ank_35_11,0.4472947279987156,136
ank30_ovp,C3,mean,phase,ank_35_11,0.1211446259699248,1
ank30_ovp,C3,mean,ncc,ank_34_11,0.4811481583470473,122
ank30_ovp,C3,mean,phase,ank_34_11,0.0101064468086687,1
ank30_ovp,C3,mean,ncc,ank_26_5,0.5149830954089645,117
ank30_ovp,C3,mean,phase,ank_26_5,0.2219764157200106,1
ank30_ovp,C3,mean,ncc,ank_38_22,0.5831206671213144,107
ank30_ovp,C3,mean,phase,ank_38_22,0.145194774147279,1
ank30_ovp,C3,mean,ncc,ank_33_34,0.5184909227548097,95
ank30_ovp,C3,mean,phase,ank_33_34,0.0721012361038216,1
ank30_ovp,C3,mean,ncc,ank_33_3,0.6325474947849903,133
ank30_ovp,C3,mean,phase,ank_33_3,0.5723907807390473,1
eu150,C1,bt601,ncc,30SVJ_0796_00,7.999919782072534,5
eu150,C1,bt601,phase,30SVJ_0796_00,0.2482013858935731,1
eu150,C1,bt601,ncc,30SVJ_1711_00,8.160652086140828,18
eu150,C1,bt601,phase,30SVJ_1711_00,13.935675774620968,1
eu150,C1,bt601,ncc,30TVK_0841_00,7.570697361705874,12
eu150,C1,bt601,phase,30TVK_0841_00,5.108008537971397,1
eu150,C1,bt601,ncc,30TVK_1126_00,6.851110979927822,8
eu150,C1,bt601,phase,30TVK_1126_00,9.468023121570075,1
eu150,C1,bt601,ncc,30TVK_1386_00,6.957527755521886,12
eu150,C1,bt601,phase,30TVK_1386_00,26.375096870082185,1
eu150,C1,bt601,ncc,30TVK_1390_00,8.082586974819929,11
eu150,C1,bt601,phase,30TVK_1390_00,34.47272580796576,1
eu150,C1,bt601,ncc,30TVK_1697_00,8.05813317731032,22
eu150,C1,bt601,phase,30TVK_1697_00,0.648546700234222,1
eu150,C1,bt601,ncc,30TVK_2512_00,6.984344777041617,8
eu150,C1,bt601,phase,30TVK_2512_00,0.1226351341201906,1
eu150,C1,bt601,ncc,30TXP_0408_00,1.117150861868446,8
eu150,C1,bt601,phase,30TXP_0408_00,4.539648700033568,1
eu150,C1,bt601,ncc,30TXQ_0830_00,9.673959335214011,13
eu150,C1,bt601,phase,30TXQ_0830_00,21.324090514509447,1
eu150,C1,bt601,ncc,30TYQ_1071_00,4.174014497025574,20
eu150,C1,bt601,phase,30TYQ_1071_00,0.6098137770784285,1
eu150,C1,bt601,ncc,30UYC_0687_00,6.943688657175808,11
eu150,C1,bt601,phase,30UYC_0687_00,0.2508502975284882,1
eu150,C1,bt601,ncc,31TGJ_0814_00,4.777338792947705,1
eu150,C1,bt601,phase,31TGJ_0814_00,47.41004686857176,1
eu150,C1,bt601,ncc,31UDP_0247_00,5.153584009458157,24
eu150,C1,bt601,phase,31UDP_0247_00,0.2003294343509288,1
eu150,C1,bt601,ncc,32UPA_0047_00,3.497697829362456,5
eu150,C1,bt601,phase,32UPA_0047_00,3.1757121438044207,1
eu150,C1,bt601,ncc,33TWF_0539_00,9.7605971775142,15
eu150,C1,bt601,phase,33TWF_0539_00,6.9891549108994555,1
eu150,C1,bt601,ncc,33TWF_1416_00,1.428972906244497,27
eu150,C1,bt601,phase,33TWF_1416_00,0.1121858359200948,1
eu150,C1,bt601,ncc,34TCR_0112_00,8.49294603801404,17
eu150,C1,bt601,phase,34TCR_0112_00,46.59008495910014,1
eu150,C1,bt601,ncc,34TCR_0361_00,5.142067159165704,15
eu150,C1,bt601,phase,34TCR_0361_00,12.041871955045435,1
eu150,C1,bt601,ncc,34TCR_0769_00,7.228928853214051,25
eu150,C1,bt601,phase,34TCR_0769_00,3.689217789505774,1
eu150,C1,bt601,ncc,34TCR_0850_00,8.161796975519486,23
eu150,C1,bt601,phase,34TCR_0850_00,35.70069585563317,1
eu150,C1,bt601,ncc,34TCR_1204_00,8.416180779870423,12
eu150,C1,bt601,phase,34TCR_1204_00,6.694212317107478,1
eu150,C1,bt601,ncc,34TCS_0241_00,9.37806323849283,10
eu150,C1,bt601,phase,34TCS_0241_00,17.475133312588213,1
eu150,C1,bt601,ncc,34TCT_0362_00,8.089285372029329,21
eu150,C1,bt601,phase,34TCT_0362_00,7.5049749156246,1
eu150,C1,bt601,ncc,34TCT_0701_00,9.373016451634896,27
eu150,C1,bt601,phase,34TCT_0701_00,0.2557713638611639,1
eu150,C1,bt601,ncc,34TCT_0757_00,8.466150166088035,21
eu150,C1,bt601,phase,34TCT_0757_00,52.08934043339952,1
eu150,C1,bt601,ncc,34TCT_0997_00,8.217100449255808,7
eu150,C1,bt601,phase,34TCT_0997_00,29.26325340054478,1
eu150,C1,bt601,ncc,34TCT_1595_00,6.536353232049408,15
eu150,C1,bt601,phase,34TCT_1595_00,12.503125404358927,1
eu150,C1,bt601,ncc,34TCT_1710_00,8.266375911373775,26
eu150,C1,bt601,phase,34TCT_1710_00,19.75551236498435,1
eu150,C1,bt601,ncc,34TCT_2072_00,5.9611834935699015,12
eu150,C1,bt601,phase,34TCT_2072_00,15.17056892043229,1
eu150,C1,bt601,ncc,30TXP_0411_00,6.595647654736616,11
eu150,C1,bt601,phase,30TXP_0411_00,12.00317845025358,1
eu150,C1,bt601,ncc,30TXP_0787_00,4.6339462984639574,12
eu150,C1,bt601,phase,30TXP_0787_00,0.2615930266940451,1
eu150,C1,bt601,ncc,30TXP_1048_00,8.182818319016867,22
eu150,C1,bt601,phase,30TXP_1048_00,0.064657947984065,1
eu150,C1,bt601,ncc,30TXQ_0896_00,2.8866495207250873,13
eu150,C1,bt601,phase,30TXQ_0896_00,0.6572679984586063,1
eu150,C1,bt601,ncc,30UYD_0119_00,8.082698544292372,11
eu150,C1,bt601,phase,30UYD_0119_00,1.6070803041295374,1
eu150,C1,bt601,ncc,31TCJ_0091_00,6.785549509193308,16
eu150,C1,bt601,phase,31TCJ_0091_00,42.104086989519125,1
eu150,C1,bt601,ncc,31TCN_1803_00,9.333364426386847,26
eu150,C1,bt601,phase,31TCN_1803_00,3.723169188429102,1
eu150,C1,bt601,ncc,31TGJ_0550_00,5.360851297616989,28
eu150,C1,bt601,phase,31TGJ_0550_00,0.2701829382154843,1
eu150,C1,bt601,ncc,31TGK_1163_00,3.9630277378555,14
eu150,C1,bt601,phase,31TGK_1163_00,2.0675106164365795,1
eu150,C1,bt601,ncc,31UCQ_1476_00,6.200846626244128,36
eu150,C1,bt601,phase,31UCQ_1476_00,2.8327488785431965,1
eu150,C1,bt601,ncc,31UDQ_0751_00,8.070287426862436,18
eu150,C1,bt601,phase,31UDQ_0751_00,3.172686815838946,1
eu150,C1,bt601,ncc,31UFQ_0574_00,8.002263740009928,25
eu150,C1,bt601,phase,31UFQ_0574_00,0.2469191197569869,1
eu150,C1,bt601,ncc,31UFQ_1482_00,8.569598017856405,24
eu150,C1,bt601,phase,31UFQ_1482_00,1.109206668029881,1
eu150,C1,bt601,ncc,32UPA_1861_00,3.3535368240488137,45
eu150,C1,bt601,phase,32UPA_1861_00,0.4059721508564787,1
eu150,C1,bt601,ncc,32UPA_1883_00,5.457876169812555,27
eu150,C1,bt601,phase,32UPA_1883_00,2.338207030293072,1
eu150,C1,bt601,ncc,32UPA_1911_00,5.782259399456076,22
eu150,C1,bt601,phase,32UPA_1911_00,0.9573474028409692,1
eu150,C1,bt601,ncc,33TVN_1850_00,0.9067119742672208,25
eu150,C1,bt601,phase,33TVN_1850_00,0.4369290591344307,1
eu150,C1,bt601,ncc,33UWT_0956_00,5.295876029737948,26
eu150,C1,bt601,phase,33UWT_0956_00,0.3744731778567705,1
eu150,C1,bt601,ncc,33UWT_2290_00,6.398299860638075,32
eu150,C1,bt601,phase,33UWT_2290_00,28.54912101739661,1
eu150,C1,bt601,ncc,33VXG_1377_00,3.795313844886536,27
eu150,C1,bt601,phase,33VXG_1377_00,4.234133585851349,1
eu150,C1,bt601,ncc,34TCR_0421_00,7.273798735828364,15
eu150,C1,bt601,phase,34TCR_0421_00,0.2183794417936871,1
eu150,C1,bt601,ncc,34TCR_1120_00,8.12282548430849,18
eu150,C1,bt601,phase,34TCR_1120_00,0.4649293980381728,1
eu150,C1,bt601,ncc,34TCR_1129_00,7.809172461066695,32
eu150,C1,bt601,phase,34TCR_1129_00,7.316584454824032,1
eu150,C1,bt601,ncc,34TCR_1412_00,8.907810269399405,22
eu150,C1,bt601,phase,34TCR_1412_00,29.93949058112296,1
eu150,C1,bt601,ncc,34TCT_0129_00,1.021120061815685,23
eu150,C1,bt601,phase,34TCT_0129_00,0.6287463880101877,1
eu150,C1,bt601,ncc,34TCT_0468_00,6.563069859810686,23
eu150,C1,bt601,phase,34TCT_0468_00,0.0956599345475754,1
eu150,C1,bt601,ncc,34TCT_0686_00,8.014682496111298,18
eu150,C1,bt601,phase,34TCT_0686_00,1.4273620283863264,1
eu150,C1,bt601,ncc,34TCT_1673_00,8.963192603297996,10
eu150,C1,bt601,phase,34TCT_1673_00,30.252009583732683,1
eu150,C1,bt601,ncc,34TCT_1726_00,7.623108501352465,15
eu150,C1,bt601,phase,34TCT_1726_00,0.0838024902132093,1
eu150,C1,bt601,ncc,34TCT_1903_00,7.6023943297904575,27
eu150,C1,bt601,phase,34TCT_1903_00,5.01177917445395,1
eu150,C1,bt601,ncc,30TVK_2306_00,7.169920264740918,15
eu150,C1,bt601,phase,30TVK_2306_00,13.36149303780409,1
eu150,C1,bt601,ncc,30UYC_0245_00,8.075947037665873,15
eu150,C1,bt601,phase,30UYC_0245_00,27.410191177967672,1
eu150,C1,bt601,ncc,30UYC_0725_00,4.108614565220844,35
eu150,C1,bt601,phase,30UYC_0725_00,38.87758513702709,1
eu150,C1,bt601,ncc,30UYD_1432_00,5.74858084388521,26
eu150,C1,bt601,phase,30UYD_1432_00,0.8033093142136039,1
eu150,C1,bt601,ncc,31TCJ_0672_00,5.461070646038047,23
eu150,C1,bt601,phase,31TCJ_0672_00,6.183647959033087,1
eu150,C1,bt601,ncc,31TCJ_1375_00,6.306798008406541,7
eu150,C1,bt601,phase,31TCJ_1375_00,0.1347670365508622,1
eu150,C1,bt601,ncc,31TCM_1060_00,1.876617439711737,22
eu150,C1,bt601,phase,31TCM_1060_00,1.1709120386604286,1
eu150,C1,bt601,ncc,31TCM_2040_00,5.17414860019658,38
eu150,C1,bt601,phase,31TCM_2040_00,17.595180769030648,1
eu150,C1,bt601,ncc,31TCN_1555_00,1.416320573866906,48
eu150,C1,bt601,phase,31TCN_1555_00,0.3956180357100582,1
eu150,C1,bt601,ncc,31TGH_0153_00,3.16471196469516,31
eu150,C1,bt601,phase,31TGH_0153_00,0.0533760405382489,1
eu150,C1,bt601,ncc,31TGJ_0831_00,3.1281687900580337,31
eu150,C1,bt601,phase,31TGJ_0831_00,0.0826260089687021,1
eu150,C1,bt601,ncc,31TGJ_1054_00,1.6624808518310437,20
eu150,C1,bt601,phase,31TGJ_1054_00,0.2402343327080171,1
eu150,C1,bt601,ncc,31TGK_0015_00,4.579737437648,31
eu150,C1,bt601,phase,31TGK_0015_00,56.06374275355736,1
eu150,C1,bt601,ncc,31UCQ_0249_00,4.2124805639291445,27
eu150,C1,bt601,phase,31UCQ_0249_00,0.0951374981185017,1
eu150,C1,bt601,ncc,31UFQ_0566_00,2.069216083941247,40
eu150,C1,bt601,phase,31UFQ_0566_00,0.4577532084526244,1
eu150,C1,bt601,ncc,32UMA_0976_00,2.707187136736428,51
eu150,C1,bt601,phase,32UMA_0976_00,13.551569813268316,1
eu150,C1,bt601,ncc,32UNE_1364_00,3.4090702711978413,46
eu150,C1,bt601,phase,32UNE_1364_00,35.50504553835925,1
eu150,C1,bt601,ncc,32UPA_1036_00,1.2562475850194954,71
eu150,C1,bt601,phase,32UPA_1036_00,0.4036053851514219,1
eu150,C1,bt601,ncc,32UPA_1085_00,1.619149998719713,40
eu150,C1,bt601,phase,32UPA_1085_00,0.5374800069452563,1
eu150,C1,bt601,ncc,32UPB_1109_00,1.332113992406101,38
eu150,C1,bt601,phase,32UPB_1109_00,0.5987026745736819,1
eu150,C1,bt601,ncc,33TWF_1157_00,1.8824863230835844,53
eu150,C1,bt601,phase,33TWF_1157_00,0.1059658896731736,1
eu150,C1,bt601,ncc,33TWF_1161_00,6.915035312671835,10
eu150,C1,bt601,phase,33TWF_1161_00,0.257707094387305,1
eu150,C1,bt601,ncc,33UWT_0062_00,3.891816176334344,84
eu150,C1,bt601,phase,33UWT_0062_00,0.291229732163534,1
eu150,C1,bt601,ncc,33UWT_0167_00,8.224301759925183,16
eu150,C1,bt601,phase,33UWT_0167_00,0.0431198561340694,1
eu150,C1,bt601,ncc,33UWT_0872_00,1.93426539036722,61
eu150,C1,bt601,phase,33UWT_0872_00,0.6344430762452243,1
eu150,C1,bt601,ncc,33UWT_1630_00,3.06229686723461,59
eu150,C1,bt601,phase,33UWT_1630_00,0.1693658931517805,1
eu150,C1,bt601,ncc,34TCR_0072_00,2.611136365039446,43
eu150,C1,bt601,phase,34TCR_0072_00,0.361785034674263,1
eu150,C1,bt601,ncc,34TCR_0106_00,3.841759999838903,10
eu150,C1,bt601,phase,34TCR_0106_00,5.301717139499501,1
eu150,C1,bt601,ncc,34TCT_1281_00,8.017387656012847,28
eu150,C1,bt601,phase,34TCT_1281_00,2.9847666099758716,1
eu150,C1,bt601,ncc,34TCT_1573_00,7.853819379343324,16
eu150,C1,bt601,phase,34TCT_1573_00,0.1606329779751845,1
eu150,C1,bt601,ncc,30TVK_1026_00,5.723618295879992,31
eu150,C1,bt601,phase,30TVK_1026_00,2.935556878955975,1
eu150,C1,bt601,ncc,30TVK_1289_00,3.0672978728017584,47
eu150,C1,bt601,phase,30TVK_1289_00,2.3914694698000307,1
eu150,C1,bt601,ncc,30TVK_2317_00,4.124293621434374,50
eu150,C1,bt601,phase,30TVK_2317_00,0.2982822147376889,1
eu150,C1,bt601,ncc,30TXQ_0902_00,1.8703979876726515,49
eu150,C1,bt601,phase,30TXQ_0902_00,0.2343851585936495,1
eu150,C1,bt601,ncc,30UYC_0100_00,3.989719737527712,22
eu150,C1,bt601,phase,30UYC_0100_00,0.5045851355300963,1
eu150,C1,bt601,ncc,31TCJ_1340_00,3.1724503204436103,25
eu150,C1,bt601,phase,31TCJ_1340_00,0.1320537550078803,1
eu150,C1,bt601,ncc,31TCJ_1353_00,1.3249921303255656,78
eu150,C1,bt601,phase,31TCJ_1353_00,0.1488996640048198,1
eu150,C1,bt601,ncc,31TCM_0023_00,1.69699428616159,37
eu150,C1,bt601,phase,31TCM_0023_00,0.4672670199481698,1
eu150,C1,bt601,ncc,31TCM_1192_00,2.017214778126546,83
eu150,C1,bt601,phase,31TCM_1192_00,2.087171849850229,1
eu150,C1,bt601,ncc,31TCM_1717_00,5.6075212035635955,13
eu150,C1,bt601,phase,31TCM_1717_00,54.35260797660472,1
eu150,C1,bt601,ncc,31TGJ_0811_00,1.133719657584609,25
eu150,C1,bt601,phase,31TGJ_0811_00,0.2051308104265324,1
eu150,C1,bt601,ncc,31UDQ_1914_00,3.4309868172225353,27
eu150,C1,bt601,phase,31UDQ_1914_00,0.1425019588064058,1
eu150,C1,bt601,ncc,31UFS_0030_00,2.736014313317056,9
eu150,C1,bt601,phase,31UFS_0030_00,0.0136026732860934,1
eu150,C1,bt601,ncc,31UFS_0938_00,6.712300113930679,31
eu150,C1,bt601,phase,31UFS_0938_00,0.3039871891787111,1
eu150,C1,bt601,ncc,31UFS_2358_00,4.602387590696516,18
eu150,C1,bt601,phase,31UFS_2358_00,0.8781529390686369,1
eu150,C1,bt601,ncc,32UMC_0051_00,3.394104627018374,51
eu150,C1,bt601,phase,32UMC_0051_00,0.0815184869969242,1
eu150,C1,bt601,ncc,32UMC_1241_00,3.2198765410927197,28
eu150,C1,bt601,phase,32UMC_1241_00,0.1148407395703655,1
eu150,C1,bt601,ncc,32UMC_1688_00,1.200077655320842,26
eu150,C1,bt601,phase,32UMC_1688_00,0.41353487942622,1
eu150,C1,bt601,ncc,32UMC_2029_00,2.0010845683677743,55
eu150,C1,bt601,phase,32UMC_2029_00,2.1906213088143964,1
eu150,C1,bt601,ncc,32UNE_1359_00,1.2149160432464003,40
eu150,C1,bt601,phase,32UNE_1359_00,0.4648286305559828,1
eu150,C1,bt601,ncc,32UNE_2091_00,1.4835186343677198,75
eu150,C1,bt601,phase,32UNE_2091_00,0.2724768158968604,1
eu150,C1,bt601,ncc,32UPA_2227_00,3.884273401311212,55
eu150,C1,bt601,phase,32UPA_2227_00,0.0456710149672681,1
eu150,C1,bt601,ncc,33TWF_1076_00,1.3929623902515604,15
eu150,C1,bt601,phase,33TWF_1076_00,0.1379520119756543,1
eu150,C1,bt601,ncc,33UWT_2410_00,5.15079740995604,20
eu150,C1,bt601,phase,33UWT_2410_00,1.2999645051736854,1
eu150,C1,bt601,ncc,34TCR_0339_00,5.474101962694365,53
eu150,C1,bt601,phase,34TCR_0339_00,8.501641593506056,1
eu150,C1,bt601,ncc,34TCR_0343_00,6.547980869965976,25
eu150,C1,bt601,phase,34TCR_0343_00,18.35607489597363,1
eu150,C1,bt601,ncc,34TCR_1124_00,8.33035128151557,4
eu150,C1,bt601,phase,34TCR_1124_00,0.0565126551048754,1
eu150,C1,bt601,ncc,34TCR_1162_00,2.327858296230644,47
eu150,C1,bt601,phase,34TCR_1162_00,0.2825163635731999,1
eu150,C1,bt601,ncc,34TCR_1346_00,1.2688936199614052,6
eu150,C1,bt601,phase,34TCR_1346_00,0.7203873388420106,1
eu150,C1,bt601,ncc,34TCT_1282_00,5.867681571315141,7
eu150,C1,bt601,phase,34TCT_1282_00,0.8225508823887686,1
eu150,C1,bt601,ncc,30TVK_1486_00,4.272776481361376,15
eu150,C1,bt601,phase,30TVK_1486_00,0.2885033178532509,1
eu150,C1,bt601,ncc,30TVK_2377_00,4.408706352820745,23
eu150,C1,bt601,phase,30TVK_2377_00,4.191729592218238,1
eu150,C1,bt601,ncc,30TXQ_0911_00,1.1694433110850304,58
eu150,C1,bt601,phase,30TXQ_0911_00,0.5941077509400554,1
eu150,C1,bt601,ncc,30TXQ_0934_00,2.0557286288937973,37
eu150,C1,bt601,phase,30TXQ_0934_00,0.347200787945767,1
eu150,C1,bt601,ncc,30UYC_0046_00,1.136753538893336,95
eu150,C1,bt601,phase,30UYC_0046_00,0.3226000906812173,1
eu150,C1,bt601,ncc,31TCJ_1037_00,1.8130105084099628,10
eu150,C1,bt601,phase,31TCJ_1037_00,0.1316416693001079,1
eu150,C1,bt601,ncc,31TCM_0853_00,1.4442692615210952,76
eu150,C1,bt601,phase,31TCM_0853_00,0.2841504060367067,1
eu150,C1,bt601,ncc,31TCM_1094_00,0.9024537473914692,58
eu150,C1,bt601,phase,31TCM_1094_00,0.3330158203577956,1
eu150,C1,bt601,ncc,31TCM_1743_00,0.9251812659307824,32
eu150,C1,bt601,phase,31TCM_1743_00,0.5507605168254399,1
eu150,C1,bt601,ncc,31TFH_0022_00,0.9062231981159892,81
eu150,C1,bt601,phase,31TFH_0022_00,0.3382765492087742,1
eu150,C1,bt601,ncc,31TFJ_1359_00,0.8269710974148505,63
eu150,C1,bt601,phase,31TFJ_1359_00,0.1580914133106426,1
eu150,C1,bt601,ncc,31TGH_0053_00,1.2992961732040422,59
eu150,C1,bt601,phase,31TGH_0053_00,0.0693320943719161,1
eu150,C1,bt601,ncc,31TGJ_0274_00,1.38200045754581,62
eu150,C1,bt601,phase,31TGJ_0274_00,0.4694519057087511,1
eu150,C1,bt601,ncc,31TGJ_1156_00,0.8449291279455242,21
eu150,C1,bt601,phase,31TGJ_1156_00,0.1648874149688152,1
eu150,C1,bt601,ncc,31TGJ_1189_00,1.4215451469083848,52
eu150,C1,bt601,phase,31TGJ_1189_00,0.1943704262832017,1
eu150,C1,bt601,ncc,31UCQ_0211_00,1.3151788975212928,55
eu150,C1,bt601,phase,31UCQ_0211_00,0.2507327547772766,1
eu150,C1,bt601,ncc,31UDQ_2521_00,1.5554521564437476,35
eu150,C1,bt601,phase,31UDQ_2521_00,0.1279304158639939,1
eu150,C1,bt601,ncc,31UFS_1028_00,0.9760670836404176,39
eu150,C1,bt601,phase,31UFS_1028_00,0.2407451114284031,1
eu150,C1,bt601,ncc,31UFS_1127_00,2.42272715205159,50
eu150,C1,bt601,phase,31UFS_1127_00,0.1439276002197516,1
eu150,C1,bt601,ncc,32ULA_0661_00,0.9385278877723732,66
eu150,C1,bt601,phase,32ULA_0661_00,0.0160111461249072,1
eu150,C1,bt601,ncc,32ULC_1573_00,1.4277802148168068,58
eu150,C1,bt601,phase,32ULC_1573_00,0.0286755641111965,1
eu150,C1,bt601,ncc,32UMC_0836_00,0.8565900327316034,36
eu150,C1,bt601,phase,32UMC_0836_00,0.1736160698288471,1
eu150,C1,bt601,ncc,32UNE_2132_00,1.1888009836807885,46
eu150,C1,bt601,phase,32UNE_2132_00,0.271646926455748,1
eu150,C1,bt601,ncc,32UPA_1016_00,1.823302664597672,86
eu150,C1,bt601,phase,32UPA_1016_00,0.3473031808446957,1
eu150,C1,bt601,ncc,33TWE_1260_00,1.129195743761345,52
eu150,C1,bt601,phase,33TWE_1260_00,0.1870351040524821,1
eu150,C1,bt601,ncc,33UWS_0309_00,1.5178250088407246,71
eu150,C1,bt601,phase,33UWS_0309_00,0.1024367586788436,1
eu150,C1,bt601,ncc,34TCR_0369_00,1.2368180039855108,45
eu150,C1,bt601,phase,34TCR_0369_00,0.0530470160206488,1
eu150,C1,bt601,ncc,34TCS_0235_00,1.7519151033291385,22
eu150,C1,bt601,phase,34TCS_0235_00,0.2502887099551775,1
eu150,C1,bt601,ncc,34TCT_0853_00,1.4158294831908491,85
eu150,C1,bt601,phase,34TCT_0853_00,0.468301686032373,1
eu150,C1,bt601,ncc,34TCT_1134_00,0.8294356130782247,58
eu150,C1,bt601,phase,34TCT_1134_00,0.2937391008456115,1
eu150,C1,mean,ncc,30SVJ_0796_00,7.02958196135756,4
eu150,C1,mean,phase,30SVJ_0796_00,0.1853651191784039,1
eu150,C1,mean,ncc,30SVJ_1711_00,8.168425516198635,18
eu150,C1,mean,phase,30SVJ_1711_00,9.005323286087611,1
eu150,C1,mean,ncc,30TVK_0841_00,7.251655777120448,13
eu150,C1,mean,phase,30TVK_0841_00,32.61785998922915,1
eu150,C1,mean,ncc,30TVK_1126_00,6.7126837815731175,8
eu150,C1,mean,phase,30TVK_1126_00,19.587508344187768,1
eu150,C1,mean,ncc,30TVK_1386_00,7.278514181926861,14
eu150,C1,mean,phase,30TVK_1386_00,26.511723517348425,1
eu150,C1,mean,ncc,30TVK_1390_00,8.076601357087949,11
eu150,C1,mean,phase,30TVK_1390_00,9.271733610620473,1
eu150,C1,mean,ncc,30TVK_1697_00,8.080358310715702,22
eu150,C1,mean,phase,30TVK_1697_00,3.1299386390721535,1
eu150,C1,mean,ncc,30TVK_2512_00,8.288561459222835,10
eu150,C1,mean,phase,30TVK_2512_00,0.0751454689399356,1
eu150,C1,mean,ncc,30TXP_0408_00,1.0543525963935554,8
eu150,C1,mean,phase,30TXP_0408_00,4.656297360991001,1
eu150,C1,mean,ncc,30TXQ_0830_00,9.138108890707365,15
eu150,C1,mean,phase,30TXQ_0830_00,31.42714871266795,1
eu150,C1,mean,ncc,30TYQ_1071_00,4.458503703228787,21
eu150,C1,mean,phase,30TYQ_1071_00,0.7025712050477707,1
eu150,C1,mean,ncc,30UYC_0687_00,7.4313730460170895,11
eu150,C1,mean,phase,30UYC_0687_00,0.118699521928307,1
eu150,C1,mean,ncc,31TGJ_0814_00,6.063082181112458,2
eu150,C1,mean,phase,31TGJ_0814_00,15.880030024825135,1
eu150,C1,mean,ncc,31UDP_0247_00,7.484331695976308,22
eu150,C1,mean,phase,31UDP_0247_00,0.1520226745195118,1
eu150,C1,mean,ncc,32UPA_0047_00,3.924438637501982,5
eu150,C1,mean,phase,32UPA_0047_00,0.574033741625807,1
eu150,C1,mean,ncc,33TWF_0539_00,9.727040929730592,14
eu150,C1,mean,phase,33TWF_0539_00,4.9394390366411525,1
eu150,C1,mean,ncc,33TWF_1416_00,1.3806748428672448,26
eu150,C1,mean,phase,33TWF_1416_00,0.1273854162483291,1
eu150,C1,mean,ncc,34TCR_0112_00,8.559465811020619,15
eu150,C1,mean,phase,34TCR_0112_00,22.49146647027219,1
eu150,C1,mean,ncc,34TCR_0361_00,5.23831126697591,15
eu150,C1,mean,phase,34TCR_0361_00,15.73696601706868,1
eu150,C1,mean,ncc,34TCR_0769_00,6.92881339808042,26
eu150,C1,mean,phase,34TCR_0769_00,2.3346452642374707,1
eu150,C1,mean,ncc,34TCR_0850_00,8.673610554600279,23
eu150,C1,mean,phase,34TCR_0850_00,30.63260634426489,1
eu150,C1,mean,ncc,34TCR_1204_00,8.171587724171518,13
eu150,C1,mean,phase,34TCR_1204_00,1.5975445320968205,1
eu150,C1,mean,ncc,34TCS_0241_00,8.976697242144484,10
eu150,C1,mean,phase,34TCS_0241_00,14.229260256669178,1
eu150,C1,mean,ncc,34TCT_0362_00,8.06586705806878,22
eu150,C1,mean,phase,34TCT_0362_00,7.61078773794474,1
eu150,C1,mean,ncc,34TCT_0701_00,9.176603602865889,24
eu150,C1,mean,phase,34TCT_0701_00,0.3314567948709386,1
eu150,C1,mean,ncc,34TCT_0757_00,8.730701052997432,23
eu150,C1,mean,phase,34TCT_0757_00,10.606113341429907,1
eu150,C1,mean,ncc,34TCT_0997_00,7.690375913035368,6
eu150,C1,mean,phase,34TCT_0997_00,19.96313755700743,1
eu150,C1,mean,ncc,34TCT_1595_00,6.720729446635486,16
eu150,C1,mean,phase,34TCT_1595_00,12.3168840684884,1
eu150,C1,mean,ncc,34TCT_1710_00,8.264118496745716,28
eu150,C1,mean,phase,34TCT_1710_00,33.1298230816721,1
eu150,C1,mean,ncc,34TCT_2072_00,6.050548600264191,12
eu150,C1,mean,phase,34TCT_2072_00,0.3432653853747525,1
eu150,C1,mean,ncc,30TXP_0411_00,6.861346049374193,10
eu150,C1,mean,phase,30TXP_0411_00,9.545195632163,1
eu150,C1,mean,ncc,30TXP_0787_00,4.541971253644526,12
eu150,C1,mean,phase,30TXP_0787_00,0.17738596409117,1
eu150,C1,mean,ncc,30TXP_1048_00,8.126205244204169,22
eu150,C1,mean,phase,30TXP_1048_00,0.0880414572433801,1
eu150,C1,mean,ncc,30TXQ_0896_00,3.2206014980169364,15
eu150,C1,mean,phase,30TXQ_0896_00,0.6107658071212501,1
eu150,C1,mean,ncc,30UYD_0119_00,8.016835628603433,15
eu150,C1,mean,phase,30UYD_0119_00,8.406800987060198,1
eu150,C1,mean,ncc,31TCJ_0091_00,6.157957643106356,14
eu150,C1,mean,phase,31TCJ_0091_00,18.484613728378093,1
eu150,C1,mean,ncc,31TCN_1803_00,9.400509306399488,26
eu150,C1,mean,phase,31TCN_1803_00,3.788122586606193,1
eu150,C1,mean,ncc,31TGJ_0550_00,5.464176488676059,27
eu150,C1,mean,phase,31TGJ_0550_00,0.1797956585161006,1
eu150,C1,mean,ncc,31TGK_1163_00,3.88192112014297,14
eu150,C1,mean,phase,31TGK_1163_00,1.961960864024716,1
eu150,C1,mean,ncc,31UCQ_1476_00,7.111203592906237,35
eu150,C1,mean,phase,31UCQ_1476_00,1.3923330497392643,1
eu150,C1,mean,ncc,31UDQ_0751_00,8.031975591718767,21
eu150,C1,mean,phase,31UDQ_0751_00,3.1625951786579196,1
eu150,C1,mean,ncc,31UFQ_0574_00,7.729717591886578,30
eu150,C1,mean,phase,31UFQ_0574_00,0.1336846411319325,1
eu150,C1,mean,ncc,31UFQ_1482_00,8.54110224404716,24
eu150,C1,mean,phase,31UFQ_1482_00,9.008369644683302,1
eu150,C1,mean,ncc,32UPA_1861_00,3.35150715160551,45
eu150,C1,mean,phase,32UPA_1861_00,0.3326145875866464,1
eu150,C1,mean,ncc,32UPA_1883_00,5.839182670746425,27
eu150,C1,mean,phase,32UPA_1883_00,4.032260110654083,1
eu150,C1,mean,ncc,32UPA_1911_00,6.890275336107205,20
eu150,C1,mean,phase,32UPA_1911_00,0.9874427228075924,1
eu150,C1,mean,ncc,33TVN_1850_00,0.8353127114726999,28
eu150,C1,mean,phase,33TVN_1850_00,1.8297726148337352,1
eu150,C1,mean,ncc,33UWT_0956_00,5.787028490284623,29
eu150,C1,mean,phase,33UWT_0956_00,0.2185967243824909,1
eu150,C1,mean,ncc,33UWT_2290_00,6.05199412087306,30
eu150,C1,mean,phase,33UWT_2290_00,12.436132274872678,1
eu150,C1,mean,ncc,33VXG_1377_00,4.603839490408118,28
eu150,C1,mean,phase,33VXG_1377_00,9.854622006434552,1
eu150,C1,mean,ncc,34TCR_0421_00,7.1339870322624925,16
eu150,C1,mean,phase,34TCR_0421_00,0.248860535845695,1
eu150,C1,mean,ncc,34TCR_1120_00,8.094742822530403,20
eu150,C1,mean,phase,34TCR_1120_00,0.5151808730264288,1
eu150,C1,mean,ncc,34TCR_1129_00,6.915602620483075,34
eu150,C1,mean,phase,34TCR_1129_00,7.394939437315631,1
eu150,C1,mean,ncc,34TCR_1412_00,9.471345215290052,23
eu150,C1,mean,phase,34TCR_1412_00,27.942029088939034,1
eu150,C1,mean,ncc,34TCT_0129_00,0.9901427546432936,23
eu150,C1,mean,phase,34TCT_0129_00,0.6009620278846417,1
eu150,C1,mean,ncc,34TCT_0468_00,6.658844327715021,23
eu150,C1,mean,phase,34TCT_0468_00,4.480111528647913,1
eu150,C1,mean,ncc,34TCT_0686_00,8.025320618279423,21
eu150,C1,mean,phase,34TCT_0686_00,1.466153378068035,1
eu150,C1,mean,ncc,34TCT_1673_00,8.985053310322861,8
eu150,C1,mean,phase,34TCT_1673_00,17.18006705955182,1
eu150,C1,mean,ncc,34TCT_1726_00,7.50305691095503,16
eu150,C1,mean,phase,34TCT_1726_00,2.2952466562535827,1
eu150,C1,mean,ncc,34TCT_1903_00,8.007414243035264,28
eu150,C1,mean,phase,34TCT_1903_00,4.974481101438288,1
eu150,C1,mean,ncc,30TVK_2306_00,7.308667829866826,14
eu150,C1,mean,phase,30TVK_2306_00,18.88768377518571,1
eu150,C1,mean,ncc,30UYC_0245_00,7.570511053720232,15
eu150,C1,mean,phase,30UYC_0245_00,25.973726432836692,1
eu150,C1,mean,ncc,30UYC_0725_00,4.400923544887009,36
eu150,C1,mean,phase,30UYC_0725_00,38.0291279574326,1
eu150,C1,mean,ncc,30UYD_1432_00,4.611187138254999,27
eu150,C1,mean,phase,30UYD_1432_00,0.779249831220079,1
eu150,C1,mean,ncc,31TCJ_0672_00,5.403022764979995,22
eu150,C1,mean,phase,31TCJ_0672_00,6.237870760142416,1
eu150,C1,mean,ncc,31TCJ_1375_00,5.4079890677331095,8
eu150,C1,mean,phase,31TCJ_1375_00,0.0374653644405812,1
eu150,C1,mean,ncc,31TCM_1060_00,1.2196770115298792,24
eu150,C1,mean,phase,31TCM_1060_00,0.2495555761002966,1
eu150,C1,mean,ncc,31TCM_2040_00,5.940591145335107,40
eu150,C1,mean,phase,31TCM_2040_00,17.614740697496373,1
eu150,C1,mean,ncc,31TCN_1555_00,1.4863112968249286,47
eu150,C1,mean,phase,31TCN_1555_00,0.34983275417053,1
eu150,C1,mean,ncc,31TGH_0153_00,2.997468344786899,33
eu150,C1,mean,phase,31TGH_0153_00,0.0647725931437617,1
eu150,C1,mean,ncc,31TGJ_0831_00,3.127991249911064,31
eu150,C1,mean,phase,31TGJ_0831_00,0.0970111579413501,1
eu150,C1,mean,ncc,31TGJ_1054_00,1.8217765943168491,22
eu150,C1,mean,phase,31TGJ_1054_00,0.2686097076566494,1
eu150,C1,mean,ncc,31TGK_0015_00,4.150865848178375,30
eu150,C1,mean,phase,31TGK_0015_00,33.1397445071697,1
eu150,C1,mean,ncc,31UCQ_0249_00,4.522517934279787,27
eu150,C1,mean,phase,31UCQ_0249_00,0.0840373586621819,1
eu150,C1,mean,ncc,31UFQ_0566_00,2.023635334136492,39
eu150,C1,mean,phase,31UFQ_0566_00,0.4069350231023859,1
eu150,C1,mean,ncc,32UMA_0976_00,2.786381433867517,51
eu150,C1,mean,phase,32UMA_0976_00,13.513048384173093,1
eu150,C1,mean,ncc,32UNE_1364_00,3.2040618797825617,50
eu150,C1,mean,phase,32UNE_1364_00,35.63952017784013,1
eu150,C1,mean,ncc,32UPA_1036_00,1.0612435308822252,63
eu150,C1,mean,phase,32UPA_1036_00,0.2621039178609218,1
eu150,C1,mean,ncc,32UPA_1085_00,1.8185016186662135,41
eu150,C1,mean,phase,32UPA_1085_00,0.5005696720550644,1
eu150,C1,mean,ncc,32UPB_1109_00,1.2591795241785406,37
eu150,C1,mean,phase,32UPB_1109_00,0.6102247968573085,1
eu150,C1,mean,ncc,33TWF_1157_00,2.5792221388557595,53
eu150,C1,mean,phase,33TWF_1157_00,0.0897798644969461,1
eu150,C1,mean,ncc,33TWF_1161_00,6.912306212197813,12
eu150,C1,mean,phase,33TWF_1161_00,0.2171304282168513,1
eu150,C1,mean,ncc,33UWT_0062_00,3.721181355577032,83
eu150,C1,mean,phase,33UWT_0062_00,0.6948353354251858,1
eu150,C1,mean,ncc,33UWT_0167_00,7.26203719173772,16
eu150,C1,mean,phase,33UWT_0167_00,0.2518401595247238,1
eu150,C1,mean,ncc,33UWT_0872_00,1.9474612623425431,61
eu150,C1,mean,phase,33UWT_0872_00,0.6054637126672757,1
eu150,C1,mean,ncc,33UWT_1630_00,3.231506221834677,58
eu150,C1,mean,phase,33UWT_1630_00,0.4819957404452975,1
eu150,C1,mean,ncc,34TCR_0072_00,2.5685942174801295,42
eu150,C1,mean,phase,34TCR_0072_00,0.3295504990214571,1
eu150,C1,mean,ncc,34TCR_0106_00,1.6154079003641242,9
eu150,C1,mean,phase,34TCR_0106_00,5.371281260480068,1
eu150,C1,mean,ncc,34TCT_1281_00,7.64089681858823,26
eu150,C1,mean,phase,34TCT_1281_00,2.987043613826184,1
eu150,C1,mean,ncc,34TCT_1573_00,7.583837091321875,14
eu150,C1,mean,phase,34TCT_1573_00,0.1510585744289219,1
eu150,C1,mean,ncc,30TVK_1026_00,5.996428174283679,34
eu150,C1,mean,phase,30TVK_1026_00,0.079609400875101,1
eu150,C1,mean,ncc,30TVK_1289_00,3.213437694392983,52
eu150,C1,mean,phase,30TVK_1289_00,2.497721229009861,1
eu150,C1,mean,ncc,30TVK_2317_00,3.9202832724691543,50
eu150,C1,mean,phase,30TVK_2317_00,0.3168641935135159,1
eu150,C1,mean,ncc,30TXQ_0902_00,1.8870764365729884,53
eu150,C1,mean,phase,30TXQ_0902_00,0.2413735274273877,1
eu150,C1,mean,ncc,30UYC_0100_00,3.867204495715335,21
eu150,C1,mean,phase,30UYC_0100_00,0.6343204369568514,1
eu150,C1,mean,ncc,31TCJ_1340_00,3.027623157316735,26
eu150,C1,mean,phase,31TCJ_1340_00,0.2823667858648618,1
eu150,C1,mean,ncc,31TCJ_1353_00,1.38970995468691,78
eu150,C1,mean,phase,31TCJ_1353_00,0.1459724286065869,1
eu150,C1,mean,ncc,31TCM_0023_00,1.4834879234910543,36
eu150,C1,mean,phase,31TCM_0023_00,0.3680328783370833,1
eu150,C1,mean,ncc,31TCM_1192_00,2.00325439805714,80
eu150,C1,mean,phase,31TCM_1192_00,2.1941340564927185,1
eu150,C1,mean,ncc,31TCM_1717_00,5.236258992229395,15
eu150,C1,mean,phase,31TCM_1717_00,54.39809156471699,1
eu150,C1,mean,ncc,31TGJ_0811_00,1.123892313374687,25
eu150,C1,mean,phase,31TGJ_0811_00,0.2382918472272461,1
eu150,C1,mean,ncc,31UDQ_1914_00,2.095784687334499,27
eu150,C1,mean,phase,31UDQ_1914_00,0.1293181052631127,1
eu150,C1,mean,ncc,31UFS_0030_00,1.3261850059284082,9
eu150,C1,mean,phase,31UFS_0030_00,0.0217736043515936,1
eu150,C1,mean,ncc,31UFS_0938_00,7.29593292433067,36
eu150,C1,mean,phase,31UFS_0938_00,0.3234033154433859,1
eu150,C1,mean,ncc,31UFS_2358_00,2.9880208060754105,23
eu150,C1,mean,phase,31UFS_2358_00,0.5293457100770675,1
eu150,C1,mean,ncc,32UMC_0051_00,3.3688555992816087,52
eu150,C1,mean,phase,32UMC_0051_00,0.0522639089526981,1
eu150,C1,mean,ncc,32UMC_1241_00,3.2311250492694974,28
eu150,C1,mean,phase,32UMC_1241_00,0.0902870716218947,1
eu150,C1,mean,ncc,32UMC_1688_00,1.327801096089504,28
eu150,C1,mean,phase,32UMC_1688_00,0.2967911406565324,1
eu150,C1,mean,ncc,32UMC_2029_00,2.071616048865605,57
eu150,C1,mean,phase,32UMC_2029_00,0.2981904639598603,1
eu150,C1,mean,ncc,32UNE_1359_00,1.2148383467028132,44
eu150,C1,mean,phase,32UNE_1359_00,0.4505083422765644,1
eu150,C1,mean,ncc,32UNE_2091_00,1.42261749134745,75
eu150,C1,mean,phase,32UNE_2091_00,0.1252821947246716,1
eu150,C1,mean,ncc,32UPA_2227_00,3.6516845822020967,54
eu150,C1,mean,phase,32UPA_2227_00,0.1071636293437081,1
eu150,C1,mean,ncc,33TWF_1076_00,1.3403261607390125,16
eu150,C1,mean,phase,33TWF_1076_00,0.0854784106605068,1
eu150,C1,mean,ncc,33UWT_2410_00,4.42184039023124,23
eu150,C1,mean,phase,33UWT_2410_00,0.1954781997604654,1
eu150,C1,mean,ncc,34TCR_0339_00,5.5056522148078315,52
eu150,C1,mean,phase,34TCR_0339_00,10.756887340165973,1
eu150,C1,mean,ncc,34TCR_0343_00,6.567297752217849,25
eu150,C1,mean,phase,34TCR_0343_00,18.374590328003865,1
eu150,C1,mean,ncc,34TCR_1124_00,7.556453752718807,7
eu150,C1,mean,phase,34TCR_1124_00,0.091673025852247,1
eu150,C1,mean,ncc,34TCR_1162_00,3.3131303899051887,47
eu150,C1,mean,phase,34TCR_1162_00,0.2345260256444354,1
eu150,C1,mean,ncc,34TCR_1346_00,1.4127434490274002,11
eu150,C1,mean,phase,34TCR_1346_00,0.6676465735254857,1
eu150,C1,mean,ncc,34TCT_1282_00,6.628046556076488,7
eu150,C1,mean,phase,34TCT_1282_00,0.8487285606114339,1
eu150,C1,mean,ncc,30TVK_1486_00,5.1697284264771195,14
eu150,C1,mean,phase,30TVK_1486_00,0.3328354653532606,1
eu150,C1,mean,ncc,30TVK_2377_00,3.712360375479676,24
eu150,C1,mean,phase,30TVK_2377_00,4.175169656378732,1
eu150,C1,mean,ncc,30TXQ_0911_00,1.1436990546412245,61
eu150,C1,mean,phase,30TXQ_0911_00,0.6128767781272497,1
eu150,C1,mean,ncc,30TXQ_0934_00,2.0416889876069604,42
eu150,C1,mean,phase,30TXQ_0934_00,0.6849442983872596,1
eu150,C1,mean,ncc,30UYC_0046_00,1.2010513274777437,96
eu150,C1,mean,phase,30UYC_0046_00,0.3381191312610033,1
eu150,C1,mean,ncc,31TCJ_1037_00,1.9804919581289837,10
eu150,C1,mean,phase,31TCJ_1037_00,0.1054017061152179,1
eu150,C1,mean,ncc,31TCM_0853_00,1.4398495367721846,81
eu150,C1,mean,phase,31TCM_0853_00,0.518107599461335,1
eu150,C1,mean,ncc,31TCM_1094_00,0.8671747047554482,58
eu150,C1,mean,phase,31TCM_1094_00,0.8500617373329806,1
eu150,C1,mean,ncc,31TCM_1743_00,0.96603821585797,33
eu150,C1,mean,phase,31TCM_1743_00,0.4915390494275389,1
eu150,C1,mean,ncc,31TFH_0022_00,0.9084592856845936,82
eu150,C1,mean,phase,31TFH_0022_00,0.2176426938482569,1
eu150,C1,mean,ncc,31TFJ_1359_00,0.789287056516763,70
eu150,C1,mean,phase,31TFJ_1359_00,0.2064584232934381,1
eu150,C1,mean,ncc,31TGH_0053_00,1.144687684793781,63
eu150,C1,mean,phase,31TGH_0053_00,0.109306247742177,1
eu150,C1,mean,ncc,31TGJ_0274_00,1.241743797207965,64
eu150,C1,mean,phase,31TGJ_0274_00,0.6698345608954664,1
eu150,C1,mean,ncc,31TGJ_1156_00,0.979209834100701,21
eu150,C1,mean,phase,31TGJ_1156_00,0.1975511676030046,1
eu150,C1,mean,ncc,31TGJ_1189_00,1.3458820852469036,53
eu150,C1,mean,phase,31TGJ_1189_00,0.090094633257059,1
eu150,C1,mean,ncc,31UCQ_0211_00,1.3391918577027284,54
eu150,C1,mean,phase,31UCQ_0211_00,0.2568106000727213,1
eu150,C1,mean,ncc,31UDQ_2521_00,1.491261634363515,43
eu150,C1,mean,phase,31UDQ_2521_00,0.1381561281247403,1
eu150,C1,mean,ncc,31UFS_1028_00,0.7905018655021813,45
eu150,C1,mean,phase,31UFS_1028_00,0.1960861951810371,1
eu150,C1,mean,ncc,31UFS_1127_00,2.207054422485268,57
eu150,C1,mean,phase,31UFS_1127_00,0.1661445932782054,1
eu150,C1,mean,ncc,32ULA_0661_00,0.8351973658089581,69
eu150,C1,mean,phase,32ULA_0661_00,0.0473076602273136,1
eu150,C1,mean,ncc,32ULC_1573_00,1.261637306801913,58
eu150,C1,mean,phase,32ULC_1573_00,0.0241469510970647,1
eu150,C1,mean,ncc,32UMC_0836_00,0.7382841480204422,36
eu150,C1,mean,phase,32UMC_0836_00,0.1784839914286711,1
eu150,C1,mean,ncc,32UNE_2132_00,1.2025204873832371,45
eu150,C1,mean,phase,32UNE_2132_00,0.2910525345691609,1
eu150,C1,mean,ncc,32UPA_1016_00,1.9645495628061225,85
eu150,C1,mean,phase,32UPA_1016_00,0.4538733935118388,1
eu150,C1,mean,ncc,33TWE_1260_00,1.1531814964421838,52
eu150,C1,mean,phase,33TWE_1260_00,0.467557776359653,1
eu150,C1,mean,ncc,33UWS_0309_00,1.5680139888091011,72
eu150,C1,mean,phase,33UWS_0309_00,0.0872225878539446,1
eu150,C1,mean,ncc,34TCR_0369_00,1.255467591991563,45
eu150,C1,mean,phase,34TCR_0369_00,0.0658713300535052,1
eu150,C1,mean,ncc,34TCS_0235_00,1.7349195270964106,22
eu150,C1,mean,phase,34TCS_0235_00,0.3089776951078264,1
eu150,C1,mean,ncc,34TCT_0853_00,1.1127878781714728,86
eu150,C1,mean,phase,34TCT_0853_00,0.4860389280852191,1
eu150,C1,mean,ncc,34TCT_1134_00,0.8414649629921965,61
eu150,C1,mean,phase,34TCT_1134_00,0.2672925598957633,1
eu150,C2,bt601,ncc,30SVJ_0796_00,3.9470153510192327,13
eu150,C2,bt601,phase,30SVJ_0796_00,0.3075541353468176,1
eu150,C2,bt601,ncc,30SVJ_1711_00,8.000604026287325,13
eu150,C2,bt601,phase,30SVJ_1711_00,0.3711595406662898,1
eu150,C2,bt601,ncc,30TVK_0841_00,6.583439904405129,24
eu150,C2,bt601,phase,30TVK_0841_00,47.31818937892075,1
eu150,C2,bt601,ncc,30TVK_1126_00,8.000710801982832,25
eu150,C2,bt601,phase,30TVK_1126_00,43.35940404914726,1
eu150,C2,bt601,ncc,30TVK_1386_00,8.01094617830952,36
eu150,C2,bt601,phase,30TVK_1386_00,1.9680293001238964,1
eu150,C2,bt601,ncc,30TVK_1390_00,8.03751574716134,32
eu150,C2,bt601,phase,30TVK_1390_00,51.05628632660343,1
eu150,C2,bt601,ncc,30TVK_1697_00,8.077445829805594,24
eu150,C2,bt601,phase,30TVK_1697_00,0.2323814788470036,1
eu150,C2,bt601,ncc,30TVK_2512_00,8.338908774080704,14
eu150,C2,bt601,phase,30TVK_2512_00,0.1258936902763675,1
eu150,C2,bt601,ncc,30TXP_0408_00,1.0215546950019725,33
eu150,C2,bt601,phase,30TXP_0408_00,0.1533425017353943,1
eu150,C2,bt601,ncc,30TXQ_0830_00,8.596833281568005,24
eu150,C2,bt601,phase,30TXQ_0830_00,25.403463348202244,1
eu150,C2,bt601,ncc,30TYQ_1071_00,3.216139342138552,44
eu150,C2,bt601,phase,30TYQ_1071_00,0.6127817659363692,1
eu150,C2,bt601,ncc,30UYC_0687_00,5.683811869511048,25
eu150,C2,bt601,phase,30UYC_0687_00,0.2655535263532537,1
eu150,C2,bt601,ncc,31TGJ_0814_00,0.6290557651555538,5
eu150,C2,bt601,phase,31TGJ_0814_00,0.7584876655133996,1
eu150,C2,bt601,ncc,31UDP_0247_00,4.736576644608379,73
eu150,C2,bt601,phase,31UDP_0247_00,0.1313376524984116,1
eu150,C2,bt601,ncc,32UPA_0047_00,0.7480560208102792,21
eu150,C2,bt601,phase,32UPA_0047_00,0.2899693454534773,1
eu150,C2,bt601,ncc,33TWF_0539_00,7.267050516685124,20
eu150,C2,bt601,phase,33TWF_0539_00,13.519475675085037,1
eu150,C2,bt601,ncc,33TWF_1416_00,0.4930411954474427,53
eu150,C2,bt601,phase,33TWF_1416_00,0.0970494227958272,1
eu150,C2,bt601,ncc,34TCR_0112_00,5.930416898449067,45
eu150,C2,bt601,phase,34TCR_0112_00,0.1206820336279698,1
eu150,C2,bt601,ncc,34TCR_0361_00,3.2260377050282107,44
eu150,C2,bt601,phase,34TCR_0361_00,2.8000650073960465,1
eu150,C2,bt601,ncc,34TCR_0769_00,8.538715871436295,54
eu150,C2,bt601,phase,34TCR_0769_00,0.2913321259450059,1
eu150,C2,bt601,ncc,34TCR_0850_00,4.488053293661609,61
eu150,C2,bt601,phase,34TCR_0850_00,0.9866120287338194,1
eu150,C2,bt601,ncc,34TCR_1204_00,7.4017438988237805,42
eu150,C2,bt601,phase,34TCR_1204_00,1.6949242216311156,1
eu150,C2,bt601,ncc,34TCS_0241_00,8.612467637949933,27
eu150,C2,bt601,phase,34TCS_0241_00,4.897136720412985,1
eu150,C2,bt601,ncc,34TCT_0362_00,8.168062851636092,28
eu150,C2,bt601,phase,34TCT_0362_00,9.302878331664552,1
eu150,C2,bt601,ncc,34TCT_0701_00,8.356906471734007,33
eu150,C2,bt601,phase,34TCT_0701_00,0.8021041019717897,1
eu150,C2,bt601,ncc,34TCT_0757_00,8.76401427640164,31
eu150,C2,bt601,phase,34TCT_0757_00,17.007573902200118,1
eu150,C2,bt601,ncc,34TCT_0997_00,8.685957311583426,28
eu150,C2,bt601,phase,34TCT_0997_00,29.30076888419593,1
eu150,C2,bt601,ncc,34TCT_1595_00,8.833496529511342,22
eu150,C2,bt601,phase,34TCT_1595_00,37.634496764608215,1
eu150,C2,bt601,ncc,34TCT_1710_00,2.173513880383924,67
eu150,C2,bt601,phase,34TCT_1710_00,0.88954655816686,1
eu150,C2,bt601,ncc,34TCT_2072_00,2.5068951346267396,57
eu150,C2,bt601,phase,34TCT_2072_00,0.4011178145837903,1
eu150,C2,bt601,ncc,30TXP_0411_00,6.244630732663367,25
eu150,C2,bt601,phase,30TXP_0411_00,2.938229786856255,1
eu150,C2,bt601,ncc,30TXP_0787_00,2.4060371722732525,44
eu150,C2,bt601,phase,30TXP_0787_00,0.1860159639457763,1
eu150,C2,bt601,ncc,30TXP_1048_00,5.791494058533512,35
eu150,C2,bt601,phase,30TXP_1048_00,3.137201387053623,1
eu150,C2,bt601,ncc,30TXQ_0896_00,1.4934926627972542,46
eu150,C2,bt601,phase,30TXQ_0896_00,0.1812808617086138,1
eu150,C2,bt601,ncc,30UYD_0119_00,8.737671783504444,26
eu150,C2,bt601,phase,30UYD_0119_00,2.2253617811043735,1
eu150,C2,bt601,ncc,31TCJ_0091_00,8.196805046859012,16
eu150,C2,bt601,phase,31TCJ_0091_00,4.570888215304111,1
eu150,C2,bt601,ncc,31TCN_1803_00,3.542705613622795,72
eu150,C2,bt601,phase,31TCN_1803_00,0.2392150446897865,1
eu150,C2,bt601,ncc,31TGJ_0550_00,1.4495088260615818,59
eu150,C2,bt601,phase,31TGJ_0550_00,0.4809912024846438,1
eu150,C2,bt601,ncc,31TGK_1163_00,2.9692249548194916,27
eu150,C2,bt601,phase,31TGK_1163_00,0.9104756133000764,1
eu150,C2,bt601,ncc,31UCQ_1476_00,2.8163930790244978,84
eu150,C2,bt601,phase,31UCQ_1476_00,1.440394197518868,1
eu150,C2,bt601,ncc,31UDQ_0751_00,8.038372218215095,40
eu150,C2,bt601,phase,31UDQ_0751_00,3.1062549125159764,1
eu150,C2,bt601,ncc,31UFQ_0574_00,6.576920053734255,61
eu150,C2,bt601,phase,31UFQ_0574_00,0.3030719345095769,1
eu150,C2,bt601,ncc,31UFQ_1482_00,8.444698722548486,25
eu150,C2,bt601,phase,31UFQ_1482_00,3.3640155661065045,1
eu150,C2,bt601,ncc,32UPA_1861_00,1.2434396224808486,70
eu150,C2,bt601,phase,32UPA_1861_00,0.1584508065458342,1
eu150,C2,bt601,ncc,32UPA_1883_00,2.1589151686609376,39
eu150,C2,bt601,phase,32UPA_1883_00,2.2441656172387785,1
eu150,C2,bt601,ncc,32UPA_1911_00,2.0402440428058544,46
eu150,C2,bt601,phase,32UPA_1911_00,1.0313150860351217,1
eu150,C2,bt601,ncc,33TVN_1850_00,0.7208484198505396,56
eu150,C2,bt601,phase,33TVN_1850_00,0.2801823750978292,1
eu150,C2,bt601,ncc,33UWT_0956_00,1.3993387227261704,53
eu150,C2,bt601,phase,33UWT_0956_00,0.7425420441982067,1
eu150,C2,bt601,ncc,33UWT_2290_00,4.192850263300211,32
eu150,C2,bt601,phase,33UWT_2290_00,13.386222942642986,1
eu150,C2,bt601,ncc,33VXG_1377_00,2.2662996397130715,51
eu150,C2,bt601,phase,33VXG_1377_00,3.015249287806295,1
eu150,C2,bt601,ncc,34TCR_0421_00,8.34936085934854,16
eu150,C2,bt601,phase,34TCR_0421_00,14.677720631278287,1
eu150,C2,bt601,ncc,34TCR_1120_00,1.7254316638202252,36
eu150,C2,bt601,phase,34TCR_1120_00,0.232933038712923,1
eu150,C2,bt601,ncc,34TCR_1129_00,6.447368243961276,43
eu150,C2,bt601,phase,34TCR_1129_00,0.164074180279139,1
eu150,C2,bt601,ncc,34TCR_1412_00,7.466905256209761,43
eu150,C2,bt601,phase,34TCR_1412_00,1.08435423144492,1
eu150,C2,bt601,ncc,34TCT_0129_00,1.7779392890261754,52
eu150,C2,bt601,phase,34TCT_0129_00,0.6092588773927214,1
eu150,C2,bt601,ncc,34TCT_0468_00,8.167977277361802,49
eu150,C2,bt601,phase,34TCT_0468_00,0.2529098450075446,1
eu150,C2,bt601,ncc,34TCT_0686_00,7.436823985146752,42
eu150,C2,bt601,phase,34TCT_0686_00,0.8584224632679388,1
eu150,C2,bt601,ncc,34TCT_1673_00,2.0957599446282376,25
eu150,C2,bt601,phase,34TCT_1673_00,21.183155015592128,1
eu150,C2,bt601,ncc,34TCT_1726_00,3.0018150462237707,39
eu150,C2,bt601,phase,34TCT_1726_00,0.2032338057718277,1
eu150,C2,bt601,ncc,34TCT_1903_00,7.192319213881596,52
eu150,C2,bt601,phase,34TCT_1903_00,50.9788482192267,1
eu150,C2,bt601,ncc,30TVK_2306_00,8.167649661402786,26
eu150,C2,bt601,phase,30TVK_2306_00,1.8684198610207832,1
eu150,C2,bt601,ncc,30UYC_0245_00,6.153175839333346,53
eu150,C2,bt601,phase,30UYC_0245_00,5.35893714114463,1
eu150,C2,bt601,ncc,30UYC_0725_00,3.2541602955143745,74
eu150,C2,bt601,phase,30UYC_0725_00,31.410085596109223,1
eu150,C2,bt601,ncc,30UYD_1432_00,6.138377107850015,42
eu150,C2,bt601,phase,30UYD_1432_00,0.3088789847884433,1
eu150,C2,bt601,ncc,31TCJ_0672_00,2.0255598332088565,42
eu150,C2,bt601,phase,31TCJ_0672_00,2.1737587901241584,1
eu150,C2,bt601,ncc,31TCJ_1375_00,8.050605206219947,11
eu150,C2,bt601,phase,31TCJ_1375_00,0.0320606029597077,1
eu150,C2,bt601,ncc,31TCM_1060_00,1.1525018996271612,66
eu150,C2,bt601,phase,31TCM_1060_00,0.4946064969169312,1
eu150,C2,bt601,ncc,31TCM_2040_00,1.786554848097274,80
eu150,C2,bt601,phase,31TCM_2040_00,2.4561037324042236,1
eu150,C2,bt601,ncc,31TCN_1555_00,0.9857948382604304,90
eu150,C2,bt601,phase,31TCN_1555_00,0.3019855626778264,1
eu150,C2,bt601,ncc,31TGH_0153_00,0.9007427134067248,64
eu150,C2,bt601,phase,31TGH_0153_00,0.0270619678325484,1
eu150,C2,bt601,ncc,31TGJ_0831_00,1.02702373004691,47
eu150,C2,bt601,phase,31TGJ_0831_00,0.0876899034701386,1
eu150,C2,bt601,ncc,31TGJ_1054_00,0.9871639766279624,32
eu150,C2,bt601,phase,31TGJ_1054_00,0.2517187764977052,1
eu150,C2,bt601,ncc,31TGK_0015_00,3.3039277666449283,67
eu150,C2,bt601,phase,31TGK_0015_00,2.3212161417624864,1
eu150,C2,bt601,ncc,31UCQ_0249_00,1.6564885456465157,52
eu150,C2,bt601,phase,31UCQ_0249_00,0.2105175616672718,1
eu150,C2,bt601,ncc,31UFQ_0566_00,1.213465661991021,59
eu150,C2,bt601,phase,31UFQ_0566_00,0.2417854346100059,1
eu150,C2,bt601,ncc,32UMA_0976_00,1.6591587933374408,78
eu150,C2,bt601,phase,32UMA_0976_00,0.6956817388698702,1
eu150,C2,bt601,ncc,32UNE_1364_00,2.161129729089378,102
eu150,C2,bt601,phase,32UNE_1364_00,2.1138319829027292,1
eu150,C2,bt601,ncc,32UPA_1036_00,1.2028051161778044,105
eu150,C2,bt601,phase,32UPA_1036_00,0.1895257788121022,1
eu150,C2,bt601,ncc,32UPA_1085_00,1.1459167975768558,74
eu150,C2,bt601,phase,32UPA_1085_00,0.4373600107057809,1
eu150,C2,bt601,ncc,32UPB_1109_00,1.1560433622118151,63
eu150,C2,bt601,phase,32UPB_1109_00,0.3404895437801651,1
eu150,C2,bt601,ncc,33TWF_1157_00,0.4562688526675353,83
eu150,C2,bt601,phase,33TWF_1157_00,0.128126296416572,1
eu150,C2,bt601,ncc,33TWF_1161_00,0.7209506174252365,40
eu150,C2,bt601,phase,33TWF_1161_00,0.1233882788060067,1
eu150,C2,bt601,ncc,33UWT_0062_00,1.9374328136825951,108
eu150,C2,bt601,phase,33UWT_0062_00,0.5051979928065301,1
eu150,C2,bt601,ncc,33UWT_0167_00,1.9697774910441657,56
eu150,C2,bt601,phase,33UWT_0167_00,0.168248650096621,1
eu150,C2,bt601,ncc,33UWT_0872_00,1.448054953530016,69
eu150,C2,bt601,phase,33UWT_0872_00,0.3344734766188816,1
eu150,C2,bt601,ncc,33UWT_1630_00,1.6837738907485202,92
eu150,C2,bt601,phase,33UWT_1630_00,0.3501646100028927,1
eu150,C2,bt601,ncc,34TCR_0072_00,1.5361724271452115,65
eu150,C2,bt601,phase,34TCR_0072_00,0.3201800280782023,1
eu150,C2,bt601,ncc,34TCR_0106_00,1.2193758595322024,12
eu150,C2,bt601,phase,34TCR_0106_00,0.1517331576898731,1
eu150,C2,bt601,ncc,34TCT_1281_00,5.774642921046684,44
eu150,C2,bt601,phase,34TCT_1281_00,0.6364753346639134,1
eu150,C2,bt601,ncc,34TCT_1573_00,1.9278335377804272,21
eu150,C2,bt601,phase,34TCT_1573_00,0.8584401509646528,1
eu150,C2,bt601,ncc,30TVK_1026_00,4.758151114192514,44
eu150,C2,bt601,phase,30TVK_1026_00,0.1519402516248711,1
eu150,C2,bt601,ncc,30TVK_1289_00,2.281429371359839,66
eu150,C2,bt601,phase,30TVK_1289_00,2.590277615411326,1
eu150,C2,bt601,ncc,30TVK_2317_00,3.8517922282939985,67
eu150,C2,bt601,phase,30TVK_2317_00,4.255370894907894,1
eu150,C2,bt601,ncc,30TXQ_0902_00,1.3318784728738948,86
eu150,C2,bt601,phase,30TXQ_0902_00,0.182011849554345,1
eu150,C2,bt601,ncc,30UYC_0100_00,3.98444917927873,38
eu150,C2,bt601,phase,30UYC_0100_00,0.4394789674479151,1
eu150,C2,bt601,ncc,31TCJ_1340_00,2.3454565563231995,59
eu150,C2,bt601,phase,31TCJ_1340_00,0.1615712625904249,1
eu150,C2,bt601,ncc,31TCJ_1353_00,0.8493413494804682,98
eu150,C2,bt601,phase,31TCJ_1353_00,0.2531306860203668,1
eu150,C2,bt601,ncc,31TCM_0023_00,0.7523447585782348,54
eu150,C2,bt601,phase,31TCM_0023_00,0.1495313500776827,1
eu150,C2,bt601,ncc,31TCM_1192_00,1.7508763298589058,114
eu150,C2,bt601,phase,31TCM_1192_00,0.6822210378578051,1
eu150,C2,bt601,ncc,31TCM_1717_00,2.752344818107149,38
eu150,C2,bt601,phase,31TCM_1717_00,2.155059315526364,1
eu150,C2,bt601,ncc,31TGJ_0811_00,0.8646123075280656,52
eu150,C2,bt601,phase,31TGJ_0811_00,0.2789258744884806,1
eu150,C2,bt601,ncc,31UDQ_1914_00,1.9186285800999316,81
eu150,C2,bt601,phase,31UDQ_1914_00,0.1862122961633941,1
eu150,C2,bt601,ncc,31UFS_0030_00,4.858518671646268,28
eu150,C2,bt601,phase,31UFS_0030_00,0.195294288269832,1
eu150,C2,bt601,ncc,31UFS_0938_00,6.398425909191668,51
eu150,C2,bt601,phase,31UFS_0938_00,0.1674825758743957,1
eu150,C2,bt601,ncc,31UFS_2358_00,1.4608949985187414,70
eu150,C2,bt601,phase,31UFS_2358_00,0.8697130123732015,1
eu150,C2,bt601,ncc,32UMC_0051_00,2.19574722537259,59
eu150,C2,bt601,phase,32UMC_0051_00,0.1149379712101646,1
eu150,C2,bt601,ncc,32UMC_1241_00,2.954612826278455,51
eu150,C2,bt601,phase,32UMC_1241_00,0.14408158413734,1
eu150,C2,bt601,ncc,32UMC_1688_00,0.9784024786698612,71
eu150,C2,bt601,phase,32UMC_1688_00,0.2467013070378387,1
eu150,C2,bt601,ncc,32UMC_2029_00,1.9598358989406257,95
eu150,C2,bt601,phase,32UMC_2029_00,1.1481935167821875,1
eu150,C2,bt601,ncc,32UNE_1359_00,2.068560893930801,71
eu150,C2,bt601,phase,32UNE_1359_00,0.3620615455228548,1
eu150,C2,bt601,ncc,32UNE_2091_00,1.2879293642207614,93
eu150,C2,bt601,phase,32UNE_2091_00,0.0581021255029991,1
eu150,C2,bt601,ncc,32UPA_2227_00,1.9129596866980323,60
eu150,C2,bt601,phase,32UPA_2227_00,0.1977893889241864,1
eu150,C2,bt601,ncc,33TWF_1076_00,1.1749413423450266,38
eu150,C2,bt601,phase,33TWF_1076_00,0.2180645787736546,1
eu150,C2,bt601,ncc,33UWT_2410_00,3.5316055445320695,46
eu150,C2,bt601,phase,33UWT_2410_00,0.3192808163498843,1
eu150,C2,bt601,ncc,34TCR_0339_00,5.735783792137658,68
eu150,C2,bt601,phase,34TCR_0339_00,0.1428291814122778,1
eu150,C2,bt601,ncc,34TCR_0343_00,6.042565041707813,58
eu150,C2,bt601,phase,34TCR_0343_00,0.1840830162560486,1
eu150,C2,bt601,ncc,34TCR_1124_00,1.325257682925229,12
eu150,C2,bt601,phase,34TCR_1124_00,0.0487033492562668,1
eu150,C2,bt601,ncc,34TCR_1162_00,2.444728086924306,55
eu150,C2,bt601,phase,34TCR_1162_00,0.2851014327312082,1
eu150,C2,bt601,ncc,34TCR_1346_00,1.6479329221645134,24
eu150,C2,bt601,phase,34TCR_1346_00,0.2601529275343781,1
eu150,C2,bt601,ncc,34TCT_1282_00,1.4281054576597432,19
eu150,C2,bt601,phase,34TCT_1282_00,0.5872091079777569,1
eu150,C2,bt601,ncc,30TVK_1486_00,2.8337030013606825,41
eu150,C2,bt601,phase,30TVK_1486_00,0.2137051655636442,1
eu150,C2,bt601,ncc,30TVK_2377_00,4.497942466177937,49
eu150,C2,bt601,phase,30TVK_2377_00,0.856520710578044,1
eu150,C2,bt601,ncc,30TXQ_0911_00,0.9537479364318522,116
eu150,C2,bt601,phase,30TXQ_0911_00,0.8379110974324765,1
eu150,C2,bt601,ncc,30TXQ_0934_00,1.691664713461826,69
eu150,C2,bt601,phase,30TXQ_0934_00,0.4246027564378936,1
eu150,C2,bt601,ncc,30UYC_0046_00,0.8554707110315722,115
eu150,C2,bt601,phase,30UYC_0046_00,0.3446459921322558,1
eu150,C2,bt601,ncc,31TCJ_1037_00,0.8761527797054057,51
eu150,C2,bt601,phase,31TCJ_1037_00,0.0347458148176129,1
eu150,C2,bt601,ncc,31TCM_0853_00,1.1828196945378455,102
eu150,C2,bt601,phase,31TCM_0853_00,0.6584086531310819,1
eu150,C2,bt601,ncc,31TCM_1094_00,0.7878968886184542,83
eu150,C2,bt601,phase,31TCM_1094_00,1.039536082757553,1
eu150,C2,bt601,ncc,31TCM_1743_00,0.9899814089063096,85
eu150,C2,bt601,phase,31TCM_1743_00,0.8077784004358992,1
eu150,C2,bt601,ncc,31TFH_0022_00,0.7732817235687355,102
eu150,C2,bt601,phase,31TFH_0022_00,0.3925604706560711,1
eu150,C2,bt601,ncc,31TFJ_1359_00,0.6385000025355914,85
eu150,C2,bt601,phase,31TFJ_1359_00,0.2231445701482928,1
eu150,C2,bt601,ncc,31TGH_0053_00,0.7248241899599163,94
eu150,C2,bt601,phase,31TGH_0053_00,0.1611170559389863,1
eu150,C2,bt601,ncc,31TGJ_0274_00,1.0057980932749355,114
eu150,C2,bt601,phase,31TGJ_0274_00,0.7215532025746556,1
eu150,C2,bt601,ncc,31TGJ_1156_00,0.6360502384463971,58
eu150,C2,bt601,phase,31TGJ_1156_00,0.2079981423272815,1
eu150,C2,bt601,ncc,31TGJ_1189_00,1.114956776387283,96
eu150,C2,bt601,phase,31TGJ_1189_00,0.183063028016301,1
eu150,C2,bt601,ncc,31UCQ_0211_00,0.9319844183575204,78
eu150,C2,bt601,phase,31UCQ_0211_00,0.2473055452993807,1
eu150,C2,bt601,ncc,31UDQ_2521_00,0.7856059414580597,66
eu150,C2,bt601,phase,31UDQ_2521_00,0.1640438635066564,1
eu150,C2,bt601,ncc,31UFS_1028_00,0.8888707629633996,52
eu150,C2,bt601,phase,31UFS_1028_00,0.161915306261416,1
eu150,C2,bt601,ncc,31UFS_1127_00,2.651733408274219,74
eu150,C2,bt601,phase,31UFS_1127_00,0.3311651729566935,1
eu150,C2,bt601,ncc,32ULA_0661_00,0.6842351829629895,89
eu150,C2,bt601,phase,32ULA_0661_00,0.0337008798901335,1
eu150,C2,bt601,ncc,32ULC_1573_00,1.6713863906103024,89
eu150,C2,bt601,phase,32ULC_1573_00,0.1671385305280668,1
eu150,C2,bt601,ncc,32UMC_0836_00,0.9409788889443844,54
eu150,C2,bt601,phase,32UMC_0836_00,0.1446521389392636,1
eu150,C2,bt601,ncc,32UNE_2132_00,1.345430610362087,56
eu150,C2,bt601,phase,32UNE_2132_00,0.2451759461206881,1
eu150,C2,bt601,ncc,32UPA_1016_00,1.433458653145844,116
eu150,C2,bt601,phase,32UPA_1016_00,0.3551014748494903,1
eu150,C2,bt601,ncc,33TWE_1260_00,0.7602885981141748,76
eu150,C2,bt601,phase,33TWE_1260_00,0.3276013902226335,1
eu150,C2,bt601,ncc,33UWS_0309_00,1.1946984042461963,98
eu150,C2,bt601,phase,33UWS_0309_00,0.1296761809266983,1
eu150,C2,bt601,ncc,34TCR_0369_00,0.8816806122136093,68
eu150,C2,bt601,phase,34TCR_0369_00,0.1752191185941532,1
eu150,C2,bt601,ncc,34TCS_0235_00,1.5709152980444123,24
eu150,C2,bt601,phase,34TCS_0235_00,0.2448517073181397,1
eu150,C2,bt601,ncc,34TCT_0853_00,0.7457907509283943,96
eu150,C2,bt601,phase,34TCT_0853_00,0.3866957955993786,1
eu150,C2,bt601,ncc,34TCT_1134_00,0.7765327085313191,88
eu150,C2,bt601,phase,34TCT_1134_00,0.2957805106139884,1
eu150,C2,mean,ncc,30SVJ_0796_00,3.993900024816622,12
eu150,C2,mean,phase,30SVJ_0796_00,0.1996811853610699,1
eu150,C2,mean,ncc,30SVJ_1711_00,8.000005182080656,11
eu150,C2,mean,phase,30SVJ_1711_00,0.2287996080015575,1
eu150,C2,mean,ncc,30TVK_0841_00,6.895643395449246,25
eu150,C2,mean,phase,30TVK_0841_00,87.2163515869628,1
eu150,C2,mean,ncc,30TVK_1126_00,7.891501601151769,22
eu150,C2,mean,phase,30TVK_1126_00,39.47921308311481,1
eu150,C2,mean,ncc,30TVK_1386_00,8.037814357329106,36
eu150,C2,mean,phase,30TVK_1386_00,5.60303653102098,1
eu150,C2,mean,ncc,30TVK_1390_00,8.085915358213116,32
eu150,C2,mean,phase,30TVK_1390_00,39.03970752178212,1
eu150,C2,mean,ncc,30TVK_1697_00,8.114908058507616,26
eu150,C2,mean,phase,30TVK_1697_00,0.272327902629693,1
eu150,C2,mean,ncc,30TVK_2512_00,7.5211709229639085,15
eu150,C2,mean,phase,30TVK_2512_00,0.0467440477937927,1
eu150,C2,mean,ncc,30TXP_0408_00,1.1154277239083277,38
eu150,C2,mean,phase,30TXP_0408_00,0.1563871081972935,1
eu150,C2,mean,ncc,30TXQ_0830_00,8.901085264833855,24
eu150,C2,mean,phase,30TXQ_0830_00,10.572893336713804,1
eu150,C2,mean,ncc,30TYQ_1071_00,4.340137205348654,50
eu150,C2,mean,phase,30TYQ_1071_00,0.6746834555308555,1
eu150,C2,mean,ncc,30UYC_0687_00,3.9421169950255615,25
eu150,C2,mean,phase,30UYC_0687_00,0.1975060375873879,1
eu150,C2,mean,ncc,31TGJ_0814_00,0.6163472296585146,4
eu150,C2,mean,phase,31TGJ_0814_00,0.677720637619653,1
eu150,C2,mean,ncc,31UDP_0247_00,2.8604216939113307,68
eu150,C2,mean,phase,31UDP_0247_00,0.1787633248325139,1
eu150,C2,mean,ncc,32UPA_0047_00,0.8602008732402954,20
eu150,C2,mean,phase,32UPA_0047_00,0.3892540669189943,1
eu150,C2,mean,ncc,33TWF_0539_00,8.167331918612483,23
eu150,C2,mean,phase,33TWF_0539_00,13.48150123462718,1
eu150,C2,mean,ncc,33TWF_1416_00,0.5553804721671234,54
eu150,C2,mean,phase,33TWF_1416_00,0.0667461857596201,1
eu150,C2,mean,ncc,34TCR_0112_00,6.688590340818552,46
eu150,C2,mean,phase,34TCR_0112_00,0.1535304181870904,1
eu150,C2,mean,ncc,34TCR_0361_00,3.375530454619994,45
eu150,C2,mean,phase,34TCR_0361_00,2.7708271754485243,1
eu150,C2,mean,ncc,34TCR_0769_00,8.375690012769116,57
eu150,C2,mean,phase,34TCR_0769_00,2.2722316182924236,1
eu150,C2,mean,ncc,34TCR_0850_00,4.520945028714948,62
eu150,C2,mean,phase,34TCR_0850_00,0.9100198015511628,1
eu150,C2,mean,ncc,34TCR_1204_00,8.011469485470784,42
eu150,C2,mean,phase,34TCR_1204_00,1.963598876589519,1
eu150,C2,mean,ncc,34TCS_0241_00,8.30271968041989,25
eu150,C2,mean,phase,34TCS_0241_00,4.85521057808006,1
eu150,C2,mean,ncc,34TCT_0362_00,8.067017314719825,28
eu150,C2,mean,phase,34TCT_0362_00,9.309648661796498,1
eu150,C2,mean,ncc,34TCT_0701_00,8.263050726704538,31
eu150,C2,mean,phase,34TCT_0701_00,0.7905163523095343,1
eu150,C2,mean,ncc,34TCT_0757_00,8.965894299383109,32
eu150,C2,mean,phase,34TCT_0757_00,18.043924271376863,1
eu150,C2,mean,ncc,34TCT_0997_00,8.518876230096774,29
eu150,C2,mean,phase,34TCT_0997_00,42.053052333412865,1
eu150,C2,mean,ncc,34TCT_1595_00,8.774145116601625,22
eu150,C2,mean,phase,34TCT_1595_00,24.66531878034569,1
eu150,C2,mean,ncc,34TCT_1710_00,2.2305271811256495,69
eu150,C2,mean,phase,34TCT_1710_00,0.8695998345619447,1
eu150,C2,mean,ncc,34TCT_2072_00,2.527561054943477,57
eu150,C2,mean,phase,34TCT_2072_00,0.3760132461423071,1
eu150,C2,mean,ncc,30TXP_0411_00,5.576376656282681,23
eu150,C2,mean,phase,30TXP_0411_00,0.0855315979805082,1
eu150,C2,mean,ncc,30TXP_0787_00,2.3520724521873215,43
eu150,C2,mean,phase,30TXP_0787_00,0.2250644349754652,1
eu150,C2,mean,ncc,30TXP_1048_00,5.427895158456769,43
eu150,C2,mean,phase,30TXP_1048_00,3.258517228079578,1
eu150,C2,mean,ncc,30TXQ_0896_00,1.4269293509484484,51
eu150,C2,mean,phase,30TXQ_0896_00,0.214950308927187,1
eu150,C2,mean,ncc,30UYD_0119_00,8.626810670007945,27
eu150,C2,mean,phase,30UYD_0119_00,2.2352325267672977,1
eu150,C2,mean,ncc,31TCJ_0091_00,8.321677206306477,15
eu150,C2,mean,phase,31TCJ_0091_00,23.791853874832093,1
eu150,C2,mean,ncc,31TCN_1803_00,3.65491820695008,74
eu150,C2,mean,phase,31TCN_1803_00,0.3274558195068744,1
eu150,C2,mean,ncc,31TGJ_0550_00,1.6464158697954077,64
eu150,C2,mean,phase,31TGJ_0550_00,0.4699187305047191,1
eu150,C2,mean,ncc,31TGK_1163_00,2.6622648298758116,27
eu150,C2,mean,phase,31TGK_1163_00,0.8840719848191596,1
eu150,C2,mean,ncc,31UCQ_1476_00,3.456476159884309,82
eu150,C2,mean,phase,31UCQ_1476_00,2.977169058396962,1
eu150,C2,mean,ncc,31UDQ_0751_00,8.033456947127352,39
eu150,C2,mean,phase,31UDQ_0751_00,0.2264396089896149,1
eu150,C2,mean,ncc,31UFQ_0574_00,6.475479913865327,63
eu150,C2,mean,phase,31UFQ_0574_00,0.2997042558248188,1
eu150,C2,mean,ncc,31UFQ_1482_00,8.252278813062777,25
eu150,C2,mean,phase,31UFQ_1482_00,3.40477144438775,1
eu150,C2,mean,ncc,32UPA_1861_00,1.2510177653329295,72
eu150,C2,mean,phase,32UPA_1861_00,0.1479707487749219,1
eu150,C2,mean,ncc,32UPA_1883_00,2.1230642758374296,37
eu150,C2,mean,phase,32UPA_1883_00,3.8976212375510593,1
eu150,C2,mean,ncc,32UPA_1911_00,2.102570221953302,48
eu150,C2,mean,phase,32UPA_1911_00,1.014472170150668,1
eu150,C2,mean,ncc,33TVN_1850_00,0.692132973587861,56
eu150,C2,mean,phase,33TVN_1850_00,0.211249125951129,1
eu150,C2,mean,ncc,33UWT_0956_00,1.4155612053444755,52
eu150,C2,mean,phase,33UWT_0956_00,0.8972818097200859,1
eu150,C2,mean,ncc,33UWT_2290_00,4.462212893117563,26
eu150,C2,mean,phase,33UWT_2290_00,16.52909432251966,1
eu150,C2,mean,ncc,33VXG_1377_00,2.4269403295752,55
eu150,C2,mean,phase,33VXG_1377_00,2.258647908106661,1
eu150,C2,mean,ncc,34TCR_0421_00,8.341967315774827,16
eu150,C2,mean,phase,34TCR_0421_00,2.360717547569454,1
eu150,C2,mean,ncc,34TCR_1120_00,1.5806816323688893,37
eu150,C2,mean,phase,34TCR_1120_00,0.2320110491030052,1
eu150,C2,mean,ncc,34TCR_1129_00,5.555459459059929,45
eu150,C2,mean,phase,34TCR_1129_00,0.0882000755920652,1
eu150,C2,mean,ncc,34TCR_1412_00,8.002154835217743,45
eu150,C2,mean,phase,34TCR_1412_00,1.3619084184713752,1
eu150,C2,mean,ncc,34TCT_0129_00,1.5512496992658835,50
eu150,C2,mean,phase,34TCT_0129_00,0.5890842824463264,1
eu150,C2,mean,ncc,34TCT_0468_00,8.195825097208594,48
eu150,C2,mean,phase,34TCT_0468_00,0.2473627443182271,1
eu150,C2,mean,ncc,34TCT_0686_00,7.313912640615273,46
eu150,C2,mean,phase,34TCT_0686_00,0.7950261620509693,1
eu150,C2,mean,ncc,34TCT_1673_00,2.2444608295973616,27
eu150,C2,mean,phase,34TCT_1673_00,34.06522683445996,1
eu150,C2,mean,ncc,34TCT_1726_00,3.252275041124991,40
eu150,C2,mean,phase,34TCT_1726_00,0.1105203508213439,1
eu150,C2,mean,ncc,34TCT_1903_00,7.265660800946023,51
eu150,C2,mean,phase,34TCT_1903_00,24.397319727825185,1
eu150,C2,mean,ncc,30TVK_2306_00,8.183838522596675,26
eu150,C2,mean,phase,30TVK_2306_00,2.5467571771904467,1
eu150,C2,mean,ncc,30UYC_0245_00,6.495636708129836,52
eu150,C2,mean,phase,30UYC_0245_00,5.357471438512333,1
eu150,C2,mean,ncc,30UYC_0725_00,3.0368849251901113,75
eu150,C2,mean,phase,30UYC_0725_00,19.28169393267788,1
eu150,C2,mean,ncc,30UYD_1432_00,6.025085887721768,43
eu150,C2,mean,phase,30UYD_1432_00,6.490400613655697,1
eu150,C2,mean,ncc,31TCJ_0672_00,2.13478835626482,44
eu150,C2,mean,phase,31TCJ_0672_00,17.009612743578632,1
eu150,C2,mean,ncc,31TCJ_1375_00,5.645061071330194,14
eu150,C2,mean,phase,31TCJ_1375_00,0.0228895550717482,1
eu150,C2,mean,ncc,31TCM_1060_00,1.0530027575679068,67
eu150,C2,mean,phase,31TCM_1060_00,0.2567199850446007,1
eu150,C2,mean,ncc,31TCM_2040_00,1.793808646596358,77
eu150,C2,mean,phase,31TCM_2040_00,2.458019136499683,1
eu150,C2,mean,ncc,31TCN_1555_00,0.9870833182872344,91
eu150,C2,mean,phase,31TCN_1555_00,0.2733952647079541,1
eu150,C2,mean,ncc,31TGH_0153_00,0.820811177478218,66
eu150,C2,mean,phase,31TGH_0153_00,0.0267055533240832,1
eu150,C2,mean,ncc,31TGJ_0831_00,0.9666725000591032,48
eu150,C2,mean,phase,31TGJ_0831_00,0.0725448881976518,1
eu150,C2,mean,ncc,31TGJ_1054_00,0.929271816036776,35
eu150,C2,mean,phase,31TGJ_1054_00,0.2713815121291507,1
eu150,C2,mean,ncc,31TGK_0015_00,4.462331137767172,68
eu150,C2,mean,phase,31TGK_0015_00,1.1979587241922742,1
eu150,C2,mean,ncc,31UCQ_0249_00,1.5949503082536018,53
eu150,C2,mean,phase,31UCQ_0249_00,0.2192892464721628,1
eu150,C2,mean,ncc,31UFQ_0566_00,1.241869735112188,57
eu150,C2,mean,phase,31UFQ_0566_00,0.2978267817817193,1
eu150,C2,mean,ncc,32UMA_0976_00,1.4930771129120075,77
eu150,C2,mean,phase,32UMA_0976_00,0.4676757911033785,1
eu150,C2,mean,ncc,32UNE_1364_00,2.0900168939445263,105
eu150,C2,mean,phase,32UNE_1364_00,6.8743291870714245,1
eu150,C2,mean,ncc,32UPA_1036_00,1.2522024849724516,105
eu150,C2,mean,phase,32UPA_1036_00,0.2120175481573132,1
eu150,C2,mean,ncc,32UPA_1085_00,1.0768111475507214,73
eu150,C2,mean,phase,32UPA_1085_00,0.4371114428303764,1
eu150,C2,mean,ncc,32UPB_1109_00,1.121188291084612,64
eu150,C2,mean,phase,32UPB_1109_00,0.3793528481307908,1
eu150,C2,mean,ncc,33TWF_1157_00,0.4756921453907781,84
eu150,C2,mean,phase,33TWF_1157_00,0.0989750205647682,1
eu150,C2,mean,ncc,33TWF_1161_00,0.8455380981189965,41
eu150,C2,mean,phase,33TWF_1161_00,0.0943255755178553,1
eu150,C2,mean,ncc,33UWT_0062_00,1.9342492653286467,109
eu150,C2,mean,phase,33UWT_0062_00,0.3229143136493336,1
eu150,C2,mean,ncc,33UWT_0167_00,1.89453553780329,57
eu150,C2,mean,phase,33UWT_0167_00,0.1784966846446385,1
eu150,C2,mean,ncc,33UWT_0872_00,1.4844581561178316,70
eu150,C2,mean,phase,33UWT_0872_00,0.6196351691372268,1
eu150,C2,mean,ncc,33UWT_1630_00,1.831738688404618,91
eu150,C2,mean,phase,33UWT_1630_00,0.5301391443216615,1
eu150,C2,mean,ncc,34TCR_0072_00,1.4832317803201995,62
eu150,C2,mean,phase,34TCR_0072_00,0.2356944037938839,1
eu150,C2,mean,ncc,34TCR_0106_00,1.367521420145967,13
eu150,C2,mean,phase,34TCR_0106_00,0.0957188383574177,1
eu150,C2,mean,ncc,34TCT_1281_00,5.822569752683332,43
eu150,C2,mean,phase,34TCT_1281_00,0.7574527562985165,1
eu150,C2,mean,ncc,34TCT_1573_00,1.6887846276951857,19
eu150,C2,mean,phase,34TCT_1573_00,1.9856676170030905,1
eu150,C2,mean,ncc,30TVK_1026_00,4.799278586265219,44
eu150,C2,mean,phase,30TVK_1026_00,0.2256045191903657,1
eu150,C2,mean,ncc,30TVK_1289_00,2.303246915794237,67
eu150,C2,mean,phase,30TVK_1289_00,2.6003776176897,1
eu150,C2,mean,ncc,30TVK_2317_00,3.8220425803481706,66
eu150,C2,mean,phase,30TVK_2317_00,4.20576909195586,1
eu150,C2,mean,ncc,30TXQ_0902_00,1.2837500016625043,87
eu150,C2,mean,phase,30TXQ_0902_00,0.1797240371866611,1
eu150,C2,mean,ncc,30UYC_0100_00,3.1103658863531187,38
eu150,C2,mean,phase,30UYC_0100_00,0.4229235061066974,1
eu150,C2,mean,ncc,31TCJ_1340_00,2.4014864429347296,59
eu150,C2,mean,phase,31TCJ_1340_00,0.1655017550130881,1
eu150,C2,mean,ncc,31TCJ_1353_00,0.8984673276590462,100
eu150,C2,mean,phase,31TCJ_1353_00,0.2705137407213281,1
eu150,C2,mean,ncc,31TCM_0023_00,0.680228885655937,55
eu150,C2,mean,phase,31TCM_0023_00,0.1933301578318773,1
eu150,C2,mean,ncc,31TCM_1192_00,1.753035382693215,114
eu150,C2,mean,phase,31TCM_1192_00,0.7740181578516014,1
eu150,C2,mean,ncc,31TCM_1717_00,2.657396027462048,37
eu150,C2,mean,phase,31TCM_1717_00,1.7109322747348936,1
eu150,C2,mean,ncc,31TGJ_0811_00,0.9275272626798516,52
eu150,C2,mean,phase,31TGJ_0811_00,0.2190628077299271,1
eu150,C2,mean,ncc,31UDQ_1914_00,1.7644302363864075,80
eu150,C2,mean,phase,31UDQ_1914_00,0.2469986446981213,1
eu150,C2,mean,ncc,31UFS_0030_00,3.395501829896918,29
eu150,C2,mean,phase,31UFS_0030_00,0.3000018360802305,1
eu150,C2,mean,ncc,31UFS_0938_00,6.746566095966671,52
eu150,C2,mean,phase,31UFS_0938_00,0.3236394760643905,1
eu150,C2,mean,ncc,31UFS_2358_00,1.4160170623474837,78
eu150,C2,mean,phase,31UFS_2358_00,0.8067797075579559,1
eu150,C2,mean,ncc,32UMC_0051_00,2.3923508886554443,62
eu150,C2,mean,phase,32UMC_0051_00,0.0481247471310602,1
eu150,C2,mean,ncc,32UMC_1241_00,3.00444980664472,51
eu150,C2,mean,phase,32UMC_1241_00,0.1757546602190996,1
eu150,C2,mean,ncc,32UMC_1688_00,1.0703038812875985,75
eu150,C2,mean,phase,32UMC_1688_00,0.2062072272409477,1
eu150,C2,mean,ncc,32UMC_2029_00,1.881586282650295,93
eu150,C2,mean,phase,32UMC_2029_00,0.7144365517561093,1
eu150,C2,mean,ncc,32UNE_1359_00,2.029198274079138,76
eu150,C2,mean,phase,32UNE_1359_00,0.4521481724555982,1
eu150,C2,mean,ncc,32UNE_2091_00,1.278716123318001,98
eu150,C2,mean,phase,32UNE_2091_00,0.0735900092220159,1
eu150,C2,mean,ncc,32UPA_2227_00,1.5137847261491415,62
eu150,C2,mean,phase,32UPA_2227_00,0.1854863097535571,1
eu150,C2,mean,ncc,33TWF_1076_00,1.1631246150210444,44
eu150,C2,mean,phase,33TWF_1076_00,0.2799793753082846,1
eu150,C2,mean,ncc,33UWT_2410_00,3.908645559494971,46
eu150,C2,mean,phase,33UWT_2410_00,0.478582907181702,1
eu150,C2,mean,ncc,34TCR_0339_00,5.656451956062824,68
eu150,C2,mean,phase,34TCR_0339_00,0.1123699282649895,1
eu150,C2,mean,ncc,34TCR_0343_00,5.992609883966301,59
eu150,C2,mean,phase,34TCR_0343_00,20.113426073852565,1
eu150,C2,mean,ncc,34TCR_1124_00,1.3027095635860164,13
eu150,C2,mean,phase,34TCR_1124_00,0.0545699532416597,1
eu150,C2,mean,ncc,34TCR_1162_00,2.2471601257715625,56
eu150,C2,mean,phase,34TCR_1162_00,0.1962505679428719,1
eu150,C2,mean,ncc,34TCR_1346_00,1.9036770010830188,28
eu150,C2,mean,phase,34TCR_1346_00,0.2993889134127966,1
eu150,C2,mean,ncc,34TCT_1282_00,1.3973052041947325,18
eu150,C2,mean,phase,34TCT_1282_00,0.4587852193326194,1
eu150,C2,mean,ncc,30TVK_1486_00,2.68533430905702,43
eu150,C2,mean,phase,30TVK_1486_00,0.1702186849338058,1
eu150,C2,mean,ncc,30TVK_2377_00,3.5375468892057333,49
eu150,C2,mean,phase,30TVK_2377_00,0.3173430109302585,1
eu150,C2,mean,ncc,30TXQ_0911_00,0.9383464526075744,117
eu150,C2,mean,phase,30TXQ_0911_00,0.8812853037893729,1
eu150,C2,mean,ncc,30TXQ_0934_00,1.742095132822575,69
eu150,C2,mean,phase,30TXQ_0934_00,0.5175133629315799,1
eu150,C2,mean,ncc,30UYC_0046_00,0.7923705220587154,116
eu150,C2,mean,phase,30UYC_0046_00,0.4160940207241642,1
eu150,C2,mean,ncc,31TCJ_1037_00,0.8590236331972846,49
eu150,C2,mean,phase,31TCJ_1037_00,0.1068137798269717,1
eu150,C2,mean,ncc,31TCM_0853_00,1.207556583146646,103
eu150,C2,mean,phase,31TCM_0853_00,0.5659718003208015,1
eu150,C2,mean,ncc,31TCM_1094_00,0.7978175920533379,83
eu150,C2,mean,phase,31TCM_1094_00,0.9876955318976538,1
eu150,C2,mean,ncc,31TCM_1743_00,0.9723904411670758,80
eu150,C2,mean,phase,31TCM_1743_00,0.9180231337818022,1
eu150,C2,mean,ncc,31TFH_0022_00,0.7840527053237415,103
eu150,C2,mean,phase,31TFH_0022_00,0.3990329638307442,1
eu150,C2,mean,ncc,31TFJ_1359_00,0.6695399146095437,92
eu150,C2,mean,phase,31TFJ_1359_00,0.222158445005714,1
eu150,C2,mean,ncc,31TGH_0053_00,0.7638608210712731,97
eu150,C2,mean,phase,31TGH_0053_00,0.1784323257040297,1
eu150,C2,mean,ncc,31TGJ_0274_00,1.0077464305005417,114
eu150,C2,mean,phase,31TGJ_0274_00,0.6482691793148903,1
eu150,C2,mean,ncc,31TGJ_1156_00,0.6283598699130284,58
eu150,C2,mean,phase,31TGJ_1156_00,0.2184827318493377,1
eu150,C2,mean,ncc,31TGJ_1189_00,1.0730585044965684,97
eu150,C2,mean,phase,31TGJ_1189_00,0.0757135847165675,1
eu150,C2,mean,ncc,31UCQ_0211_00,0.9320448720452842,81
eu150,C2,mean,phase,31UCQ_0211_00,0.2656050075214149,1
eu150,C2,mean,ncc,31UDQ_2521_00,0.8830852276794445,68
eu150,C2,mean,phase,31UDQ_2521_00,0.200745767392583,1
eu150,C2,mean,ncc,31UFS_1028_00,0.8275591940827025,59
eu150,C2,mean,phase,31UFS_1028_00,0.1930730910654713,1
eu150,C2,mean,ncc,31UFS_1127_00,2.135772851672287,79
eu150,C2,mean,phase,31UFS_1127_00,0.3181236712400034,1
eu150,C2,mean,ncc,32ULA_0661_00,0.6843031089284715,93
eu150,C2,mean,phase,32ULA_0661_00,0.0566418339324595,1
eu150,C2,mean,ncc,32ULC_1573_00,1.7740202999959551,90
eu150,C2,mean,phase,32ULC_1573_00,0.1357465822016512,1
eu150,C2,mean,ncc,32UMC_0836_00,0.8473331549177342,58
eu150,C2,mean,phase,32UMC_0836_00,0.1341733082606425,1
eu150,C2,mean,ncc,32UNE_2132_00,1.3582433292615232,60
eu150,C2,mean,phase,32UNE_2132_00,0.2455567382778509,1
eu150,C2,mean,ncc,32UPA_1016_00,1.3856335782848517,116
eu150,C2,mean,phase,32UPA_1016_00,0.4130160884507944,1
eu150,C2,mean,ncc,33TWE_1260_00,0.7598056998900815,76
eu150,C2,mean,phase,33TWE_1260_00,0.3369229366681325,1
eu150,C2,mean,ncc,33UWS_0309_00,1.2165901636896856,98
eu150,C2,mean,phase,33UWS_0309_00,0.1367004382368983,1
eu150,C2,mean,ncc,34TCR_0369_00,0.8555421258709561,70
eu150,C2,mean,phase,34TCR_0369_00,0.1959968869636605,1
eu150,C2,mean,ncc,34TCS_0235_00,1.363735167101081,24
eu150,C2,mean,phase,34TCS_0235_00,0.2779232623651485,1
eu150,C2,mean,ncc,34TCT_0853_00,0.6849201531894205,98
eu150,C2,mean,phase,34TCT_0853_00,0.3178113300782393,1
eu150,C2,mean,ncc,34TCT_1134_00,0.7548725010122245,91
eu150,C2,mean,phase,34TCT_1134_00,0.3797592914814385,1
