Note that running a local entrypoint in detached mode only keeps the last triggered Modal function alive after the parent process has been killed or disconnected.
✓ Initialized. View run at 
https://modal.com/apps/mvy0502/main/ap-AuqzG0hBlHJRggvCgPLyOZ
✓ Created objects.
├── 🔨 Created mount 
│   /Users/vedat/Documents/GenCP-Generative-Goruntu-Uretimi-OpenStreetMap/tubita
│   k/modal/gencp_modal.py
├── 🔨 Created function train_c1.
├── 🔨 Created function train_c2.
├── 🔨 Created function train_c2_unsorted.
├── 🔨 Created function train_c4.
├── 🔨 Created function train_c5.
├── 🔨 Created function smoke.
└── 🔨 Created function order_check.
[smoke] device=NVIDIA A10 capability=(8, 6) -> sm_86
[smoke] torch arch list=['sm_70', 'sm_75', 'sm_80', 'sm_86', 'sm_90', 'sm_100', 'sm_120']
[smoke] sm_86 natively in arch list: True
[smoke] matmul  max|GPU-CPU| = 6.104e-05  (relative 5.502e-07)
[smoke] conv2d  max|GPU-CPU| = 4.768e-07
[smoke] GPU agrees with CPU within 1e-03 - proceeding
[tf32] cudnn.allow_tf32=False  cuda.matmul.allow_tf32=False  (both must be False)
Cloning into '/work/GenCP'...
[patch] image_folder_sorted.patch APPLIED (sorted enumeration)
[patch] data/image_folder.py sha256: fef294b80af20955023f3e3bcccb7fbe04c05210ded6d31482299a9c08970a34
[stage] extracted tar -> local disk in 4.9s
[stage] pretrained sha256 after copy: 5938576369544301bb5241daf0581330042286dab215abe1d55defeea297a022
[stage] ordered file-list sha256 (as this run will read it): 4b5f232034261ed1a2b051db6e17d1dd6a1424ba9225bb49c5e3433e8493cad9  n=5577
[stage] first three: ['36SVJ_0_0.tif', '36SVJ_0_1.tif', '36SVJ_0_10.tif']
==============================================================================
[env] python 3.12.13  executable /usr/local/bin/python
[env] torch==2.10.0+cu128
[env] torchvision==0.25.0+cu128
[env] torchmetrics==1.9.0
[env] numpy==2.0.2
[env] PIL==11.3.0
[env] scipy==1.16.3
[env] torch.version.cuda=12.8  cudnn=91002
[env] MODAL_IMAGE_ID=im-a6ofKzN2gTc7VqJ4SNdJvk
[env] pip freeze BEGIN
[env]   aiohappyeyeballs==2.6.1
[env]   aiohttp==3.12.7
[env]   aiosignal==1.3.2
[env]   attrs==25.3.0
[env]   cbor2==5.7.0
[env]   certifi==2025.4.26
[env]   cuda-bindings==12.9.4
[env]   cuda-pathfinder==1.7.0
[env]   filelock==3.32.4
[env]   frozenlist==1.6.0
[env]   fsspec==2026.7.0
[env]   grpclib==0.4.8
[env]   h2==4.2.0
[env]   hpack==4.1.0
[env]   hyperframe==6.1.0
[env]   idna==3.10
[env]   Jinja2==3.1.6
[env]   lightning-utilities==0.15.3
[env]   MarkupSafe==3.0.3
[env]   mpmath==1.3.0
[env]   multidict==6.4.4
[env]   networkx==3.6.1
[env]   numpy==2.0.2
[env]   nvidia-cublas-cu12==12.8.4.1
[env]   nvidia-cuda-cupti-cu12==12.8.90
[env]   nvidia-cuda-nvrtc-cu12==12.8.93
[env]   nvidia-cuda-runtime-cu12==12.8.90
[env]   nvidia-cudnn-cu12==9.10.2.21
[env]   nvidia-cufft-cu12==11.3.3.83
[env]   nvidia-cufile-cu12==1.13.1.3
[env]   nvidia-curand-cu12==10.3.9.90
[env]   nvidia-cusolver-cu12==11.7.3.90
[env]   nvidia-cusparse-cu12==12.5.8.93
[env]   nvidia-cusparselt-cu12==0.7.1
[env]   nvidia-nccl-cu12==2.27.5
[env]   nvidia-nvjitlink-cu12==12.8.93
[env]   nvidia-nvshmem-cu12==3.4.5
[env]   nvidia-nvtx-cu12==12.8.90
[env]   packaging==26.3
[env]   pillow==11.3.0
[env]   propcache==0.3.1
[env]   protobuf==6.31.1
[env]   scipy==1.16.3
[env]   setuptools==81.0.0
[env]   sympy==1.14.0
[env]   torch==2.10.0+cu128
[env]   torchmetrics==1.9.0
[env]   torchvision==0.25.0+cu128
[env]   triton==3.6.0
[env]   typing_extensions==4.16.0
[env]   wheel==0.47.0
[env]   yarl==1.20.0
[env] pip freeze END (52 packages)
==============================================================================
[preflight] arm=C1  seed=43  utc=2026-08-25T08:45:55.433201+00:00
[preflight] torch=2.10.0+cu128  cuda_available=True
[preflight] device=NVIDIA A10  count=1  capability=(8, 6)
[preflight] torch arch list=['sm_70', 'sm_75', 'sm_80', 'sm_86', 'sm_90', 'sm_100', 'sm_120']
[preflight] arch OK: sm_86 is in the torch arch list
[preflight] dataset resolved to: /kaggle/input/gencp-tr
[preflight] mount OK: /kaggle/input/gencp-tr -> ['eu_pairs', 'latest_net_G.pth', 'pairs']
[preflight] training pairs: 5577
==============================================================================
Cloning into '/kaggle/working/GenCP'...

[notice] A new release of pip is available: 25.0.1 -> 26.2.1
[notice] To update, run: pip install --upgrade pip
[deps] torchmetrics 1.9.0 already in the image
initialize network with normal
initialize network with normal
==============================================================================
COLD-START DISCRIMINATOR - PROVENANCE
==============================================================================
latest_net_D.pth in this directory was NOT released with the GenCP weights.
No discriminator has ever been published for the GenCP HR model.

It was randomly initialised by tubitak/kaggle/train_c1_c2.py at the start of the run
recorded below, through the repository's own networks.define_D -> init_net -> init_weights
path, so that it starts in the distribution the training loop expects.

  created (UTC) : 2026-08-25T08:46:07.967890+00:00
  arm           : C1
  seed          : 43  (torch.manual_seed + torch.cuda.manual_seed_all, immediately before define_D)
  init scheme   : normal, gain 0.02  (init_type='normal', init_gain=0.02 - framework default)
  architecture  : define_D(input_nc=6, ndf=64, netD='basic', n_layers_D=3, norm='batch')
  parameters    : 2770500
  sha256        : e5dd55c8d02a5299a0326553955c3dc0a37d5706af0dc9977fc427903fdb91b5
  paired with   : latest_net_G.pth, the released GenCP HR RGB generator (genuinely pretrained)

Do not cite, publish, redistribute or reuse this file as a pretrained discriminator.
Any result produced from it starts from a cold, random D by design; see
tubitak/docs/phase-c-config.md, "Discriminator cold-start".

==============================================================================
==============================================================================
COLD-START DISCRIMINATOR - PROVENANCE
==============================================================================
latest_net_D.pth in this directory was NOT released with the GenCP weights.
No discriminator has ever been published for the GenCP HR model.

It was randomly initialised by tubitak/kaggle/train_c1_c2.py at the start of the run
recorded below, through the repository's own networks.define_D -> init_net -> init_weights
path, so that it starts in the distribution the training loop expects.

  created (UTC) : 2026-08-25T08:46:07.967890+00:00
  arm           : C1
  seed          : 43  (torch.manual_seed + torch.cuda.manual_seed_all, immediately before define_D)
  init scheme   : normal, gain 0.02  (init_type='normal', init_gain=0.02 - framework default)
  architecture  : define_D(input_nc=6, ndf=64, netD='basic', n_layers_D=3, norm='batch')
  parameters    : 2770500
  sha256        : e5dd55c8d02a5299a0326553955c3dc0a37d5706af0dc9977fc427903fdb91b5
  paired with   : latest_net_G.pth, the released GenCP HR RGB generator (genuinely pretrained)

Do not cite, publish, redistribute or reuse this file as a pretrained discriminator.
Any result produced from it starts from a cold, random D by design; see
tubitak/docs/phase-c-config.md, "Discriminator cold-start".

==============================================================================
[seed-hook] random/numpy/torch seeded with 43

0.0%
0.0%
0.1%
0.1%
0.1%
0.1%
0.2%
0.2%
0.2%
0.2%
0.3%
0.3%
0.3%
0.3%
0.4%
0.4%
0.4%
0.4%
0.4%
0.5%
0.5%
0.5%
0.5%
0.6%
0.6%
0.6%
0.6%
0.7%
0.7%
0.7%
0.7%
0.8%
0.8%
0.8%
0.8%
0.9%
0.9%
0.9%
0.9%
0.9%
1.0%
1.0%
1.0%
1.0%
1.1%
1.1%
1.1%
1.1%
1.2%
1.2%
1.2%
1.2%
1.3%
1.3%
1.3%
1.3%
1.3%
1.4%
1.4%
1.4%
1.4%
1.5%
1.5%
1.5%
1.5%
1.6%
1.6%
1.6%
1.6%
1.7%
1.7%
1.7%
1.7%
1.8%
1.8%
1.8%
1.8%
1.8%
1.9%
1.9%
1.9%
1.9%
2.0%
2.0%
2.0%
2.0%
2.1%
2.1%
2.1%
2.1%
2.2%
2.2%
2.2%
2.2%
2.2%
2.3%
2.3%
2.3%
2.3%
2.4%
2.4%
2.4%
2.4%
2.5%
2.5%
2.5%
2.5%
2.6%
2.6%
2.6%
2.6%
2.7%
2.7%
2.7%
2.7%
2.7%
2.8%
2.8%
2.8%
2.8%
2.9%
2.9%
2.9%
2.9%
3.0%
3.0%
3.0%
3.0%
3.1%
3.1%
3.1%
3.1%
3.1%
3.2%
3.2%
3.2%
3.2%
3.3%
3.3%
3.3%
3.3%
3.4%
3.4%
3.4%
3.4%
3.5%
3.5%
3.5%
3.5%
3.6%
3.6%
3.6%
3.6%
3.6%
3.7%
3.7%
3.7%
3.7%
3.8%
3.8%
3.8%
3.8%
3.9%
3.9%
3.9%
3.9%
4.0%
4.0%
4.0%
4.0%
4.0%
4.1%
4.1%
4.1%
4.1%
4.2%
4.2%
4.2%
4.2%
4.3%
4.3%
4.3%
4.3%
4.4%
4.4%
4.4%
4.4%
4.5%
4.5%
4.5%
4.5%
4.5%
4.6%
4.6%
4.6%
4.6%
4.7%
4.7%
4.7%
4.7%
4.8%
4.8%
4.8%
4.8%
4.9%
4.9%
4.9%
4.9%
4.9%
5.0%
5.0%
5.0%
5.0%
5.1%
5.1%
5.1%
5.1%
5.2%
5.2%
5.2%
5.2%
5.3%
5.3%
5.3%
5.3%
5.4%
5.4%
5.4%
5.4%
5.4%
5.5%
5.5%
5.5%
5.5%
5.6%
5.6%
5.6%
5.6%
5.7%
5.7%
5.7%
5.7%
5.8%
5.8%
5.8%
5.8%
5.8%
5.9%
5.9%
5.9%
5.9%
6.0%
6.0%
6.0%
6.0%
6.1%
6.1%
6.1%
6.1%
6.2%
6.2%
6.2%
6.2%
6.3%
6.3%
6.3%
6.3%
6.3%
6.4%
6.4%
6.4%
6.4%
6.5%
6.5%
6.5%
6.5%
6.6%
6.6%
6.6%
6.6%
6.7%
6.7%
6.7%
6.7%
6.7%
6.8%
6.8%
6.8%
6.8%
6.9%
6.9%
6.9%
6.9%
7.0%
7.0%
7.0%
7.0%
7.1%
7.1%
7.1%
7.1%
7.2%
7.2%
7.2%
7.2%
7.2%
7.3%
7.3%
7.3%
7.3%
7.4%
7.4%
7.4%
7.4%
7.5%
7.5%
7.5%
7.5%
7.6%
7.6%
7.6%
7.6%
7.6%
7.7%
7.7%
7.7%
7.7%
7.8%
7.8%
7.8%
7.8%
7.9%
7.9%
7.9%
7.9%
8.0%
8.0%
8.0%
8.0%
8.1%
8.1%
8.1%
8.1%
8.1%
8.2%
8.2%
8.2%
8.2%
8.3%
8.3%
8.3%
8.3%
8.4%
8.4%
8.4%
8.4%
8.5%
8.5%
8.5%
8.5%
8.5%
8.6%
8.6%
8.6%
8.6%
8.7%
8.7%
8.7%
8.7%
8.8%
8.8%
8.8%
8.8%
8.9%
8.9%
8.9%
8.9%
9.0%
9.0%
9.0%
9.0%
9.0%
9.1%
9.1%
9.1%
9.1%
9.2%
9.2%
9.2%
9.2%
9.3%
9.3%
9.3%
9.3%
9.4%
9.4%
9.4%
9.4%
9.4%
9.5%
9.5%
9.5%
9.5%
9.6%
9.6%
9.6%
9.6%
9.7%
9.7%
9.7%
9.7%
9.8%
9.8%
9.8%
9.8%
9.9%
9.9%
9.9%
9.9%
9.9%
10.0%
10.0%
10.0%
10.0%
10.1%
10.1%
10.1%
10.1%
10.2%
10.2%
10.2%
10.2%
10.3%
10.3%
10.3%
10.3%
10.3%
10.4%
10.4%
10.4%
10.4%
10.5%
10.5%
10.5%
10.5%
10.6%
10.6%
10.6%
10.6%
10.7%
10.7%
10.7%
10.7%
10.8%
10.8%
10.8%
10.8%
10.8%
10.9%
10.9%
10.9%
10.9%
11.0%
11.0%
11.0%
11.0%
11.1%
11.1%
11.1%
11.1%
11.2%
11.2%
11.2%
11.2%
11.2%
11.3%
11.3%
11.3%
11.3%
11.4%
11.4%
11.4%
11.4%
11.5%
11.5%
11.5%
11.5%
11.6%
11.6%
11.6%
11.6%
11.7%
11.7%
11.7%
11.7%
11.7%
11.8%
11.8%
11.8%
11.8%
11.9%
11.9%
11.9%
11.9%
12.0%
12.0%
12.0%
12.0%
12.1%
12.1%
12.1%
12.1%
12.1%
12.2%
12.2%
12.2%
12.2%
12.3%
12.3%
12.3%
12.3%
12.4%
12.4%
12.4%
12.4%
12.5%
12.5%
12.5%
12.5%
12.6%
12.6%
12.6%
12.6%
12.6%
12.7%
12.7%
12.7%
12.7%
12.8%
12.8%
12.8%
12.8%
12.9%
12.9%
12.9%
12.9%
13.0%
13.0%
13.0%
13.0%
13.0%
13.1%
13.1%
13.1%
13.1%
13.2%
13.2%
13.2%
13.2%
13.3%
13.3%
13.3%
13.3%
13.4%
13.4%
13.4%
13.4%
13.5%
13.5%
13.5%
13.5%
13.5%
13.6%
13.6%
13.6%
13.6%
13.7%
13.7%
13.7%
13.7%
13.8%
13.8%
13.8%
13.8%
13.9%
13.9%
13.9%
13.9%
13.9%
14.0%
14.0%
14.0%
14.0%
14.1%
14.1%
14.1%
14.1%
14.2%
14.2%
14.2%
14.2%
14.3%
14.3%
14.3%
14.3%
14.4%
14.4%
14.4%
14.4%
14.4%
14.5%
14.5%
14.5%
14.5%
14.6%
14.6%
14.6%
14.6%
14.7%
14.7%
14.7%
14.7%
14.8%
14.8%
14.8%
14.8%
14.8%
14.9%
14.9%
14.9%
14.9%
15.0%
15.0%
15.0%
15.0%
15.1%
15.1%
15.1%
15.1%
15.2%
15.2%
15.2%
15.2%
15.3%
15.3%
15.3%
15.3%
15.3%
15.4%
15.4%
15.4%
15.4%
15.5%
15.5%
15.5%
15.5%
15.6%
15.6%
15.6%
15.6%
15.7%
15.7%
15.7%
15.7%
15.7%
15.8%
15.8%
15.8%
15.8%
15.9%
15.9%
15.9%
15.9%
16.0%
16.0%
16.0%
16.0%
16.1%
16.1%
16.1%
16.1%
16.2%
16.2%
16.2%
16.2%
16.2%
16.3%
16.3%
16.3%
16.3%
16.4%
16.4%
16.4%
16.4%
16.5%
16.5%
16.5%
16.5%
16.6%
16.6%
16.6%
16.6%
16.6%
16.7%
16.7%
16.7%
16.7%
16.8%
16.8%
16.8%
16.8%
16.9%
16.9%
16.9%
16.9%
17.0%
17.0%
17.0%
17.0%
17.1%
17.1%
17.1%
17.1%
17.1%
17.2%
17.2%
17.2%
17.2%
17.3%
17.3%
17.3%
17.3%
17.4%
17.4%
17.4%
17.4%
17.5%
17.5%
17.5%
17.5%
17.5%
17.6%
17.6%
17.6%
17.6%
17.7%
17.7%
17.7%
17.7%
17.8%
17.8%
17.8%
17.8%
17.9%
17.9%
17.9%
17.9%
18.0%
18.0%
18.0%
18.0%
18.0%
18.1%
18.1%
18.1%
18.1%
18.2%
18.2%
18.2%
18.2%
18.3%
18.3%
18.3%
18.3%
18.4%
18.4%
18.4%
18.4%
18.4%
18.5%
18.5%
18.5%
18.5%
18.6%
18.6%
18.6%
18.6%
18.7%
18.7%
18.7%
18.7%
18.8%
18.8%
18.8%
18.8%
18.9%
18.9%
18.9%
18.9%
18.9%
19.0%
19.0%
19.0%
19.0%
19.1%
19.1%
19.1%
19.1%
19.2%
19.2%
19.2%
19.2%
19.3%
19.3%
19.3%
19.3%
19.3%
19.4%
19.4%
19.4%
19.4%
19.5%
19.5%
19.5%
19.5%
19.6%
19.6%
19.6%
19.6%
19.7%
19.7%
19.7%
19.7%
19.8%
19.8%
19.8%
19.8%
19.8%
19.9%
19.9%
19.9%
19.9%
20.0%
20.0%
20.0%
20.0%
20.1%
20.1%
20.1%
20.1%
20.2%
20.2%
20.2%
20.2%
20.2%
20.3%
20.3%
20.3%
20.3%
20.4%
20.4%
20.4%
20.4%
20.5%
20.5%
20.5%
20.5%
20.6%
20.6%
20.6%
20.6%
20.7%
20.7%
20.7%
20.7%
20.7%
20.8%
20.8%
20.8%
20.8%
20.9%
20.9%
20.9%
20.9%
21.0%
21.0%
21.0%
21.0%
21.1%
21.1%
21.1%
21.1%
21.1%
21.2%
21.2%
21.2%
21.2%
21.3%
21.3%
21.3%
21.3%
21.4%
21.4%
21.4%
21.4%
21.5%
21.5%
21.5%
21.5%
21.6%
21.6%
21.6%
21.6%
21.6%
21.7%
21.7%
21.7%
21.7%
21.8%
21.8%
21.8%
21.8%
21.9%
21.9%
21.9%
21.9%
22.0%
22.0%
22.0%
22.0%
22.0%
22.1%
22.1%
22.1%
22.1%
22.2%
22.2%
22.2%
22.2%
22.3%
22.3%
22.3%
22.3%
22.4%
22.4%
22.4%
22.4%
22.5%
22.5%
22.5%
22.5%
22.5%
22.6%
22.6%
22.6%
22.6%
22.7%
22.7%
22.7%
22.7%
22.8%
22.8%
22.8%
22.8%
22.9%
22.9%
22.9%
22.9%
22.9%
23.0%
23.0%
23.0%
23.0%
23.1%
23.1%
23.1%
23.1%
23.2%
23.2%
23.2%
23.2%
23.3%
23.3%
23.3%
23.3%
23.4%
23.4%
23.4%
23.4%
23.4%
23.5%
23.5%
23.5%
23.5%
23.6%
23.6%
23.6%
23.6%
23.7%
23.7%
23.7%
23.7%
23.8%
23.8%
23.8%
23.8%
23.8%
23.9%
23.9%
23.9%
23.9%
24.0%
24.0%
24.0%
24.0%
24.1%
24.1%
24.1%
24.1%
24.2%
24.2%
24.2%
24.2%
24.3%
24.3%
24.3%
24.3%
24.3%
24.4%
24.4%
24.4%
24.4%
24.5%
24.5%
24.5%
24.5%
24.6%
24.6%
24.6%
24.6%
24.7%
24.7%
24.7%
24.7%
24.7%
24.8%
24.8%
24.8%
24.8%
24.9%
24.9%
24.9%
24.9%
25.0%
25.0%
25.0%
25.0%
25.1%
25.1%
25.1%
25.1%
25.2%
25.2%
25.2%
25.2%
25.2%
25.3%
25.3%
25.3%
25.3%
25.4%
25.4%
25.4%
25.4%
25.5%
25.5%
25.5%
25.5%
25.6%
25.6%
25.6%
25.6%
25.6%
25.7%
25.7%
25.7%
25.7%
25.8%
25.8%
25.8%
25.8%
25.9%
25.9%
25.9%
25.9%
26.0%
26.0%
26.0%
26.0%
26.1%
26.1%
26.1%
26.1%
26.1%
26.2%
26.2%
26.2%
26.2%
26.3%
26.3%
26.3%
26.3%
26.4%
26.4%
26.4%
26.4%
26.5%
26.5%
26.5%
26.5%
26.5%
26.6%
26.6%
26.6%
26.6%
26.7%
26.7%
26.7%
26.7%
26.8%
26.8%
26.8%
26.8%
26.9%
26.9%
26.9%
26.9%
27.0%
27.0%
27.0%
27.0%
27.0%
27.1%
27.1%
27.1%
27.1%
27.2%
27.2%
27.2%
27.2%
27.3%
27.3%
27.3%
27.3%
27.4%
27.4%
27.4%
27.4%
27.4%
27.5%
27.5%
27.5%
27.5%
27.6%
27.6%
27.6%
27.6%
27.7%
27.7%
27.7%
27.7%
27.8%
27.8%
27.8%
27.8%
27.9%
27.9%
27.9%
27.9%
27.9%
28.0%
28.0%
28.0%
28.0%
28.1%
28.1%
28.1%
28.1%
28.2%
28.2%
28.2%
28.2%
28.3%
28.3%
28.3%
28.3%
28.3%
28.4%
28.4%
28.4%
28.4%
28.5%
28.5%
28.5%
28.5%
28.6%
28.6%
28.6%
28.6%
28.7%
28.7%
28.7%
28.7%
28.8%
28.8%
28.8%
28.8%
28.8%
28.9%
28.9%
28.9%
28.9%
29.0%
29.0%
29.0%
29.0%
29.1%
29.1%
29.1%
29.1%
29.2%
29.2%
29.2%
29.2%
29.2%
29.3%
29.3%
29.3%
29.3%
29.4%
29.4%
29.4%
29.4%
29.5%
29.5%
29.5%
29.5%
29.6%
29.6%
29.6%
29.6%
29.7%
29.7%
29.7%
29.7%
29.7%
29.8%
29.8%
29.8%
29.8%
29.9%
29.9%
29.9%
29.9%
30.0%
30.0%
30.0%
30.0%
30.1%
30.1%
30.1%
30.1%
30.1%
30.2%
30.2%
30.2%
30.2%
30.3%
30.3%
30.3%
30.3%
30.4%
30.4%
30.4%
30.4%
30.5%
30.5%
30.5%
30.5%
30.6%
30.6%
30.6%
30.6%
30.6%
30.7%
30.7%
30.7%
30.7%
30.8%
30.8%
30.8%
30.8%
30.9%
30.9%
30.9%
30.9%
31.0%
31.0%
31.0%
31.0%
31.0%
31.1%
31.1%
31.1%
31.1%
31.2%
31.2%
31.2%
31.2%
31.3%
31.3%
31.3%
31.3%
31.4%
31.4%
31.4%
31.4%
31.5%
31.5%
31.5%
31.5%
31.5%
31.6%
31.6%
31.6%
31.6%
31.7%
31.7%
31.7%
31.7%
31.8%
31.8%
31.8%
31.8%
31.9%
31.9%
31.9%
31.9%
31.9%
32.0%
32.0%
32.0%
32.0%
32.1%
32.1%
32.1%
32.1%
32.2%
32.2%
32.2%
32.2%
32.3%
32.3%
32.3%
32.3%
32.4%
32.4%
32.4%
32.4%
32.4%
32.5%
32.5%
32.5%
32.5%
32.6%
32.6%
32.6%
32.6%
32.7%
32.7%
32.7%
32.7%
32.8%
32.8%
32.8%
32.8%
32.8%
32.9%
32.9%
32.9%
32.9%
33.0%
33.0%
33.0%
33.0%
33.1%
33.1%
33.1%
33.1%
33.2%
33.2%
33.2%
33.2%
33.3%
33.3%
33.3%
33.3%
33.3%
33.4%
33.4%
33.4%
33.4%
33.5%
33.5%
33.5%
33.5%
33.6%
33.6%
33.6%
33.6%
33.7%
33.7%
33.7%
33.7%
33.7%
33.8%
33.8%
33.8%
33.8%
33.9%
33.9%
33.9%
33.9%
34.0%
34.0%
34.0%
34.0%
34.1%
34.1%
34.1%
34.1%
34.2%
34.2%
34.2%
34.2%
34.2%
34.3%
34.3%
34.3%
34.3%
34.4%
34.4%
34.4%
34.4%
34.5%
34.5%
34.5%
34.5%
34.6%
34.6%
34.6%
34.6%
34.6%
34.7%
34.7%
34.7%
34.7%
34.8%
34.8%
34.8%
34.8%
34.9%
34.9%
34.9%
34.9%
35.0%
35.0%
35.0%
35.0%
35.1%
35.1%
35.1%
35.1%
35.1%
35.2%
35.2%
35.2%
35.2%
35.3%
35.3%
35.3%
35.3%
35.4%
35.4%
35.4%
35.4%
35.5%
35.5%
35.5%
35.5%
35.5%
35.6%
35.6%
35.6%
35.6%
35.7%
35.7%
35.7%
35.7%
35.8%
35.8%
35.8%
35.8%
35.9%
35.9%
35.9%
35.9%
36.0%
36.0%
36.0%
36.0%
36.0%
36.1%
36.1%
36.1%
36.1%
36.2%
36.2%
36.2%
36.2%
36.3%
36.3%
36.3%
36.3%
36.4%
36.4%
36.4%
36.4%
36.4%
36.5%
36.5%
36.5%
36.5%
36.6%
36.6%
36.6%
36.6%
36.7%
36.7%
36.7%
36.7%
36.8%
36.8%
36.8%
36.8%
36.9%
36.9%
36.9%
36.9%
36.9%
37.0%
37.0%
37.0%
37.0%
37.1%
37.1%
37.1%
37.1%
37.2%
37.2%
37.2%
37.2%
37.3%
37.3%
37.3%
37.3%
37.3%
37.4%
37.4%
37.4%
37.4%
37.5%
37.5%
37.5%
37.5%
37.6%
37.6%
37.6%
37.6%
37.7%
37.7%
37.7%
37.7%
37.8%
37.8%
37.8%
37.8%
37.8%
37.9%
37.9%
37.9%
37.9%
38.0%
38.0%
38.0%
38.0%
38.1%
38.1%
38.1%
38.1%
38.2%
38.2%
38.2%
38.2%
38.2%
38.3%
38.3%
38.3%
38.3%
38.4%
38.4%
38.4%
38.4%
38.5%
38.5%
38.5%
38.5%
38.6%
38.6%
38.6%
38.6%
38.7%
38.7%
38.7%
38.7%
38.7%
38.8%
38.8%
38.8%
38.8%
38.9%
38.9%
38.9%
38.9%
39.0%
39.0%
39.0%
39.0%
39.1%
39.1%
39.1%
39.1%
39.1%
39.2%
39.2%
39.2%
39.2%
39.3%
39.3%
39.3%
39.3%
39.4%
39.4%
39.4%
39.4%
39.5%
39.5%
39.5%
39.5%
39.6%
39.6%
39.6%
39.6%
39.6%
39.7%
39.7%
39.7%
39.7%
39.8%
39.8%
39.8%
39.8%
39.9%
39.9%
39.9%
39.9%
40.0%
40.0%
40.0%
40.0%
40.0%
40.1%
40.1%
40.1%
40.1%
40.2%
40.2%
40.2%
40.2%
40.3%
40.3%
40.3%
40.3%
40.4%
40.4%
40.4%
40.4%
40.5%
40.5%
40.5%
40.5%
40.5%
40.6%
40.6%
40.6%
40.6%
40.7%
40.7%
40.7%
40.7%
40.8%
40.8%
40.8%
40.8%
40.9%
40.9%
40.9%
40.9%
40.9%
41.0%
41.0%
41.0%
41.0%
41.1%
41.1%
41.1%
41.1%
41.2%
41.2%
41.2%
41.2%
41.3%
41.3%
41.3%
41.3%
41.4%
41.4%
41.4%
41.4%
41.4%
41.5%
41.5%
41.5%
41.5%
41.6%
41.6%
41.6%
41.6%
41.7%
41.7%
41.7%
41.7%
41.8%
41.8%
41.8%
41.8%
41.8%
41.9%
41.9%
41.9%
41.9%
42.0%
42.0%
42.0%
42.0%
42.1%
42.1%
42.1%
42.1%
42.2%
42.2%
42.2%
42.2%
42.3%
42.3%
42.3%
42.3%
42.3%
42.4%
42.4%
42.4%
42.4%
42.5%
42.5%
42.5%
42.5%
42.6%
42.6%
42.6%
42.6%
42.7%
42.7%
42.7%
42.7%
42.7%
42.8%
42.8%
42.8%
42.8%
42.9%
42.9%
42.9%
42.9%
43.0%
43.0%
43.0%
43.0%
43.1%
43.1%
43.1%
43.1%
43.2%
43.2%
43.2%
43.2%
43.2%
43.3%
43.3%
43.3%
43.3%
43.4%
43.4%
43.4%
43.4%
43.5%
43.5%
43.5%
43.5%
43.6%
43.6%
43.6%
43.6%
43.6%
43.7%
43.7%
43.7%
43.7%
43.8%
43.8%
43.8%
43.8%
43.9%
43.9%
43.9%
43.9%
44.0%
44.0%
44.0%
44.0%
44.1%
44.1%
44.1%
44.1%
44.1%
44.2%
44.2%
44.2%
44.2%
44.3%
44.3%
44.3%
44.3%
44.4%
44.4%
44.4%
44.4%
44.5%
44.5%
44.5%
44.5%
44.5%
44.6%
44.6%
44.6%
44.6%
44.7%
44.7%
44.7%
44.7%
44.8%
44.8%
44.8%
44.8%
44.9%
44.9%
44.9%
44.9%
45.0%
45.0%
45.0%
45.0%
45.0%
45.1%
45.1%
45.1%
45.1%
45.2%
45.2%
45.2%
45.2%
45.3%
45.3%
45.3%
45.3%
45.4%
45.4%
45.4%
45.4%
45.4%
45.5%
45.5%
45.5%
45.5%
45.6%
45.6%
45.6%
45.6%
45.7%
45.7%
45.7%
45.7%
45.8%
45.8%
45.8%
45.8%
45.9%
45.9%
45.9%
45.9%
45.9%
46.0%
46.0%
46.0%
46.0%
46.1%
46.1%
46.1%
46.1%
46.2%
46.2%
46.2%
46.2%
46.3%
46.3%
46.3%
46.3%
46.3%
46.4%
46.4%
46.4%
46.4%
46.5%
46.5%
46.5%
46.5%
46.6%
46.6%
46.6%
46.6%
46.7%
46.7%
46.7%
46.7%
46.8%
46.8%
46.8%
46.8%
46.8%
46.9%
46.9%
46.9%
46.9%
47.0%
47.0%
47.0%
47.0%
47.1%
47.1%
47.1%
47.1%
47.2%
47.2%
47.2%
47.2%
47.2%
47.3%
47.3%
47.3%
47.3%
47.4%
47.4%
47.4%
47.4%
47.5%
47.5%
47.5%
47.5%
47.6%
47.6%
47.6%
47.6%
47.7%
47.7%
47.7%
47.7%
47.7%
47.8%
47.8%
47.8%
47.8%
47.9%
47.9%
47.9%
47.9%
48.0%
48.0%
48.0%
48.0%
48.1%
48.1%
48.1%
48.1%
48.1%
48.2%
48.2%
48.2%
48.2%
48.3%
48.3%
48.3%
48.3%
48.4%
48.4%
48.4%
48.4%
48.5%
48.5%
48.5%
48.5%
48.6%
48.6%
48.6%
48.6%
48.6%
48.7%
48.7%
48.7%
48.7%
48.8%
48.8%
48.8%
48.8%
48.9%
48.9%
48.9%
48.9%
49.0%
49.0%
49.0%
49.0%
49.0%
49.1%
49.1%
49.1%
49.1%
49.2%
49.2%
49.2%
49.2%
49.3%
49.3%
49.3%
49.3%
49.4%
49.4%
49.4%
49.4%
49.5%
49.5%
49.5%
49.5%
49.5%
49.6%
49.6%
49.6%
49.6%
49.7%
49.7%
49.7%
49.7%
49.8%
49.8%
49.8%
49.8%
49.9%
49.9%
49.9%
49.9%
49.9%
50.0%
50.0%
50.0%
50.0%
50.1%
50.1%
50.1%
50.1%
50.2%
50.2%
50.2%
50.2%
50.3%
50.3%
50.3%
50.3%
50.4%
50.4%
50.4%
50.4%
50.4%
50.5%
50.5%
50.5%
50.5%
50.6%
50.6%
50.6%
50.6%
50.7%
50.7%
50.7%
50.7%
50.8%
50.8%
50.8%
50.8%
50.8%
50.9%
50.9%
50.9%
50.9%
51.0%
51.0%
51.0%
51.0%
51.1%
51.1%
51.1%
51.1%
51.2%
51.2%
51.2%
51.2%
51.3%
51.3%
51.3%
51.3%
51.3%
51.4%
51.4%
51.4%
51.4%
51.5%
51.5%
51.5%
51.5%
51.6%
51.6%
51.6%
51.6%
51.7%
51.7%
51.7%
51.7%
51.7%
51.8%
51.8%
51.8%
51.8%
51.9%
51.9%
51.9%
51.9%
52.0%
52.0%
52.0%
52.0%
52.1%
52.1%
52.1%
52.1%
52.2%
52.2%
52.2%
52.2%
52.2%
52.3%
52.3%
52.3%
52.3%
52.4%
52.4%
52.4%
52.4%
52.5%
52.5%
52.5%
52.5%
52.6%
52.6%
52.6%
52.6%
52.6%
52.7%
52.7%
52.7%
52.7%
52.8%
52.8%
52.8%
52.8%
52.9%
52.9%
52.9%
52.9%
53.0%
53.0%
53.0%
53.0%
53.1%
53.1%
53.1%
53.1%
53.1%
53.2%
53.2%
53.2%
53.2%
53.3%
53.3%
53.3%
53.3%
53.4%
53.4%
53.4%
53.4%
53.5%
53.5%
53.5%
53.5%
53.5%
53.6%
53.6%
53.6%
53.6%
53.7%
53.7%
53.7%
53.7%
53.8%
53.8%
53.8%
53.8%
53.9%
53.9%
53.9%
53.9%
54.0%
54.0%
54.0%
54.0%
54.0%
54.1%
54.1%
54.1%
54.1%
54.2%
54.2%
54.2%
54.2%
54.3%
54.3%
54.3%
54.3%
54.4%
54.4%
54.4%
54.4%
54.4%
54.5%
54.5%
54.5%
54.5%
54.6%
54.6%
54.6%
54.6%
54.7%
54.7%
54.7%
54.7%
54.8%
54.8%
54.8%
54.8%
54.9%
54.9%
54.9%
54.9%
54.9%
55.0%
55.0%
55.0%
55.0%
55.1%
55.1%
55.1%
55.1%
55.2%
55.2%
55.2%
55.2%
55.3%
55.3%
55.3%
55.3%
55.3%
55.4%
55.4%
55.4%
55.4%
55.5%
55.5%
55.5%
55.5%
55.6%
55.6%
55.6%
55.6%
55.7%
55.7%
55.7%
55.7%
55.8%
55.8%
55.8%
55.8%
55.8%
55.9%
55.9%
55.9%
55.9%
56.0%
56.0%
56.0%
56.0%
56.1%
56.1%
56.1%
56.1%
56.2%
56.2%
56.2%
56.2%
56.2%
56.3%
56.3%
56.3%
56.3%
56.4%
56.4%
56.4%
56.4%
56.5%
56.5%
56.5%
56.5%
56.6%
56.6%
56.6%
56.6%
56.7%
56.7%
56.7%
56.7%
56.7%
56.8%
56.8%
56.8%
56.8%
56.9%
56.9%
56.9%
56.9%
57.0%
57.0%
57.0%
57.0%
57.1%
57.1%
57.1%
57.1%
57.1%
57.2%
57.2%
57.2%
57.2%
57.3%
57.3%
57.3%
57.3%
57.4%
57.4%
57.4%
57.4%
57.5%
57.5%
57.5%
57.5%
57.6%
57.6%
57.6%
57.6%
57.6%
57.7%
57.7%
57.7%
57.7%
57.8%
57.8%
57.8%
57.8%
57.9%
57.9%
57.9%
57.9%
58.0%
58.0%
58.0%
58.0%
58.0%
58.1%
58.1%
58.1%
58.1%
58.2%
58.2%
58.2%
58.2%
58.3%
58.3%
58.3%
58.3%
58.4%
58.4%
58.4%
58.4%
58.5%
58.5%
58.5%
58.5%
58.5%
58.6%
58.6%
58.6%
58.6%
58.7%
58.7%
58.7%
58.7%
58.8%
58.8%
58.8%
58.8%
58.9%
58.9%
58.9%
58.9%
58.9%
59.0%
59.0%
59.0%
59.0%
59.1%
59.1%
59.1%
59.1%
59.2%
59.2%
59.2%
59.2%
59.3%
59.3%
59.3%
59.3%
59.4%
59.4%
59.4%
59.4%
59.4%
59.5%
59.5%
59.5%
59.5%
59.6%
59.6%
59.6%
59.6%
59.7%
59.7%
59.7%
59.7%
59.8%
59.8%
59.8%
59.8%
59.8%
59.9%
59.9%
59.9%
59.9%
60.0%
60.0%
60.0%
60.0%
60.1%
60.1%
60.1%
60.1%
60.2%
60.2%
60.2%
60.2%
60.3%
60.3%
60.3%
60.3%
60.3%
60.4%
60.4%
60.4%
60.4%
60.5%
60.5%
60.5%
60.5%
60.6%
60.6%
60.6%
60.6%
60.7%
60.7%
60.7%
60.7%
60.7%
60.8%
60.8%
60.8%
60.8%
60.9%
60.9%
60.9%
60.9%
61.0%
61.0%
61.0%
61.0%
61.1%
61.1%
61.1%
61.1%
61.2%
61.2%
61.2%
61.2%
61.2%
61.3%
61.3%
61.3%
61.3%
61.4%
61.4%
61.4%
61.4%
61.5%
61.5%
61.5%
61.5%
61.6%
61.6%
61.6%
61.6%
61.6%
61.7%
61.7%
61.7%
61.7%
61.8%
61.8%
61.8%
61.8%
61.9%
61.9%
61.9%
61.9%
62.0%
62.0%
62.0%
62.0%
62.1%
62.1%
62.1%
62.1%
62.1%
62.2%
62.2%
62.2%
62.2%
62.3%
62.3%
62.3%
62.3%
62.4%
62.4%
62.4%
62.4%
62.5%
62.5%
62.5%
62.5%
62.5%
62.6%
62.6%
62.6%
62.6%
62.7%
62.7%
62.7%
62.7%
62.8%
62.8%
62.8%
62.8%
62.9%
62.9%
62.9%
62.9%
63.0%
63.0%
63.0%
63.0%
63.0%
63.1%
63.1%
63.1%
63.1%
63.2%
63.2%
63.2%
63.2%
63.3%
63.3%
63.3%
63.3%
63.4%
63.4%
63.4%
63.4%
63.4%
63.5%
63.5%
63.5%
63.5%
63.6%
63.6%
63.6%
63.6%
63.7%
63.7%
63.7%
63.7%
63.8%
63.8%
63.8%
63.8%
63.9%
63.9%
63.9%
63.9%
63.9%
64.0%
64.0%
64.0%
64.0%
64.1%
64.1%
64.1%
64.1%
64.2%
64.2%
64.2%
64.2%
64.3%
64.3%
64.3%
64.3%
64.3%
64.4%
64.4%
64.4%
64.4%
64.5%
64.5%
64.5%
64.5%
64.6%
64.6%
64.6%
64.6%
64.7%
64.7%
64.7%
64.7%
64.8%
64.8%
64.8%
64.8%
64.8%
64.9%
64.9%
64.9%
64.9%
65.0%
65.0%
65.0%
65.0%
65.1%
65.1%
65.1%
65.1%
65.2%
65.2%
65.2%
65.2%
65.2%
65.3%
65.3%
65.3%
65.3%
65.4%
65.4%
65.4%
65.4%
65.5%
65.5%
65.5%
65.5%
65.6%
65.6%
65.6%
65.6%
65.7%
65.7%
65.7%
65.7%
65.7%
65.8%
65.8%
65.8%
65.8%
65.9%
65.9%
65.9%
65.9%
66.0%
66.0%
66.0%
66.0%
66.1%
66.1%
66.1%
66.1%
66.1%
66.2%
66.2%
66.2%
66.2%
66.3%
66.3%
66.3%
66.3%
66.4%
66.4%
66.4%
66.4%
66.5%
66.5%
66.5%
66.5%
66.6%
66.6%
66.6%
66.6%
66.6%
66.7%
66.7%
66.7%
66.7%
66.8%
66.8%
66.8%
66.8%
66.9%
66.9%
66.9%
66.9%
67.0%
67.0%
67.0%
67.0%
67.0%
67.1%
67.1%
67.1%
67.1%
67.2%
67.2%
67.2%
67.2%
67.3%
67.3%
67.3%
67.3%
67.4%
67.4%
67.4%
67.4%
67.5%
67.5%
67.5%
67.5%
67.5%
67.6%
67.6%
67.6%
67.6%
67.7%
67.7%
67.7%
67.7%
67.8%
67.8%
67.8%
67.8%
67.9%
67.9%
67.9%
67.9%
67.9%
68.0%
68.0%
68.0%
68.0%
68.1%
68.1%
68.1%
68.1%
68.2%
68.2%
68.2%
68.2%
68.3%
68.3%
68.3%
68.3%
68.4%
68.4%
68.4%
68.4%
68.4%
68.5%
68.5%
68.5%
68.5%
68.6%
68.6%
68.6%
68.6%
68.7%
68.7%
68.7%
68.7%
68.8%
68.8%
68.8%
68.8%
68.8%
68.9%
68.9%
68.9%
68.9%
69.0%
69.0%
69.0%
69.0%
69.1%
69.1%
69.1%
69.1%
69.2%
69.2%
69.2%
69.2%
69.3%
69.3%
69.3%
69.3%
69.3%
69.4%
69.4%
69.4%
69.4%
69.5%
69.5%
69.5%
69.5%
69.6%
69.6%
69.6%
69.6%
69.7%
69.7%
69.7%
69.7%
69.7%
69.8%
69.8%
69.8%
69.8%
69.9%
69.9%
69.9%
69.9%
70.0%
70.0%
70.0%
70.0%
70.1%
70.1%
70.1%
70.1%
70.2%
70.2%
70.2%
70.2%
70.2%
70.3%
70.3%
70.3%
70.3%
70.4%
70.4%
70.4%
70.4%
70.5%
70.5%
70.5%
70.5%
70.6%
70.6%
70.6%
70.6%
70.6%
70.7%
70.7%
70.7%
70.7%
70.8%
70.8%
70.8%
70.8%
70.9%
70.9%
70.9%
70.9%
71.0%
71.0%
71.0%
71.0%
71.1%
71.1%
71.1%
71.1%
71.1%
71.2%
71.2%
71.2%
71.2%
71.3%
71.3%
71.3%
71.3%
71.4%
71.4%
71.4%
71.4%
71.5%
71.5%
71.5%
71.5%
71.5%
71.6%
71.6%
71.6%
71.6%
71.7%
71.7%
71.7%
71.7%
71.8%
71.8%
71.8%
71.8%
71.9%
71.9%
71.9%
71.9%
72.0%
72.0%
72.0%
72.0%
72.0%
72.1%
72.1%
72.1%
72.1%
72.2%
72.2%
72.2%
72.2%
72.3%
72.3%
72.3%
72.3%
72.4%
72.4%
72.4%
72.4%
72.4%
72.5%
72.5%
72.5%
72.5%
72.6%
72.6%
72.6%
72.6%
72.7%
72.7%
72.7%
72.7%
72.8%
72.8%
72.8%
72.8%
72.9%
72.9%
72.9%
72.9%
72.9%
73.0%
73.0%
73.0%
73.0%
73.1%
73.1%
73.1%
73.1%
73.2%
73.2%
73.2%
73.2%
73.3%
73.3%
73.3%
73.3%
73.3%
73.4%
73.4%
73.4%
73.4%
73.5%
73.5%
73.5%
73.5%
73.6%
73.6%
73.6%
73.6%
73.7%
73.7%
73.7%
73.7%
73.8%
73.8%
73.8%
73.8%
73.8%
73.9%
73.9%
73.9%
73.9%
74.0%
74.0%
74.0%
74.0%
74.1%
74.1%
74.1%
74.1%
74.2%
74.2%
74.2%
74.2%
74.2%
74.3%
74.3%
74.3%
74.3%
74.4%
74.4%
74.4%
74.4%
74.5%
74.5%
74.5%
74.5%
74.6%
74.6%
74.6%
74.6%
74.7%
74.7%
74.7%
74.7%
74.7%
74.8%
74.8%
74.8%
74.8%
74.9%
74.9%
74.9%
74.9%
75.0%
75.0%
75.0%
75.0%
75.1%
75.1%
75.1%
75.1%
75.1%
75.2%
75.2%
75.2%
75.2%
75.3%
75.3%
75.3%
75.3%
75.4%
75.4%
75.4%
75.4%
75.5%
75.5%
75.5%
75.5%
75.6%
75.6%
75.6%
75.6%
75.6%
75.7%
75.7%
75.7%
75.7%
75.8%
75.8%
75.8%
75.8%
75.9%
75.9%
75.9%
75.9%
76.0%
76.0%
76.0%
76.0%
76.0%
76.1%
76.1%
76.1%
76.1%
76.2%
76.2%
76.2%
76.2%
76.3%
76.3%
76.3%
76.3%
76.4%
76.4%
76.4%
76.4%
76.5%
76.5%
76.5%
76.5%
76.5%
76.6%
76.6%
76.6%
76.6%
76.7%
76.7%
76.7%
76.7%
76.8%
76.8%
76.8%
76.8%
76.9%
76.9%
76.9%
76.9%
76.9%
77.0%
77.0%
77.0%
77.0%
77.1%
77.1%
77.1%
77.1%
77.2%
77.2%
77.2%
77.2%
77.3%
77.3%
77.3%
77.3%
77.4%
77.4%
77.4%
77.4%
77.4%
77.5%
77.5%
77.5%
77.5%
77.6%
77.6%
77.6%
77.6%
77.7%
77.7%
77.7%
77.7%
77.8%
77.8%
77.8%
77.8%
77.8%
77.9%
77.9%
77.9%
77.9%
78.0%
78.0%
78.0%
78.0%
78.1%
78.1%
78.1%
78.1%
78.2%
78.2%
78.2%
78.2%
78.2%
78.3%
78.3%
78.3%
78.3%
78.4%
78.4%
78.4%
78.4%
78.5%
78.5%
78.5%
78.5%
78.6%
78.6%
78.6%
78.6%
78.7%
78.7%
78.7%
78.7%
78.7%
78.8%
78.8%
78.8%
78.8%
78.9%
78.9%
78.9%
78.9%
79.0%
79.0%
79.0%
79.0%
79.1%
79.1%
79.1%
79.1%
79.1%
79.2%
79.2%
79.2%
79.2%
79.3%
79.3%
79.3%
79.3%
79.4%
79.4%
79.4%
79.4%
79.5%
79.5%
79.5%
79.5%
79.6%
79.6%
79.6%
79.6%
79.6%
79.7%
79.7%
79.7%
79.7%
79.8%
79.8%
79.8%
79.8%
79.9%
79.9%
79.9%
79.9%
80.0%
80.0%
80.0%
80.0%
80.0%
80.1%
80.1%
80.1%
80.1%
80.2%
80.2%
80.2%
80.2%
80.3%
80.3%
80.3%
80.3%
80.4%
80.4%
80.4%
80.4%
80.5%
80.5%
80.5%
80.5%
80.5%
80.6%
80.6%
80.6%
80.6%
80.7%
80.7%
80.7%
80.7%
80.8%
80.8%
80.8%
80.8%
80.9%
80.9%
80.9%
80.9%
80.9%
81.0%
81.0%
81.0%
81.0%
81.1%
81.1%
81.1%
81.1%
81.2%
81.2%
81.2%
81.2%
81.3%
81.3%
81.3%
81.3%
81.4%
81.4%
81.4%
81.4%
81.4%
81.5%
81.5%
81.5%
81.5%
81.6%
81.6%
81.6%
81.6%
81.7%
81.7%
81.7%
81.7%
81.8%
81.8%
81.8%
81.8%
81.8%
81.9%
81.9%
81.9%
81.9%
82.0%
82.0%
82.0%
82.0%
82.1%
82.1%
82.1%
82.1%
82.2%
82.2%
82.2%
82.2%
82.3%
82.3%
82.3%
82.3%
82.3%
82.4%
82.4%
82.4%
82.4%
82.5%
82.5%
82.5%
82.5%
82.6%
82.6%
82.6%
82.6%
82.7%
82.7%
82.7%
82.7%
82.7%
82.8%
82.8%
82.8%
82.8%
82.9%
82.9%
82.9%
82.9%
83.0%
83.0%
83.0%
83.0%
83.1%
83.1%
83.1%
83.1%
83.2%
83.2%
83.2%
83.2%
83.2%
83.3%
83.3%
83.3%
83.3%
83.4%
83.4%
83.4%
83.4%
83.5%
83.5%
83.5%
83.5%
83.6%
83.6%
83.6%
83.6%
83.6%
83.7%
83.7%
83.7%
83.7%
83.8%
83.8%
83.8%
83.8%
83.9%
83.9%
83.9%
83.9%
84.0%
84.0%
84.0%
84.0%
84.1%
84.1%
84.1%
84.1%
84.1%
84.2%
84.2%
84.2%
84.2%
84.3%
84.3%
84.3%
84.3%
84.4%
84.4%
84.4%
84.4%
84.5%
84.5%
84.5%
84.5%
84.5%
84.6%
84.6%
84.6%
84.6%
84.7%
84.7%
84.7%
84.7%
84.8%
84.8%
84.8%
84.8%
84.9%
84.9%
84.9%
84.9%
85.0%
85.0%
85.0%
85.0%
85.0%
85.1%
85.1%
85.1%
85.1%
85.2%
85.2%
85.2%
85.2%
85.3%
85.3%
85.3%
85.3%
85.4%
85.4%
85.4%
85.4%
85.4%
85.5%
85.5%
85.5%
85.5%
85.6%
85.6%
85.6%
85.6%
85.7%
85.7%
85.7%
85.7%
85.8%
85.8%
85.8%
85.8%
85.9%
85.9%
85.9%
85.9%
85.9%
86.0%
86.0%
86.0%
86.0%
86.1%
86.1%
86.1%
86.1%
86.2%
86.2%
86.2%
86.2%
86.3%
86.3%
86.3%
86.3%
86.3%
86.4%
86.4%
86.4%
86.4%
86.5%
86.5%
86.5%
86.5%
86.6%
86.6%
86.6%
86.6%
86.7%
86.7%
86.7%
86.7%
86.8%
86.8%
86.8%
86.8%
86.8%
86.9%
86.9%
86.9%
86.9%
87.0%
87.0%
87.0%
87.0%
87.1%
87.1%
87.1%
87.1%
87.2%
87.2%
87.2%
87.2%
87.2%
87.3%
87.3%
87.3%
87.3%
87.4%
87.4%
87.4%
87.4%
87.5%
87.5%
87.5%
87.5%
87.6%
87.6%
87.6%
87.6%
87.7%
87.7%
87.7%
87.7%
87.7%
87.8%
87.8%
87.8%
87.8%
87.9%
87.9%
87.9%
87.9%
88.0%
88.0%
88.0%
88.0%
88.1%
88.1%
88.1%
88.1%
88.1%
88.2%
88.2%
88.2%
88.2%
88.3%
88.3%
88.3%
88.3%
88.4%
88.4%
88.4%
88.4%
88.5%
88.5%
88.5%
88.5%
88.6%
88.6%
88.6%
88.6%
88.6%
88.7%
88.7%
88.7%
88.7%
88.8%
88.8%
88.8%
88.8%
88.9%
88.9%
88.9%
88.9%
89.0%
89.0%
89.0%
89.0%
89.0%
89.1%
89.1%
89.1%
89.1%
89.2%
89.2%
89.2%
89.2%
89.3%
89.3%
89.3%
89.3%
89.4%
89.4%
89.4%
89.4%
89.5%
89.5%
89.5%
89.5%
89.5%
89.6%
89.6%
89.6%
89.6%
89.7%
89.7%
89.7%
89.7%
89.8%
89.8%
89.8%
89.8%
89.9%
89.9%
89.9%
89.9%
89.9%
90.0%
90.0%
90.0%
90.0%
90.1%
90.1%
90.1%
90.1%
90.2%
90.2%
90.2%
90.2%
90.3%
90.3%
90.3%
90.3%
90.4%
90.4%
90.4%
90.4%
90.4%
90.5%
90.5%
90.5%
90.5%
90.6%
90.6%
90.6%
90.6%
90.7%
90.7%
90.7%
90.7%
90.8%
90.8%
90.8%
90.8%
90.8%
90.9%
90.9%
90.9%
90.9%
91.0%
91.0%
91.0%
91.0%
91.1%
91.1%
91.1%
91.1%
91.2%
91.2%
91.2%
91.2%
91.3%
91.3%
91.3%
91.3%
91.3%
91.4%
91.4%
91.4%
91.4%
91.5%
91.5%
91.5%
91.5%
91.6%
91.6%
91.6%
91.6%
91.7%
91.7%
91.7%
91.7%
91.7%
91.8%
91.8%
91.8%
91.8%
91.9%
91.9%
91.9%
91.9%
92.0%
92.0%
92.0%
92.0%
92.1%
92.1%
92.1%
92.1%
92.2%
92.2%
92.2%
92.2%
92.2%
92.3%
92.3%
92.3%
92.3%
92.4%
92.4%
92.4%
92.4%
92.5%
92.5%
92.5%
92.5%
92.6%
92.6%
92.6%
92.6%
92.6%
92.7%
92.7%
92.7%
92.7%
92.8%
92.8%
92.8%
92.8%
92.9%
92.9%
92.9%
92.9%
93.0%
93.0%
93.0%
93.0%
93.1%
93.1%
93.1%
93.1%
93.1%
93.2%
93.2%
93.2%
93.2%
93.3%
93.3%
93.3%
93.3%
93.4%
93.4%
93.4%
93.4%
93.5%
93.5%
93.5%
93.5%
93.5%
93.6%
93.6%
93.6%
93.6%
93.7%
93.7%
93.7%
93.7%
93.8%
93.8%
93.8%
93.8%
93.9%
93.9%
93.9%
93.9%
94.0%
94.0%
94.0%
94.0%
94.0%
94.1%
94.1%
94.1%
94.1%
94.2%
94.2%
94.2%
94.2%
94.3%
94.3%
94.3%
94.3%
94.4%
94.4%
94.4%
94.4%
94.4%
94.5%
94.5%
94.5%
94.5%
94.6%
94.6%
94.6%
94.6%
94.7%
94.7%
94.7%
94.7%
94.8%
94.8%
94.8%
94.8%
94.9%
94.9%
94.9%
94.9%
94.9%
95.0%
95.0%
95.0%
95.0%
95.1%
95.1%
95.1%
95.1%
95.2%
95.2%
95.2%
95.2%
95.3%
95.3%
95.3%
95.3%
95.3%
95.4%
95.4%
95.4%
95.4%
95.5%
95.5%
95.5%
95.5%
95.6%
95.6%
95.6%
95.6%
95.7%
95.7%
95.7%
95.7%
95.8%
95.8%
95.8%
95.8%
95.8%
95.9%
95.9%
95.9%
95.9%
96.0%
96.0%
96.0%
96.0%
96.1%
96.1%
96.1%
96.1%
96.2%
96.2%
96.2%
96.2%
96.2%
96.3%
96.3%
96.3%
96.3%
96.4%
96.4%
96.4%
96.4%
96.5%
96.5%
96.5%
96.5%
96.6%
96.6%
96.6%
96.6%
96.7%
96.7%
96.7%
96.7%
96.7%
96.8%
96.8%
96.8%
96.8%
96.9%
96.9%
96.9%
96.9%
97.0%
97.0%
97.0%
97.0%
97.1%
97.1%
97.1%
97.1%
97.1%
97.2%
97.2%
97.2%
97.2%
97.3%
97.3%
97.3%
97.3%
97.4%
97.4%
97.4%
97.4%
97.5%
97.5%
97.5%
97.5%
97.6%
97.6%
97.6%
97.6%
97.6%
97.7%
97.7%
97.7%
97.7%
97.8%
97.8%
97.8%
97.8%
97.9%
97.9%
97.9%
97.9%
98.0%
98.0%
98.0%
98.0%
98.0%
98.1%
98.1%
98.1%
98.1%
98.2%
98.2%
98.2%
98.2%
98.3%
98.3%
98.3%
98.3%
98.4%
98.4%
98.4%
98.4%
98.5%
98.5%
98.5%
98.5%
98.5%
98.6%
98.6%
98.6%
98.6%
98.7%
98.7%
98.7%
98.7%
98.8%
98.8%
98.8%
98.8%
98.9%
98.9%
98.9%
98.9%
98.9%
99.0%
99.0%
99.0%
99.0%
99.1%
99.1%
99.1%
99.1%
99.2%
99.2%
99.2%
99.2%
99.3%
99.3%
99.3%
99.3%
99.4%
99.4%
99.4%
99.4%
99.4%
99.5%
99.5%
99.5%
99.5%
99.6%
99.6%
99.6%
99.6%
99.7%
99.7%
99.7%
99.7%
99.8%
99.8%
99.8%
99.8%
99.8%
99.9%
99.9%
99.9%
99.9%
100.0%
100.0%
100.0%
/kaggle/working/GenCP/models/base_model.py:123: UserWarning: Detected call of `lr_scheduler.step()` before `optimizer.step()`. In PyTorch 1.1.0 and later, you should call them in the opposite order: `optimizer.step()` before `lr_scheduler.step()`.  Failure to do this will result in PyTorch skipping the first value of the learning rate schedule. See more details at https://pytorch.org/docs/stable/optim.html#how-to-adjust-learning-rate
  scheduler.step()
Warning: wandb package cannot be found. The option "--use_wandb" will result in error.
----------------- Options ---------------
                    LPIPS: False                         
               batch_size: 4                                    [default: 1]
                    beta1: 0.5                           
          checkpoints_dir: /kaggle/working/checkpoints          [default: ./checkpoints]
           continue_train: True                                 [default: False]
                crop_size: 256                           
                 dataroot: /kaggle/working/GenCP/datasets/tr    [default: None]
             dataset_mode: aligned                       
                direction: BtoA                                 [default: AtoB]
              display_env: main                          
             display_freq: 400                           
               display_id: -1                                   [default: 1]
            display_ncols: 4                             
             display_port: 8097                          
           display_server: http://localhost              
          display_winsize: 256                           
                    epoch: latest                        
              epoch_count: 1                             
                 gan_mode: vanilla                       
                  gpu_ids: 0                             
                init_gain: 0.02                          
                init_type: normal                        
                 input_nc: 3                             
                  isTrain: True                                 [default: None]
                lambda_L1: 100.0                         
                load_iter: 0                                    [default: 0]
                load_size: 286                           
                       lr: 2e-05                                [default: 0.0002]
           lr_decay_iters: 50                            
                lr_policy: step                                 [default: linear]
         max_dataset_size: inf                           
                    model: pix2pix                              [default: cycle_gan]
                 n_epochs: 2                                    [default: 100]
           n_epochs_decay: 0                                    [default: 100]
               n_layers_D: 3                             
                     name: C1                                   [default: experiment_name]
                      ndf: 64                            
                     netD: basic                         
                     netG: unet_256                      
                      ngf: 64                            
               no_dropout: False                         
                  no_flip: False                         
                  no_html: False                         
                     norm: batch                         
              num_threads: 4                             
                output_nc: 3                             
                    phase: train                         
                pool_size: 0                             
               preprocess: resize_and_crop               
               print_freq: 10                                   [default: 100]
             save_by_iter: False                         
          save_epoch_freq: 1                                    [default: 5]
         save_latest_freq: 5000                          
           serial_batches: False                         
                   suffix:                               
         update_html_freq: 1000                          
                use_wandb: False                         
                  verbose: False                         
       wandb_project_name: CycleGAN-and-pix2pix          
----------------- End -------------------
dataset [AlignedDataset] was created
The number of training images = 5577
initialize network with normal
initialize network with normal
Downloading: "https://download.pytorch.org/models/vgg16-397923af.pth" to /root/.cache/torch/hub/checkpoints/vgg16-397923af.pth
model [Pix2PixModel] was created
loading the model from /kaggle/working/checkpoints/C1/latest_net_G.pth
loading the model from /kaggle/working/checkpoints/C1/latest_net_D.pth
---------- Networks initialized -------------
[Network G] Total number of parameters : 54.414 M
[Network D] Total number of parameters : 2.769 M
-----------------------------------------------
create web directory /kaggle/working/checkpoints/C1/web...
learning rate 0.0000200 -> 0.0000200
/kaggle/working/GenCP/models/base_model.py:141: UserWarning: Converting a tensor with requires_grad=True to a scalar may lead to unexpected behavior.
Consider using tensor.detach() first. (Triggered internally at /pytorch/torch/csrc/autograd/generated/python_variable_methods.cpp:836.)
  errors_ret[name] = float(getattr(self, 'loss_' + name))  # float(...) works for both scalar tensor and float number
(epoch: 1, iters: 20, time: 0.027, data: 0.371) G_GAN: 1.040 G_L1: 42.950 D_real: 1.084 D_fake: 0.570 
(epoch: 1, iters: 40, time: 0.027, data: 0.001) G_GAN: 0.909 G_L1: 44.701 D_real: 0.938 D_fake: 0.647 
(epoch: 1, iters: 60, time: 0.027, data: 0.003) G_GAN: 0.827 G_L1: 34.670 D_real: 0.836 D_fake: 0.702 
(epoch: 1, iters: 80, time: 0.027, data: 0.002) G_GAN: 0.799 G_L1: 41.435 D_real: 0.775 D_fake: 0.722 
(epoch: 1, iters: 100, time: 0.027, data: 0.002) G_GAN: 0.730 G_L1: 29.289 D_real: 0.726 D_fake: 0.756 
(epoch: 1, iters: 120, time: 0.027, data: 0.003) G_GAN: 0.775 G_L1: 36.935 D_real: 0.728 D_fake: 0.712 
(epoch: 1, iters: 140, time: 0.027, data: 0.003) G_GAN: 0.793 G_L1: 53.845 D_real: 0.687 D_fake: 0.783 
(epoch: 1, iters: 160, time: 0.028, data: 0.002) G_GAN: 0.755 G_L1: 40.192 D_real: 0.703 D_fake: 0.766 
(epoch: 1, iters: 180, time: 0.027, data: 0.002) G_GAN: 0.803 G_L1: 40.217 D_real: 0.677 D_fake: 0.755 
(epoch: 1, iters: 200, time: 0.027, data: 0.003) G_GAN: 0.762 G_L1: 43.947 D_real: 0.691 D_fake: 0.725 
(epoch: 1, iters: 220, time: 0.027, data: 0.002) G_GAN: 0.738 G_L1: 37.828 D_real: 0.703 D_fake: 0.773 
(epoch: 1, iters: 240, time: 0.027, data: 0.003) G_GAN: 0.779 G_L1: 33.461 D_real: 0.713 D_fake: 0.704 
(epoch: 1, iters: 260, time: 0.027, data: 0.002) G_GAN: 0.804 G_L1: 36.432 D_real: 0.687 D_fake: 0.678 
(epoch: 1, iters: 280, time: 0.027, data: 0.003) G_GAN: 0.842 G_L1: 26.904 D_real: 0.736 D_fake: 0.640 
(epoch: 1, iters: 300, time: 0.027, data: 0.002) G_GAN: 0.872 G_L1: 34.488 D_real: 0.667 D_fake: 0.622 
(epoch: 1, iters: 320, time: 0.027, data: 0.002) G_GAN: 0.794 G_L1: 40.769 D_real: 0.627 D_fake: 0.707 
(epoch: 1, iters: 340, time: 0.027, data: 0.002) G_GAN: 0.789 G_L1: 29.352 D_real: 0.629 D_fake: 0.671 
(epoch: 1, iters: 360, time: 0.027, data: 0.003) G_GAN: 0.824 G_L1: 41.800 D_real: 0.594 D_fake: 0.653 
(epoch: 1, iters: 380, time: 0.027, data: 0.003) G_GAN: 1.034 G_L1: 31.505 D_real: 0.641 D_fake: 0.513 
(epoch: 1, iters: 400, time: 0.043, data: 0.003) G_GAN: 0.731 G_L1: 28.325 D_real: 0.685 D_fake: 0.751 
(epoch: 1, iters: 420, time: 0.027, data: 0.002) G_GAN: 0.849 G_L1: 29.409 D_real: 0.607 D_fake: 0.619 
(epoch: 1, iters: 440, time: 0.027, data: 0.002) G_GAN: 0.747 G_L1: 29.534 D_real: 0.686 D_fake: 0.719 
(epoch: 1, iters: 460, time: 0.027, data: 0.003) G_GAN: 0.951 G_L1: 35.556 D_real: 0.595 D_fake: 0.576 
(epoch: 1, iters: 480, time: 0.027, data: 0.002) G_GAN: 0.899 G_L1: 28.780 D_real: 0.632 D_fake: 0.575 
(epoch: 1, iters: 500, time: 0.027, data: 0.003) G_GAN: 1.033 G_L1: 35.471 D_real: 0.617 D_fake: 0.490 
(epoch: 1, iters: 520, time: 0.027, data: 0.002) G_GAN: 0.888 G_L1: 35.639 D_real: 0.552 D_fake: 0.606 
(epoch: 1, iters: 540, time: 0.028, data: 0.002) G_GAN: 0.897 G_L1: 40.716 D_real: 0.559 D_fake: 0.614 
(epoch: 1, iters: 560, time: 0.027, data: 0.002) G_GAN: 1.075 G_L1: 36.954 D_real: 0.534 D_fake: 0.477 
(epoch: 1, iters: 580, time: 0.028, data: 0.002) G_GAN: 0.955 G_L1: 26.251 D_real: 0.632 D_fake: 0.566 
(epoch: 1, iters: 600, time: 0.027, data: 0.002) G_GAN: 0.926 G_L1: 28.656 D_real: 0.686 D_fake: 0.569 
(epoch: 1, iters: 620, time: 0.027, data: 0.002) G_GAN: 0.995 G_L1: 37.071 D_real: 0.497 D_fake: 0.534 
(epoch: 1, iters: 640, time: 0.027, data: 0.003) G_GAN: 0.899 G_L1: 36.820 D_real: 0.525 D_fake: 0.622 
(epoch: 1, iters: 660, time: 0.027, data: 0.002) G_GAN: 1.032 G_L1: 31.237 D_real: 0.572 D_fake: 0.545 
(epoch: 1, iters: 680, time: 0.028, data: 0.002) G_GAN: 0.671 G_L1: 40.767 D_real: 0.482 D_fake: 0.930 
(epoch: 1, iters: 700, time: 0.027, data: 0.002) G_GAN: 1.144 G_L1: 44.770 D_real: 0.492 D_fake: 0.450 
(epoch: 1, iters: 720, time: 0.028, data: 0.003) G_GAN: 0.958 G_L1: 31.939 D_real: 0.494 D_fake: 0.550 
(epoch: 1, iters: 740, time: 0.028, data: 0.002) G_GAN: 0.992 G_L1: 36.291 D_real: 0.429 D_fake: 0.547 
(epoch: 1, iters: 760, time: 0.027, data: 0.003) G_GAN: 1.031 G_L1: 36.355 D_real: 0.403 D_fake: 0.543 
(epoch: 1, iters: 780, time: 0.028, data: 0.002) G_GAN: 0.790 G_L1: 33.681 D_real: 0.525 D_fake: 0.739 
(epoch: 1, iters: 800, time: 0.027, data: 0.002) G_GAN: 1.107 G_L1: 30.444 D_real: 0.623 D_fake: 0.543 
(epoch: 1, iters: 820, time: 0.027, data: 0.002) G_GAN: 1.142 G_L1: 37.800 D_real: 0.396 D_fake: 0.448 
(epoch: 1, iters: 840, time: 0.027, data: 0.002) G_GAN: 0.917 G_L1: 28.072 D_real: 0.419 D_fake: 0.585 
(epoch: 1, iters: 860, time: 0.027, data: 0.002) G_GAN: 1.064 G_L1: 31.460 D_real: 0.427 D_fake: 0.497 
(epoch: 1, iters: 880, time: 0.027, data: 0.003) G_GAN: 1.022 G_L1: 31.342 D_real: 0.496 D_fake: 0.534 
(epoch: 1, iters: 900, time: 0.027, data: 0.002) G_GAN: 0.901 G_L1: 29.498 D_real: 0.485 D_fake: 0.616 
(epoch: 1, iters: 920, time: 0.027, data: 0.002) G_GAN: 1.301 G_L1: 19.555 D_real: 0.550 D_fake: 0.373 
(epoch: 1, iters: 940, time: 0.027, data: 0.003) G_GAN: 1.528 G_L1: 32.062 D_real: 0.374 D_fake: 0.293 
(epoch: 1, iters: 960, time: 0.027, data: 0.002) G_GAN: 1.485 G_L1: 22.345 D_real: 0.532 D_fake: 0.330 
(epoch: 1, iters: 980, time: 0.027, data: 0.003) G_GAN: 0.968 G_L1: 24.307 D_real: 0.517 D_fake: 0.536 
(epoch: 1, iters: 1000, time: 0.027, data: 0.003) G_GAN: 1.390 G_L1: 34.411 D_real: 0.310 D_fake: 0.364 
(epoch: 1, iters: 1020, time: 0.027, data: 0.003) G_GAN: 1.188 G_L1: 29.932 D_real: 0.940 D_fake: 0.427 
(epoch: 1, iters: 1040, time: 0.027, data: 0.002) G_GAN: 0.591 G_L1: 29.914 D_real: 0.266 D_fake: 0.991 
(epoch: 1, iters: 1060, time: 0.027, data: 0.003) G_GAN: 1.481 G_L1: 39.463 D_real: 0.300 D_fake: 0.312 
(epoch: 1, iters: 1080, time: 0.027, data: 0.003) G_GAN: 2.515 G_L1: 30.763 D_real: 0.415 D_fake: 0.098 
(epoch: 1, iters: 1100, time: 0.027, data: 0.002) G_GAN: 1.950 G_L1: 28.879 D_real: 0.370 D_fake: 0.168 
(epoch: 1, iters: 1120, time: 0.027, data: 0.002) G_GAN: 1.456 G_L1: 25.245 D_real: 0.611 D_fake: 0.296 
(epoch: 1, iters: 1140, time: 0.027, data: 0.002) G_GAN: 1.833 G_L1: 35.410 D_real: 0.410 D_fake: 0.208 
(epoch: 1, iters: 1160, time: 0.027, data: 0.003) G_GAN: 1.724 G_L1: 33.393 D_real: 0.295 D_fake: 0.272 
(epoch: 1, iters: 1180, time: 0.027, data: 0.003) G_GAN: 1.548 G_L1: 33.076 D_real: 0.258 D_fake: 0.305 
(epoch: 1, iters: 1200, time: 0.027, data: 0.003) G_GAN: 1.279 G_L1: 26.957 D_real: 0.481 D_fake: 0.397 
(epoch: 1, iters: 1220, time: 0.027, data: 0.002) G_GAN: 1.778 G_L1: 26.931 D_real: 0.263 D_fake: 0.238 
(epoch: 1, iters: 1240, time: 0.027, data: 0.003) G_GAN: 1.694 G_L1: 19.541 D_real: 0.655 D_fake: 0.226 
(epoch: 1, iters: 1260, time: 0.027, data: 0.003) G_GAN: 1.800 G_L1: 38.331 D_real: 0.153 D_fake: 0.223 
(epoch: 1, iters: 1280, time: 0.027, data: 0.003) G_GAN: 0.901 G_L1: 31.210 D_real: 0.215 D_fake: 0.708 
(epoch: 1, iters: 1300, time: 0.027, data: 0.002) G_GAN: 1.873 G_L1: 30.717 D_real: 0.216 D_fake: 0.197 
(epoch: 1, iters: 1320, time: 0.027, data: 0.003) G_GAN: 1.511 G_L1: 19.349 D_real: 0.384 D_fake: 0.342 
(epoch: 1, iters: 1340, time: 0.027, data: 0.003) G_GAN: 1.330 G_L1: 27.727 D_real: 0.255 D_fake: 0.390 
(epoch: 1, iters: 1360, time: 0.027, data: 0.003) G_GAN: 1.470 G_L1: 26.248 D_real: 0.257 D_fake: 0.340 
(epoch: 1, iters: 1380, time: 0.027, data: 0.002) G_GAN: 1.950 G_L1: 30.254 D_real: 0.186 D_fake: 0.189 
(epoch: 1, iters: 1400, time: 0.027, data: 0.003) G_GAN: 2.427 G_L1: 30.773 D_real: 0.199 D_fake: 0.110 
(epoch: 1, iters: 1420, time: 0.027, data: 0.003) G_GAN: 1.941 G_L1: 34.336 D_real: 0.111 D_fake: 0.192 
(epoch: 1, iters: 1440, time: 0.027, data: 0.002) G_GAN: 2.027 G_L1: 28.874 D_real: 0.162 D_fake: 0.209 
(epoch: 1, iters: 1460, time: 0.027, data: 0.002) G_GAN: 1.316 G_L1: 36.606 D_real: 0.102 D_fake: 0.440 
(epoch: 1, iters: 1480, time: 0.027, data: 0.002) G_GAN: 1.922 G_L1: 33.535 D_real: 0.165 D_fake: 0.204 
(epoch: 1, iters: 1500, time: 0.027, data: 0.002) G_GAN: 1.235 G_L1: 25.820 D_real: 0.415 D_fake: 0.493 
(epoch: 1, iters: 1520, time: 0.027, data: 0.002) G_GAN: 2.621 G_L1: 35.784 D_real: 0.195 D_fake: 0.109 
(epoch: 1, iters: 1540, time: 0.027, data: 0.002) G_GAN: 3.104 G_L1: 33.324 D_real: 0.165 D_fake: 0.052 
(epoch: 1, iters: 1560, time: 0.027, data: 0.002) G_GAN: 2.812 G_L1: 33.593 D_real: 0.152 D_fake: 0.065 
(epoch: 1, iters: 1580, time: 0.027, data: 0.002) G_GAN: 0.942 G_L1: 33.095 D_real: 0.128 D_fake: 0.761 
(epoch: 1, iters: 1600, time: 0.027, data: 0.002) G_GAN: 2.124 G_L1: 32.163 D_real: 0.206 D_fake: 0.159 
(epoch: 1, iters: 1620, time: 0.028, data: 0.002) G_GAN: 2.548 G_L1: 31.836 D_real: 0.206 D_fake: 0.103 
(epoch: 1, iters: 1640, time: 0.027, data: 0.003) G_GAN: 1.265 G_L1: 30.680 D_real: 0.218 D_fake: 0.436 
(epoch: 1, iters: 1660, time: 0.027, data: 0.002) G_GAN: 3.519 G_L1: 25.245 D_real: 0.257 D_fake: 0.034 
(epoch: 1, iters: 1680, time: 0.027, data: 0.003) G_GAN: 2.052 G_L1: 36.781 D_real: 0.117 D_fake: 0.175 
(epoch: 1, iters: 1700, time: 0.027, data: 0.002) G_GAN: 1.838 G_L1: 36.269 D_real: 0.094 D_fake: 0.223 
(epoch: 1, iters: 1720, time: 0.027, data: 0.002) G_GAN: 1.758 G_L1: 42.039 D_real: 0.094 D_fake: 0.357 
(epoch: 1, iters: 1740, time: 0.027, data: 0.002) G_GAN: 2.151 G_L1: 25.214 D_real: 0.264 D_fake: 0.151 
(epoch: 1, iters: 1760, time: 0.027, data: 0.002) G_GAN: 2.353 G_L1: 24.175 D_real: 0.238 D_fake: 0.129 
(epoch: 1, iters: 1780, time: 0.028, data: 0.002) G_GAN: 1.729 G_L1: 21.895 D_real: 0.234 D_fake: 0.224 
(epoch: 1, iters: 1800, time: 0.027, data: 0.002) G_GAN: 2.219 G_L1: 33.163 D_real: 0.152 D_fake: 0.155 
(epoch: 1, iters: 1820, time: 0.027, data: 0.002) G_GAN: 1.288 G_L1: 26.836 D_real: 0.281 D_fake: 0.415 
(epoch: 1, iters: 1840, time: 0.027, data: 0.002) G_GAN: 3.631 G_L1: 33.188 D_real: 0.181 D_fake: 0.032 
(epoch: 1, iters: 1860, time: 0.027, data: 0.002) G_GAN: 3.413 G_L1: 30.237 D_real: 0.178 D_fake: 0.040 
(epoch: 1, iters: 1880, time: 0.028, data: 0.002) G_GAN: 3.114 G_L1: 22.947 D_real: 0.467 D_fake: 0.051 
(epoch: 1, iters: 1900, time: 0.027, data: 0.003) G_GAN: 1.711 G_L1: 33.672 D_real: 0.098 D_fake: 0.371 
(epoch: 1, iters: 1920, time: 0.027, data: 0.002) G_GAN: 2.442 G_L1: 24.784 D_real: 0.248 D_fake: 0.099 
(epoch: 1, iters: 1940, time: 0.027, data: 0.002) G_GAN: 2.507 G_L1: 39.703 D_real: 0.063 D_fake: 0.106 
(epoch: 1, iters: 1960, time: 0.027, data: 0.002) G_GAN: 2.167 G_L1: 24.991 D_real: 0.294 D_fake: 0.136 
(epoch: 1, iters: 1980, time: 0.027, data: 0.002) G_GAN: 3.735 G_L1: 30.738 D_real: 0.082 D_fake: 0.028 
(epoch: 1, iters: 2000, time: 0.041, data: 0.002) G_GAN: 3.787 G_L1: 33.195 D_real: 0.060 D_fake: 0.032 
(epoch: 1, iters: 2020, time: 0.027, data: 0.002) G_GAN: 3.553 G_L1: 41.530 D_real: 0.067 D_fake: 0.034 
(epoch: 1, iters: 2040, time: 0.027, data: 0.003) G_GAN: 1.671 G_L1: 17.374 D_real: 0.362 D_fake: 0.318 
(epoch: 1, iters: 2060, time: 0.028, data: 0.003) G_GAN: 3.611 G_L1: 31.069 D_real: 0.116 D_fake: 0.034 
(epoch: 1, iters: 2080, time: 0.027, data: 0.003) G_GAN: 2.675 G_L1: 22.543 D_real: 0.305 D_fake: 0.104 
(epoch: 1, iters: 2100, time: 0.027, data: 0.002) G_GAN: 2.230 G_L1: 36.647 D_real: 0.153 D_fake: 0.175 
(epoch: 1, iters: 2120, time: 0.028, data: 0.003) G_GAN: 3.613 G_L1: 27.200 D_real: 0.153 D_fake: 0.034 
(epoch: 1, iters: 2140, time: 0.028, data: 0.003) G_GAN: 1.716 G_L1: 31.812 D_real: 0.072 D_fake: 0.273 
(epoch: 1, iters: 2160, time: 0.027, data: 0.002) G_GAN: 1.581 G_L1: 23.191 D_real: 0.240 D_fake: 0.278 
(epoch: 1, iters: 2180, time: 0.027, data: 0.003) G_GAN: 2.760 G_L1: 22.967 D_real: 0.375 D_fake: 0.084 
(epoch: 1, iters: 2200, time: 0.027, data: 0.003) G_GAN: 2.731 G_L1: 29.863 D_real: 0.098 D_fake: 0.079 
(epoch: 1, iters: 2220, time: 0.027, data: 0.002) G_GAN: 2.722 G_L1: 34.636 D_real: 0.079 D_fake: 0.119 
(epoch: 1, iters: 2240, time: 0.027, data: 0.003) G_GAN: 1.192 G_L1: 28.762 D_real: 0.139 D_fake: 0.482 
(epoch: 1, iters: 2260, time: 0.027, data: 0.002) G_GAN: 3.053 G_L1: 24.578 D_real: 0.319 D_fake: 0.073 
(epoch: 1, iters: 2280, time: 0.027, data: 0.003) G_GAN: 2.171 G_L1: 35.609 D_real: 0.095 D_fake: 0.133 
(epoch: 1, iters: 2300, time: 0.028, data: 0.002) G_GAN: 1.733 G_L1: 25.538 D_real: 0.210 D_fake: 0.278 
(epoch: 1, iters: 2320, time: 0.027, data: 0.002) G_GAN: 3.977 G_L1: 26.897 D_real: 0.150 D_fake: 0.022 
(epoch: 1, iters: 2340, time: 0.027, data: 0.002) G_GAN: 2.971 G_L1: 26.501 D_real: 0.343 D_fake: 0.056 
(epoch: 1, iters: 2360, time: 0.027, data: 0.004) G_GAN: 3.143 G_L1: 27.281 D_real: 0.287 D_fake: 0.049 
(epoch: 1, iters: 2380, time: 0.027, data: 0.002) G_GAN: 3.774 G_L1: 31.338 D_real: 0.116 D_fake: 0.025 
(epoch: 1, iters: 2400, time: 0.027, data: 0.003) G_GAN: 2.198 G_L1: 23.540 D_real: 0.242 D_fake: 0.132 
(epoch: 1, iters: 2420, time: 0.027, data: 0.002) G_GAN: 3.156 G_L1: 33.995 D_real: 0.069 D_fake: 0.052 
(epoch: 1, iters: 2440, time: 0.027, data: 0.003) G_GAN: 1.750 G_L1: 34.142 D_real: 0.043 D_fake: 0.264 
(epoch: 1, iters: 2460, time: 0.027, data: 0.002) G_GAN: 1.992 G_L1: 32.912 D_real: 0.069 D_fake: 0.190 
(epoch: 1, iters: 2480, time: 0.028, data: 0.002) G_GAN: 2.512 G_L1: 24.471 D_real: 0.301 D_fake: 0.084 
(epoch: 1, iters: 2500, time: 0.027, data: 0.002) G_GAN: 2.677 G_L1: 26.997 D_real: 0.154 D_fake: 0.082 
(epoch: 1, iters: 2520, time: 0.028, data: 0.003) G_GAN: 1.787 G_L1: 25.205 D_real: 0.173 D_fake: 0.228 
(epoch: 1, iters: 2540, time: 0.027, data: 0.002) G_GAN: 2.588 G_L1: 35.010 D_real: 0.047 D_fake: 0.094 
(epoch: 1, iters: 2560, time: 0.027, data: 0.002) G_GAN: 3.762 G_L1: 25.308 D_real: 0.469 D_fake: 0.038 
(epoch: 1, iters: 2580, time: 0.028, data: 0.002) G_GAN: 3.214 G_L1: 28.384 D_real: 0.055 D_fake: 0.056 
(epoch: 1, iters: 2600, time: 0.028, data: 0.003) G_GAN: 2.033 G_L1: 39.583 D_real: 0.065 D_fake: 0.174 
(epoch: 1, iters: 2620, time: 0.027, data: 0.002) G_GAN: 2.115 G_L1: 30.661 D_real: 0.082 D_fake: 0.213 
(epoch: 1, iters: 2640, time: 0.028, data: 0.003) G_GAN: 3.625 G_L1: 35.413 D_real: 0.058 D_fake: 0.030 
(epoch: 1, iters: 2660, time: 0.028, data: 0.002) G_GAN: 2.216 G_L1: 27.047 D_real: 0.100 D_fake: 0.153 
(epoch: 1, iters: 2680, time: 0.028, data: 0.002) G_GAN: 3.215 G_L1: 35.724 D_real: 0.042 D_fake: 0.047 
(epoch: 1, iters: 2700, time: 0.028, data: 0.002) G_GAN: 0.948 G_L1: 33.014 D_real: 0.118 D_fake: 0.822 
(epoch: 1, iters: 2720, time: 0.028, data: 0.003) G_GAN: 4.590 G_L1: 28.856 D_real: 0.392 D_fake: 0.011 
(epoch: 1, iters: 2740, time: 0.028, data: 0.003) G_GAN: 3.068 G_L1: 29.262 D_real: 0.196 D_fake: 0.067 
(epoch: 1, iters: 2760, time: 0.028, data: 0.002) G_GAN: 4.666 G_L1: 37.676 D_real: 0.086 D_fake: 0.011 
(epoch: 1, iters: 2780, time: 0.028, data: 0.002) G_GAN: 2.429 G_L1: 27.287 D_real: 0.087 D_fake: 0.138 
(epoch: 1, iters: 2800, time: 0.028, data: 0.003) G_GAN: 2.870 G_L1: 40.713 D_real: 0.049 D_fake: 0.084 
(epoch: 1, iters: 2820, time: 0.027, data: 0.003) G_GAN: 4.341 G_L1: 36.224 D_real: 0.045 D_fake: 0.015 
(epoch: 1, iters: 2840, time: 0.028, data: 0.003) G_GAN: 4.296 G_L1: 37.220 D_real: 0.039 D_fake: 0.016 
(epoch: 1, iters: 2860, time: 0.028, data: 0.002) G_GAN: 3.022 G_L1: 39.571 D_real: 0.057 D_fake: 0.059 
(epoch: 1, iters: 2880, time: 0.028, data: 0.002) G_GAN: 2.540 G_L1: 27.816 D_real: 0.136 D_fake: 0.094 
(epoch: 1, iters: 2900, time: 0.028, data: 0.002) G_GAN: 2.704 G_L1: 25.561 D_real: 0.059 D_fake: 0.089 
(epoch: 1, iters: 2920, time: 0.028, data: 0.002) G_GAN: 3.366 G_L1: 26.670 D_real: 0.117 D_fake: 0.050 
(epoch: 1, iters: 2940, time: 0.027, data: 0.002) G_GAN: 2.448 G_L1: 29.539 D_real: 0.059 D_fake: 0.123 
(epoch: 1, iters: 2960, time: 0.027, data: 0.003) G_GAN: 3.886 G_L1: 31.519 D_real: 0.078 D_fake: 0.025 
(epoch: 1, iters: 2980, time: 0.028, data: 0.002) G_GAN: 4.027 G_L1: 35.766 D_real: 0.057 D_fake: 0.023 
(epoch: 1, iters: 3000, time: 0.028, data: 0.003) G_GAN: 2.232 G_L1: 24.644 D_real: 0.490 D_fake: 0.095 
(epoch: 1, iters: 3020, time: 0.028, data: 0.002) G_GAN: 4.387 G_L1: 49.334 D_real: 0.022 D_fake: 0.015 
(epoch: 1, iters: 3040, time: 0.027, data: 0.002) G_GAN: 2.610 G_L1: 31.124 D_real: 0.078 D_fake: 0.103 
(epoch: 1, iters: 3060, time: 0.028, data: 0.002) G_GAN: 2.926 G_L1: 28.156 D_real: 0.046 D_fake: 0.067 
(epoch: 1, iters: 3080, time: 0.028, data: 0.003) G_GAN: 3.528 G_L1: 31.147 D_real: 0.125 D_fake: 0.034 
(epoch: 1, iters: 3100, time: 0.028, data: 0.002) G_GAN: 3.599 G_L1: 41.311 D_real: 0.058 D_fake: 0.035 
(epoch: 1, iters: 3120, time: 0.027, data: 0.003) G_GAN: 4.206 G_L1: 34.154 D_real: 0.057 D_fake: 0.017 
(epoch: 1, iters: 3140, time: 0.027, data: 0.002) G_GAN: 2.232 G_L1: 27.104 D_real: 0.226 D_fake: 0.135 
(epoch: 1, iters: 3160, time: 0.028, data: 0.003) G_GAN: 3.115 G_L1: 25.185 D_real: 0.483 D_fake: 0.043 
(epoch: 1, iters: 3180, time: 0.027, data: 0.002) G_GAN: 2.454 G_L1: 31.178 D_real: 0.086 D_fake: 0.112 
(epoch: 1, iters: 3200, time: 0.028, data: 0.002) G_GAN: 1.957 G_L1: 34.313 D_real: 0.032 D_fake: 0.241 
(epoch: 1, iters: 3220, time: 0.028, data: 0.003) G_GAN: 2.629 G_L1: 35.357 D_real: 0.045 D_fake: 0.109 
(epoch: 1, iters: 3240, time: 0.027, data: 0.003) G_GAN: 4.472 G_L1: 44.365 D_real: 0.023 D_fake: 0.013 
(epoch: 1, iters: 3260, time: 0.027, data: 0.003) G_GAN: 2.892 G_L1: 27.042 D_real: 0.552 D_fake: 0.050 
(epoch: 1, iters: 3280, time: 0.027, data: 0.002) G_GAN: 1.214 G_L1: 39.076 D_real: 0.015 D_fake: 0.710 
(epoch: 1, iters: 3300, time: 0.028, data: 0.003) G_GAN: 2.856 G_L1: 49.058 D_real: 0.022 D_fake: 0.074 
(epoch: 1, iters: 3320, time: 0.028, data: 0.003) G_GAN: 2.918 G_L1: 36.605 D_real: 0.028 D_fake: 0.069 
(epoch: 1, iters: 3340, time: 0.028, data: 0.002) G_GAN: 3.106 G_L1: 32.392 D_real: 0.118 D_fake: 0.053 
(epoch: 1, iters: 3360, time: 0.027, data: 0.003) G_GAN: 3.034 G_L1: 28.437 D_real: 0.120 D_fake: 0.053 
(epoch: 1, iters: 3380, time: 0.028, data: 0.002) G_GAN: 3.564 G_L1: 33.397 D_real: 0.032 D_fake: 0.034 
(epoch: 1, iters: 3400, time: 0.028, data: 0.003) G_GAN: 3.446 G_L1: 30.122 D_real: 0.089 D_fake: 0.037 
(epoch: 1, iters: 3420, time: 0.027, data: 0.002) G_GAN: 2.532 G_L1: 42.378 D_real: 0.018 D_fake: 0.104 
(epoch: 1, iters: 3440, time: 0.028, data: 0.002) G_GAN: 3.519 G_L1: 34.893 D_real: 0.121 D_fake: 0.036 
(epoch: 1, iters: 3460, time: 0.028, data: 0.002) G_GAN: 1.998 G_L1: 24.115 D_real: 0.885 D_fake: 0.100 
(epoch: 1, iters: 3480, time: 0.028, data: 0.002) G_GAN: 3.276 G_L1: 38.305 D_real: 0.042 D_fake: 0.056 
(epoch: 1, iters: 3500, time: 0.027, data: 0.003) G_GAN: 2.892 G_L1: 43.068 D_real: 0.032 D_fake: 0.066 
(epoch: 1, iters: 3520, time: 0.028, data: 0.003) G_GAN: 2.971 G_L1: 40.719 D_real: 0.049 D_fake: 0.065 
(epoch: 1, iters: 3540, time: 0.028, data: 0.003) G_GAN: 4.687 G_L1: 37.095 D_real: 0.019 D_fake: 0.012 
(epoch: 1, iters: 3560, time: 0.027, data: 0.002) G_GAN: 4.602 G_L1: 27.237 D_real: 0.088 D_fake: 0.011 
(epoch: 1, iters: 3580, time: 0.027, data: 0.002) G_GAN: 1.720 G_L1: 27.538 D_real: 0.176 D_fake: 0.319 
(epoch: 1, iters: 3600, time: 0.027, data: 0.003) G_GAN: 2.451 G_L1: 26.233 D_real: 0.553 D_fake: 0.079 
(epoch: 1, iters: 3620, time: 0.028, data: 0.002) G_GAN: 4.491 G_L1: 30.794 D_real: 0.051 D_fake: 0.013 
(epoch: 1, iters: 3640, time: 0.028, data: 0.002) G_GAN: 4.169 G_L1: 38.308 D_real: 0.081 D_fake: 0.018 
(epoch: 1, iters: 3660, time: 0.028, data: 0.002) G_GAN: 2.810 G_L1: 28.439 D_real: 0.131 D_fake: 0.070 
(epoch: 1, iters: 3680, time: 0.028, data: 0.003) G_GAN: 3.487 G_L1: 29.442 D_real: 0.165 D_fake: 0.031 
(epoch: 1, iters: 3700, time: 0.028, data: 0.002) G_GAN: 2.742 G_L1: 37.782 D_real: 0.020 D_fake: 0.088 
(epoch: 1, iters: 3720, time: 0.028, data: 0.003) G_GAN: 4.010 G_L1: 41.558 D_real: 0.042 D_fake: 0.021 
(epoch: 1, iters: 3740, time: 0.027, data: 0.003) G_GAN: 2.725 G_L1: 23.178 D_real: 1.129 D_fake: 0.049 
(epoch: 1, iters: 3760, time: 0.028, data: 0.003) G_GAN: 2.933 G_L1: 45.371 D_real: 0.020 D_fake: 0.074 
(epoch: 1, iters: 3780, time: 0.027, data: 0.002) G_GAN: 3.523 G_L1: 30.978 D_real: 0.067 D_fake: 0.039 
(epoch: 1, iters: 3800, time: 0.028, data: 0.002) G_GAN: 3.066 G_L1: 28.648 D_real: 0.091 D_fake: 0.070 
(epoch: 1, iters: 3820, time: 0.027, data: 0.003) G_GAN: 3.230 G_L1: 38.429 D_real: 0.031 D_fake: 0.051 
(epoch: 1, iters: 3840, time: 0.028, data: 0.003) G_GAN: 4.813 G_L1: 29.520 D_real: 0.353 D_fake: 0.009 
(epoch: 1, iters: 3860, time: 0.027, data: 0.002) G_GAN: 1.980 G_L1: 30.340 D_real: 0.032 D_fake: 0.246 
(epoch: 1, iters: 3880, time: 0.028, data: 0.003) G_GAN: 2.832 G_L1: 38.019 D_real: 0.151 D_fake: 0.069 
(epoch: 1, iters: 3900, time: 0.028, data: 0.003) G_GAN: 3.158 G_L1: 40.708 D_real: 0.018 D_fake: 0.046 
(epoch: 1, iters: 3920, time: 0.028, data: 0.003) G_GAN: 3.762 G_L1: 21.893 D_real: 0.431 D_fake: 0.016 
(epoch: 1, iters: 3940, time: 0.028, data: 0.002) G_GAN: 4.628 G_L1: 30.854 D_real: 0.088 D_fake: 0.012 
(epoch: 1, iters: 3960, time: 0.027, data: 0.002) G_GAN: 2.910 G_L1: 40.769 D_real: 0.023 D_fake: 0.081 
(epoch: 1, iters: 3980, time: 0.028, data: 0.002) G_GAN: 4.773 G_L1: 35.220 D_real: 0.031 D_fake: 0.009 
(epoch: 1, iters: 4000, time: 0.038, data: 0.002) G_GAN: 3.136 G_L1: 24.413 D_real: 0.410 D_fake: 0.043 
(epoch: 1, iters: 4020, time: 0.027, data: 0.002) G_GAN: 3.523 G_L1: 31.920 D_real: 0.054 D_fake: 0.038 
(epoch: 1, iters: 4040, time: 0.027, data: 0.002) G_GAN: 4.722 G_L1: 31.987 D_real: 0.077 D_fake: 0.011 
(epoch: 1, iters: 4060, time: 0.028, data: 0.002) G_GAN: 4.323 G_L1: 31.897 D_real: 0.089 D_fake: 0.013 
(epoch: 1, iters: 4080, time: 0.027, data: 0.003) G_GAN: 3.004 G_L1: 32.303 D_real: 0.045 D_fake: 0.090 
(epoch: 1, iters: 4100, time: 0.027, data: 0.002) G_GAN: 2.133 G_L1: 22.206 D_real: 0.713 D_fake: 0.137 
(epoch: 1, iters: 4120, time: 0.027, data: 0.003) G_GAN: 2.737 G_L1: 29.155 D_real: 0.157 D_fake: 0.082 
(epoch: 1, iters: 4140, time: 0.027, data: 0.002) G_GAN: 4.078 G_L1: 27.150 D_real: 0.048 D_fake: 0.021 
(epoch: 1, iters: 4160, time: 0.027, data: 0.002) G_GAN: 2.319 G_L1: 35.246 D_real: 0.038 D_fake: 0.171 
(epoch: 1, iters: 4180, time: 0.028, data: 0.002) G_GAN: 1.988 G_L1: 22.858 D_real: 0.375 D_fake: 0.156 
(epoch: 1, iters: 4200, time: 0.027, data: 0.003) G_GAN: 2.649 G_L1: 32.675 D_real: 0.069 D_fake: 0.095 
(epoch: 1, iters: 4220, time: 0.028, data: 0.003) G_GAN: 3.198 G_L1: 34.361 D_real: 0.102 D_fake: 0.052 
(epoch: 1, iters: 4240, time: 0.027, data: 0.003) G_GAN: 1.924 G_L1: 36.259 D_real: 0.015 D_fake: 0.236 
(epoch: 1, iters: 4260, time: 0.027, data: 0.003) G_GAN: 2.897 G_L1: 30.685 D_real: 0.249 D_fake: 0.059 
(epoch: 1, iters: 4280, time: 0.027, data: 0.003) G_GAN: 5.276 G_L1: 30.964 D_real: 0.077 D_fake: 0.006 
(epoch: 1, iters: 4300, time: 0.028, data: 0.002) G_GAN: 2.240 G_L1: 17.119 D_real: 0.402 D_fake: 0.092 
(epoch: 1, iters: 4320, time: 0.028, data: 0.002) G_GAN: 3.457 G_L1: 36.052 D_real: 0.021 D_fake: 0.038 
(epoch: 1, iters: 4340, time: 0.028, data: 0.002) G_GAN: 2.540 G_L1: 30.650 D_real: 0.100 D_fake: 0.114 
(epoch: 1, iters: 4360, time: 0.027, data: 0.002) G_GAN: 3.222 G_L1: 35.705 D_real: 0.018 D_fake: 0.046 
(epoch: 1, iters: 4380, time: 0.027, data: 0.003) G_GAN: 3.034 G_L1: 26.920 D_real: 0.138 D_fake: 0.058 
(epoch: 1, iters: 4400, time: 0.028, data: 0.002) G_GAN: 4.218 G_L1: 40.295 D_real: 0.012 D_fake: 0.017 
(epoch: 1, iters: 4420, time: 0.027, data: 0.002) G_GAN: 2.497 G_L1: 44.432 D_real: 0.007 D_fake: 0.124 
(epoch: 1, iters: 4440, time: 0.027, data: 0.003) G_GAN: 4.442 G_L1: 24.182 D_real: 0.352 D_fake: 0.011 
(epoch: 1, iters: 4460, time: 0.028, data: 0.002) G_GAN: 3.270 G_L1: 32.312 D_real: 0.050 D_fake: 0.043 
(epoch: 1, iters: 4480, time: 0.028, data: 0.003) G_GAN: 2.016 G_L1: 35.224 D_real: 0.019 D_fake: 0.225 
(epoch: 1, iters: 4500, time: 0.027, data: 0.002) G_GAN: 1.995 G_L1: 34.232 D_real: 0.025 D_fake: 0.334 
(epoch: 1, iters: 4520, time: 0.027, data: 0.002) G_GAN: 2.413 G_L1: 37.304 D_real: 0.042 D_fake: 0.123 
(epoch: 1, iters: 4540, time: 0.028, data: 0.002) G_GAN: 3.611 G_L1: 30.996 D_real: 0.034 D_fake: 0.034 
(epoch: 1, iters: 4560, time: 0.028, data: 0.003) G_GAN: 2.848 G_L1: 33.330 D_real: 0.054 D_fake: 0.079 
(epoch: 1, iters: 4580, time: 0.027, data: 0.002) G_GAN: 5.366 G_L1: 31.606 D_real: 0.064 D_fake: 0.006 
(epoch: 1, iters: 4600, time: 0.028, data: 0.003) G_GAN: 3.567 G_L1: 27.503 D_real: 0.109 D_fake: 0.033 
(epoch: 1, iters: 4620, time: 0.028, data: 0.002) G_GAN: 5.173 G_L1: 28.417 D_real: 0.293 D_fake: 0.006 
(epoch: 1, iters: 4640, time: 0.028, data: 0.002) G_GAN: 2.793 G_L1: 38.555 D_real: 0.028 D_fake: 0.079 
(epoch: 1, iters: 4660, time: 0.028, data: 0.002) G_GAN: 5.616 G_L1: 40.464 D_real: 0.029 D_fake: 0.004 
(epoch: 1, iters: 4680, time: 0.028, data: 0.003) G_GAN: 3.577 G_L1: 32.172 D_real: 0.118 D_fake: 0.030 
(epoch: 1, iters: 4700, time: 0.028, data: 0.002) G_GAN: 5.147 G_L1: 39.908 D_real: 0.018 D_fake: 0.007 
(epoch: 1, iters: 4720, time: 0.027, data: 0.003) G_GAN: 3.476 G_L1: 37.708 D_real: 0.064 D_fake: 0.038 
(epoch: 1, iters: 4740, time: 0.028, data: 0.002) G_GAN: 3.987 G_L1: 23.903 D_real: 0.156 D_fake: 0.020 
(epoch: 1, iters: 4760, time: 0.028, data: 0.002) G_GAN: 3.063 G_L1: 41.098 D_real: 0.015 D_fake: 0.061 
(epoch: 1, iters: 4780, time: 0.028, data: 0.003) G_GAN: 2.073 G_L1: 29.895 D_real: 0.115 D_fake: 0.173 
(epoch: 1, iters: 4800, time: 0.027, data: 0.003) G_GAN: 3.493 G_L1: 30.881 D_real: 0.145 D_fake: 0.038 
(epoch: 1, iters: 4820, time: 0.028, data: 0.002) G_GAN: 3.461 G_L1: 37.987 D_real: 0.025 D_fake: 0.039 
(epoch: 1, iters: 4840, time: 0.028, data: 0.002) G_GAN: 3.775 G_L1: 42.464 D_real: 0.010 D_fake: 0.026 
(epoch: 1, iters: 4860, time: 0.027, data: 0.002) G_GAN: 3.669 G_L1: 29.146 D_real: 0.096 D_fake: 0.030 
(epoch: 1, iters: 4880, time: 0.027, data: 0.003) G_GAN: 3.133 G_L1: 35.726 D_real: 0.025 D_fake: 0.054 
(epoch: 1, iters: 4900, time: 0.027, data: 0.002) G_GAN: 3.017 G_L1: 28.965 D_real: 0.189 D_fake: 0.056 
(epoch: 1, iters: 4920, time: 0.028, data: 0.003) G_GAN: 3.768 G_L1: 27.093 D_real: 0.243 D_fake: 0.024 
(epoch: 1, iters: 4940, time: 0.028, data: 0.002) G_GAN: 3.482 G_L1: 36.306 D_real: 0.045 D_fake: 0.036 
(epoch: 1, iters: 4960, time: 0.027, data: 0.002) G_GAN: 2.069 G_L1: 22.972 D_real: 0.087 D_fake: 0.247 
(epoch: 1, iters: 4980, time: 0.027, data: 0.002) G_GAN: 2.502 G_L1: 24.886 D_real: 0.039 D_fake: 0.163 
(epoch: 1, iters: 5000, time: 0.028, data: 0.003) G_GAN: 4.915 G_L1: 33.988 D_real: 0.018 D_fake: 0.009 
saving the latest model (epoch 1, total_iters 5000)
(epoch: 1, iters: 5020, time: 0.028, data: 0.002) G_GAN: 3.691 G_L1: 28.313 D_real: 0.206 D_fake: 0.028 
(epoch: 1, iters: 5040, time: 0.028, data: 0.003) G_GAN: 4.466 G_L1: 38.953 D_real: 0.018 D_fake: 0.012 
(epoch: 1, iters: 5060, time: 0.028, data: 0.002) G_GAN: 2.578 G_L1: 30.222 D_real: 0.071 D_fake: 0.109 
(epoch: 1, iters: 5080, time: 0.027, data: 0.002) G_GAN: 3.531 G_L1: 33.606 D_real: 0.096 D_fake: 0.034 
(epoch: 1, iters: 5100, time: 0.028, data: 0.002) G_GAN: 0.950 G_L1: 26.104 D_real: 0.148 D_fake: 1.612 
(epoch: 1, iters: 5120, time: 0.028, data: 0.003) G_GAN: 4.301 G_L1: 31.079 D_real: 0.077 D_fake: 0.015 
(epoch: 1, iters: 5140, time: 0.028, data: 0.002) G_GAN: 4.296 G_L1: 34.827 D_real: 0.087 D_fake: 0.016 
(epoch: 1, iters: 5160, time: 0.028, data: 0.002) G_GAN: 2.600 G_L1: 38.451 D_real: 0.031 D_fake: 0.105 
(epoch: 1, iters: 5180, time: 0.028, data: 0.003) G_GAN: 1.398 G_L1: 30.538 D_real: 0.467 D_fake: 0.470 
(epoch: 1, iters: 5200, time: 0.028, data: 0.003) G_GAN: 5.292 G_L1: 31.410 D_real: 0.073 D_fake: 0.006 
(epoch: 1, iters: 5220, time: 0.028, data: 0.002) G_GAN: 5.180 G_L1: 32.601 D_real: 0.106 D_fake: 0.006 
(epoch: 1, iters: 5240, time: 0.028, data: 0.002) G_GAN: 5.675 G_L1: 36.509 D_real: 0.029 D_fake: 0.004 
(epoch: 1, iters: 5260, time: 0.028, data: 0.002) G_GAN: 3.598 G_L1: 30.670 D_real: 0.051 D_fake: 0.028 
(epoch: 1, iters: 5280, time: 0.028, data: 0.003) G_GAN: 2.159 G_L1: 35.058 D_real: 0.038 D_fake: 0.204 
(epoch: 1, iters: 5300, time: 0.028, data: 0.002) G_GAN: 3.678 G_L1: 32.194 D_real: 0.095 D_fake: 0.029 
(epoch: 1, iters: 5320, time: 0.028, data: 0.003) G_GAN: 1.834 G_L1: 30.760 D_real: 0.206 D_fake: 0.194 
(epoch: 1, iters: 5340, time: 0.028, data: 0.002) G_GAN: 2.003 G_L1: 35.960 D_real: 0.115 D_fake: 0.213 
(epoch: 1, iters: 5360, time: 0.027, data: 0.002) G_GAN: 1.628 G_L1: 31.351 D_real: 0.203 D_fake: 0.357 
(epoch: 1, iters: 5380, time: 0.028, data: 0.002) G_GAN: 2.992 G_L1: 33.611 D_real: 0.015 D_fake: 0.048 
(epoch: 1, iters: 5400, time: 0.028, data: 0.003) G_GAN: 2.304 G_L1: 45.831 D_real: 0.012 D_fake: 0.183 
(epoch: 1, iters: 5420, time: 0.028, data: 0.003) G_GAN: 2.971 G_L1: 33.999 D_real: 0.199 D_fake: 0.055 
(epoch: 1, iters: 5440, time: 0.027, data: 0.002) G_GAN: 4.653 G_L1: 41.019 D_real: 0.006 D_fake: 0.012 
(epoch: 1, iters: 5460, time: 0.028, data: 0.002) G_GAN: 5.573 G_L1: 38.957 D_real: 0.011 D_fake: 0.005 
(epoch: 1, iters: 5480, time: 0.028, data: 0.003) G_GAN: 2.300 G_L1: 31.125 D_real: 0.092 D_fake: 0.096 
(epoch: 1, iters: 5500, time: 0.028, data: 0.002) G_GAN: 3.814 G_L1: 31.836 D_real: 0.081 D_fake: 0.025 
(epoch: 1, iters: 5520, time: 0.028, data: 0.003) G_GAN: 1.912 G_L1: 30.277 D_real: 0.030 D_fake: 0.232 
(epoch: 1, iters: 5540, time: 0.028, data: 0.002) G_GAN: 4.741 G_L1: 34.927 D_real: 0.047 D_fake: 0.010 
(epoch: 1, iters: 5560, time: 0.028, data: 0.002) G_GAN: 3.683 G_L1: 32.620 D_real: 0.023 D_fake: 0.030 
(epoch: 1, iters: 5580, time: 0.729, data: 0.002) G_GAN: 1.722 G_L1: 21.010 D_real: 0.618 D_fake: 0.195 
saving the model at the end of epoch 1, iters 5580
End of epoch 1 / 2       Time Taken: 97 sec
learning rate 0.0000200 -> 0.0000200
(epoch: 2, iters: 20, time: 0.038, data: 0.357) G_GAN: 1.965 G_L1: 29.311 D_real: 0.663 D_fake: 0.187 

[stop-rule/sharp] C1 seed 43 stage 1 (warm-up): evaluated after epoch 1 on 100 rows. max ratio observed 1.3137; threshold 2.5 (seed-42 calibration: max windowed 1.5692, max anywhere 1.8792); hits 0/2 needed.
(epoch: 2, iters: 40, time: 0.027, data: 0.001) G_GAN: 2.646 G_L1: 29.076 D_real: 0.553 D_fake: 0.056 
(epoch: 2, iters: 60, time: 0.028, data: 0.003) G_GAN: 4.241 G_L1: 40.721 D_real: 0.017 D_fake: 0.017 
(epoch: 2, iters: 80, time: 0.028, data: 0.003) G_GAN: 2.681 G_L1: 31.331 D_real: 0.125 D_fake: 0.076 
(epoch: 2, iters: 100, time: 0.028, data: 0.003) G_GAN: 2.745 G_L1: 39.459 D_real: 0.023 D_fake: 0.082 
(epoch: 2, iters: 120, time: 0.027, data: 0.003) G_GAN: 1.505 G_L1: 37.357 D_real: 0.265 D_fake: 0.378 
(epoch: 2, iters: 140, time: 0.027, data: 0.003) G_GAN: 3.138 G_L1: 35.518 D_real: 0.086 D_fake: 0.064 
(epoch: 2, iters: 160, time: 0.028, data: 0.003) G_GAN: 3.156 G_L1: 32.929 D_real: 0.029 D_fake: 0.056 
(epoch: 2, iters: 180, time: 0.027, data: 0.003) G_GAN: 2.000 G_L1: 26.293 D_real: 0.112 D_fake: 0.228 
(epoch: 2, iters: 200, time: 0.027, data: 0.002) G_GAN: 1.439 G_L1: 31.653 D_real: 0.065 D_fake: 0.460 
(epoch: 2, iters: 220, time: 0.027, data: 0.002) G_GAN: 2.341 G_L1: 19.905 D_real: 1.075 D_fake: 0.069 
(epoch: 2, iters: 240, time: 0.028, data: 0.002) G_GAN: 1.685 G_L1: 36.642 D_real: 0.014 D_fake: 0.509 
(epoch: 2, iters: 260, time: 0.028, data: 0.003) G_GAN: 2.584 G_L1: 33.741 D_real: 0.033 D_fake: 0.117 
(epoch: 2, iters: 280, time: 0.027, data: 0.002) G_GAN: 1.543 G_L1: 23.355 D_real: 0.408 D_fake: 0.238 
(epoch: 2, iters: 300, time: 0.027, data: 0.002) G_GAN: 2.323 G_L1: 38.451 D_real: 0.024 D_fake: 0.145 
(epoch: 2, iters: 320, time: 0.028, data: 0.003) G_GAN: 1.319 G_L1: 32.290 D_real: 0.031 D_fake: 0.427 
(epoch: 2, iters: 340, time: 0.028, data: 0.003) G_GAN: 2.062 G_L1: 31.425 D_real: 0.128 D_fake: 0.167 
(epoch: 2, iters: 360, time: 0.028, data: 0.002) G_GAN: 3.356 G_L1: 25.205 D_real: 0.074 D_fake: 0.047 
(epoch: 2, iters: 380, time: 0.028, data: 0.003) G_GAN: 2.870 G_L1: 36.729 D_real: 0.038 D_fake: 0.067 
(epoch: 2, iters: 400, time: 0.028, data: 0.002) G_GAN: 5.677 G_L1: 38.216 D_real: 0.009 D_fake: 0.004 
(epoch: 2, iters: 420, time: 0.038, data: 0.003) G_GAN: 2.101 G_L1: 27.689 D_real: 0.213 D_fake: 0.303 
(epoch: 2, iters: 440, time: 0.027, data: 0.002) G_GAN: 1.902 G_L1: 27.292 D_real: 0.908 D_fake: 0.108 
(epoch: 2, iters: 460, time: 0.027, data: 0.002) G_GAN: 5.360 G_L1: 33.345 D_real: 0.020 D_fake: 0.005 
(epoch: 2, iters: 480, time: 0.028, data: 0.002) G_GAN: 1.426 G_L1: 32.163 D_real: 0.052 D_fake: 0.358 
(epoch: 2, iters: 500, time: 0.028, data: 0.002) G_GAN: 1.848 G_L1: 30.161 D_real: 0.117 D_fake: 0.449 
(epoch: 2, iters: 520, time: 0.027, data: 0.002) G_GAN: 2.407 G_L1: 25.963 D_real: 0.274 D_fake: 0.061 
(epoch: 2, iters: 540, time: 0.028, data: 0.002) G_GAN: 3.212 G_L1: 27.994 D_real: 0.020 D_fake: 0.049 
(epoch: 2, iters: 560, time: 0.028, data: 0.002) G_GAN: 3.444 G_L1: 35.206 D_real: 0.009 D_fake: 0.031 
(epoch: 2, iters: 580, time: 0.028, data: 0.003) G_GAN: 2.296 G_L1: 28.084 D_real: 0.061 D_fake: 0.162 
(epoch: 2, iters: 600, time: 0.027, data: 0.003) G_GAN: 2.530 G_L1: 35.533 D_real: 0.028 D_fake: 0.113 
(epoch: 2, iters: 620, time: 0.028, data: 0.002) G_GAN: 4.253 G_L1: 29.288 D_real: 0.236 D_fake: 0.013 
(epoch: 2, iters: 640, time: 0.028, data: 0.003) G_GAN: 2.887 G_L1: 31.028 D_real: 0.024 D_fake: 0.066 
(epoch: 2, iters: 660, time: 0.027, data: 0.003) G_GAN: 5.917 G_L1: 29.410 D_real: 0.132 D_fake: 0.003 
(epoch: 2, iters: 680, time: 0.028, data: 0.003) G_GAN: 4.174 G_L1: 29.195 D_real: 0.134 D_fake: 0.016 
(epoch: 2, iters: 700, time: 0.028, data: 0.002) G_GAN: 2.863 G_L1: 35.006 D_real: 0.013 D_fake: 0.075 
(epoch: 2, iters: 720, time: 0.028, data: 0.003) G_GAN: 3.168 G_L1: 40.798 D_real: 0.041 D_fake: 0.049 
(epoch: 2, iters: 740, time: 0.028, data: 0.003) G_GAN: 2.144 G_L1: 25.440 D_real: 1.466 D_fake: 0.072 
(epoch: 2, iters: 760, time: 0.028, data: 0.003) G_GAN: 1.291 G_L1: 30.928 D_real: 0.513 D_fake: 0.380 
(epoch: 2, iters: 780, time: 0.028, data: 0.002) G_GAN: 3.542 G_L1: 28.352 D_real: 0.582 D_fake: 0.026 
(epoch: 2, iters: 800, time: 0.028, data: 0.002) G_GAN: 1.404 G_L1: 33.595 D_real: 0.023 D_fake: 1.038 
(epoch: 2, iters: 820, time: 0.027, data: 0.003) G_GAN: 2.705 G_L1: 34.976 D_real: 0.099 D_fake: 0.078 
(epoch: 2, iters: 840, time: 0.027, data: 0.003) G_GAN: 1.505 G_L1: 29.038 D_real: 0.044 D_fake: 0.678 
(epoch: 2, iters: 860, time: 0.028, data: 0.002) G_GAN: 4.707 G_L1: 28.826 D_real: 0.035 D_fake: 0.011 
(epoch: 2, iters: 880, time: 0.027, data: 0.003) G_GAN: 1.311 G_L1: 27.318 D_real: 0.338 D_fake: 0.605 
(epoch: 2, iters: 900, time: 0.028, data: 0.003) G_GAN: 1.273 G_L1: 39.367 D_real: 0.008 D_fake: 0.492 
(epoch: 2, iters: 920, time: 0.028, data: 0.002) G_GAN: 2.154 G_L1: 33.232 D_real: 0.049 D_fake: 0.274 
(epoch: 2, iters: 940, time: 0.028, data: 0.002) G_GAN: 3.199 G_L1: 33.299 D_real: 0.185 D_fake: 0.045 
(epoch: 2, iters: 960, time: 0.028, data: 0.002) G_GAN: 0.752 G_L1: 32.226 D_real: 1.293 D_fake: 1.975 
(epoch: 2, iters: 980, time: 0.028, data: 0.003) G_GAN: 2.149 G_L1: 32.186 D_real: 0.038 D_fake: 0.224 
(epoch: 2, iters: 1000, time: 0.027, data: 0.002) G_GAN: 2.381 G_L1: 30.429 D_real: 0.534 D_fake: 0.078 
(epoch: 2, iters: 1020, time: 0.028, data: 0.002) G_GAN: 4.524 G_L1: 36.649 D_real: 0.021 D_fake: 0.012 
(epoch: 2, iters: 1040, time: 0.028, data: 0.002) G_GAN: 1.272 G_L1: 38.151 D_real: 0.061 D_fake: 0.680 
(epoch: 2, iters: 1060, time: 0.027, data: 0.003) G_GAN: 2.157 G_L1: 29.364 D_real: 0.230 D_fake: 0.144 
(epoch: 2, iters: 1080, time: 0.028, data: 0.002) G_GAN: 1.333 G_L1: 26.699 D_real: 1.035 D_fake: 0.198 
(epoch: 2, iters: 1100, time: 0.028, data: 0.002) G_GAN: 5.889 G_L1: 24.881 D_real: 0.305 D_fake: 0.004 
(epoch: 2, iters: 1120, time: 0.028, data: 0.002) G_GAN: 5.122 G_L1: 29.168 D_real: 0.035 D_fake: 0.007 
(epoch: 2, iters: 1140, time: 0.028, data: 0.002) G_GAN: 4.453 G_L1: 30.644 D_real: 0.026 D_fake: 0.012 
(epoch: 2, iters: 1160, time: 0.028, data: 0.002) G_GAN: 2.225 G_L1: 30.326 D_real: 0.050 D_fake: 0.164 
(epoch: 2, iters: 1180, time: 0.028, data: 0.002) G_GAN: 3.108 G_L1: 37.609 D_real: 0.007 D_fake: 0.056 
(epoch: 2, iters: 1200, time: 0.028, data: 0.002) G_GAN: 3.210 G_L1: 23.335 D_real: 0.249 D_fake: 0.044 
(epoch: 2, iters: 1220, time: 0.028, data: 0.003) G_GAN: 3.051 G_L1: 32.151 D_real: 0.065 D_fake: 0.057 
(epoch: 2, iters: 1240, time: 0.028, data: 0.002) G_GAN: 1.758 G_L1: 36.374 D_real: 0.072 D_fake: 0.287 
(epoch: 2, iters: 1260, time: 0.028, data: 0.002) G_GAN: 3.487 G_L1: 44.144 D_real: 0.010 D_fake: 0.038 
(epoch: 2, iters: 1280, time: 0.028, data: 0.002) G_GAN: 4.075 G_L1: 33.083 D_real: 0.008 D_fake: 0.018 
(epoch: 2, iters: 1300, time: 0.028, data: 0.002) G_GAN: 2.404 G_L1: 30.484 D_real: 0.068 D_fake: 0.131 
(epoch: 2, iters: 1320, time: 0.028, data: 0.002) G_GAN: 2.619 G_L1: 37.345 D_real: 0.008 D_fake: 0.111 
(epoch: 2, iters: 1340, time: 0.028, data: 0.002) G_GAN: 1.812 G_L1: 37.338 D_real: 0.314 D_fake: 0.335 
(epoch: 2, iters: 1360, time: 0.028, data: 0.002) G_GAN: 4.194 G_L1: 25.385 D_real: 0.371 D_fake: 0.017 
(epoch: 2, iters: 1380, time: 0.028, data: 0.002) G_GAN: 1.587 G_L1: 29.673 D_real: 0.072 D_fake: 0.523 
(epoch: 2, iters: 1400, time: 0.028, data: 0.002) G_GAN: 2.655 G_L1: 30.940 D_real: 0.175 D_fake: 0.067 
(epoch: 2, iters: 1420, time: 0.027, data: 0.002) G_GAN: 2.040 G_L1: 29.155 D_real: 0.052 D_fake: 0.226 
(epoch: 2, iters: 1440, time: 0.028, data: 0.002) G_GAN: 4.145 G_L1: 28.647 D_real: 0.042 D_fake: 0.017 
(epoch: 2, iters: 1460, time: 0.028, data: 0.003) G_GAN: 1.561 G_L1: 30.102 D_real: 0.086 D_fake: 0.477 
(epoch: 2, iters: 1480, time: 0.028, data: 0.003) G_GAN: 4.942 G_L1: 25.598 D_real: 0.700 D_fake: 0.007 
(epoch: 2, iters: 1500, time: 0.028, data: 0.002) G_GAN: 4.126 G_L1: 48.625 D_real: 0.005 D_fake: 0.022 
(epoch: 2, iters: 1520, time: 0.028, data: 0.002) G_GAN: 2.962 G_L1: 35.330 D_real: 0.049 D_fake: 0.066 
(epoch: 2, iters: 1540, time: 0.028, data: 0.002) G_GAN: 1.616 G_L1: 27.903 D_real: 0.188 D_fake: 0.237 
(epoch: 2, iters: 1560, time: 0.028, data: 0.002) G_GAN: 2.990 G_L1: 40.091 D_real: 0.007 D_fake: 0.062 
(epoch: 2, iters: 1580, time: 0.028, data: 0.002) G_GAN: 3.223 G_L1: 20.528 D_real: 1.049 D_fake: 0.015 
(epoch: 2, iters: 1600, time: 0.028, data: 0.002) G_GAN: 2.508 G_L1: 40.004 D_real: 0.034 D_fake: 0.126 
(epoch: 2, iters: 1620, time: 0.028, data: 0.003) G_GAN: 2.340 G_L1: 17.443 D_real: 1.478 D_fake: 0.061 
(epoch: 2, iters: 1640, time: 0.028, data: 0.002) G_GAN: 2.962 G_L1: 41.339 D_real: 0.016 D_fake: 0.065 
(epoch: 2, iters: 1660, time: 0.027, data: 0.002) G_GAN: 2.541 G_L1: 40.052 D_real: 0.008 D_fake: 0.104 
(epoch: 2, iters: 1680, time: 0.028, data: 0.002) G_GAN: 4.996 G_L1: 42.961 D_real: 0.015 D_fake: 0.009 
(epoch: 2, iters: 1700, time: 0.028, data: 0.002) G_GAN: 2.614 G_L1: 31.662 D_real: 0.060 D_fake: 0.085 
(epoch: 2, iters: 1720, time: 0.028, data: 0.003) G_GAN: 2.842 G_L1: 26.446 D_real: 0.175 D_fake: 0.078 
(epoch: 2, iters: 1740, time: 0.028, data: 0.002) G_GAN: 2.743 G_L1: 29.476 D_real: 0.095 D_fake: 0.063 
(epoch: 2, iters: 1760, time: 0.028, data: 0.002) G_GAN: 2.745 G_L1: 28.272 D_real: 0.072 D_fake: 0.083 
(epoch: 2, iters: 1780, time: 0.028, data: 0.002) G_GAN: 0.905 G_L1: 25.043 D_real: 2.605 D_fake: 0.147 
(epoch: 2, iters: 1800, time: 0.028, data: 0.003) G_GAN: 3.614 G_L1: 37.147 D_real: 0.056 D_fake: 0.037 
(epoch: 2, iters: 1820, time: 0.028, data: 0.002) G_GAN: 1.205 G_L1: 25.370 D_real: 1.853 D_fake: 0.318 
(epoch: 2, iters: 1840, time: 0.028, data: 0.002) G_GAN: 1.947 G_L1: 30.878 D_real: 0.021 D_fake: 0.342 
(epoch: 2, iters: 1860, time: 0.028, data: 0.002) G_GAN: 2.138 G_L1: 30.374 D_real: 0.030 D_fake: 0.192 
(epoch: 2, iters: 1880, time: 0.028, data: 0.002) G_GAN: 4.242 G_L1: 34.008 D_real: 0.054 D_fake: 0.016 
(epoch: 2, iters: 1900, time: 0.028, data: 0.002) G_GAN: 4.941 G_L1: 31.223 D_real: 0.543 D_fake: 0.006 
(epoch: 2, iters: 1920, time: 0.028, data: 0.002) G_GAN: 1.977 G_L1: 41.750 D_real: 0.003 D_fake: 0.396 
(epoch: 2, iters: 1940, time: 0.028, data: 0.002) G_GAN: 3.935 G_L1: 25.257 D_real: 1.004 D_fake: 0.014 
(epoch: 2, iters: 1960, time: 0.027, data: 0.002) G_GAN: 3.929 G_L1: 32.251 D_real: 0.018 D_fake: 0.025 
(epoch: 2, iters: 1980, time: 0.028, data: 0.002) G_GAN: 2.643 G_L1: 43.312 D_real: 0.005 D_fake: 0.098 
(epoch: 2, iters: 2000, time: 0.028, data: 0.002) G_GAN: 2.155 G_L1: 35.506 D_real: 0.007 D_fake: 0.203 
(epoch: 2, iters: 2020, time: 0.028, data: 0.003) G_GAN: 2.673 G_L1: 31.081 D_real: 1.303 D_fake: 0.047 
(epoch: 2, iters: 2040, time: 0.028, data: 0.002) G_GAN: 1.775 G_L1: 27.425 D_real: 0.166 D_fake: 0.189 
(epoch: 2, iters: 2060, time: 0.028, data: 0.003) G_GAN: 2.386 G_L1: 32.090 D_real: 0.068 D_fake: 0.128 
(epoch: 2, iters: 2080, time: 0.027, data: 0.003) G_GAN: 3.149 G_L1: 39.853 D_real: 0.029 D_fake: 0.072 
(epoch: 2, iters: 2100, time: 0.028, data: 0.003) G_GAN: 2.094 G_L1: 32.168 D_real: 0.019 D_fake: 0.159 
(epoch: 2, iters: 2120, time: 0.028, data: 0.003) G_GAN: 1.113 G_L1: 29.838 D_real: 0.031 D_fake: 0.548 
(epoch: 2, iters: 2140, time: 0.027, data: 0.003) G_GAN: 3.607 G_L1: 34.824 D_real: 0.143 D_fake: 0.040 
(epoch: 2, iters: 2160, time: 0.028, data: 0.003) G_GAN: 2.105 G_L1: 37.039 D_real: 0.014 D_fake: 0.245 
(epoch: 2, iters: 2180, time: 0.028, data: 0.003) G_GAN: 2.706 G_L1: 36.634 D_real: 0.064 D_fake: 0.107 
(epoch: 2, iters: 2200, time: 0.028, data: 0.003) G_GAN: 3.168 G_L1: 43.460 D_real: 0.006 D_fake: 0.035 
(epoch: 2, iters: 2220, time: 0.028, data: 0.002) G_GAN: 3.136 G_L1: 35.209 D_real: 0.009 D_fake: 0.090 
(epoch: 2, iters: 2240, time: 0.028, data: 0.002) G_GAN: 1.231 G_L1: 31.126 D_real: 0.245 D_fake: 0.761 
(epoch: 2, iters: 2260, time: 0.028, data: 0.003) G_GAN: 2.733 G_L1: 32.333 D_real: 0.033 D_fake: 0.075 
(epoch: 2, iters: 2280, time: 0.028, data: 0.003) G_GAN: 6.285 G_L1: 46.537 D_real: 0.003 D_fake: 0.002 
(epoch: 2, iters: 2300, time: 0.028, data: 0.002) G_GAN: 2.075 G_L1: 35.385 D_real: 0.009 D_fake: 0.361 
(epoch: 2, iters: 2320, time: 0.028, data: 0.002) G_GAN: 2.726 G_L1: 27.009 D_real: 0.045 D_fake: 0.083 
(epoch: 2, iters: 2340, time: 0.028, data: 0.003) G_GAN: 2.384 G_L1: 28.916 D_real: 0.040 D_fake: 0.130 
(epoch: 2, iters: 2360, time: 0.028, data: 0.002) G_GAN: 3.230 G_L1: 27.252 D_real: 0.033 D_fake: 0.051 
(epoch: 2, iters: 2380, time: 0.028, data: 0.002) G_GAN: 1.118 G_L1: 27.942 D_real: 0.721 D_fake: 0.465 
(epoch: 2, iters: 2400, time: 0.028, data: 0.002) G_GAN: 1.894 G_L1: 26.189 D_real: 0.081 D_fake: 0.211 
(epoch: 2, iters: 2420, time: 0.038, data: 0.003) G_GAN: 5.456 G_L1: 37.321 D_real: 0.021 D_fake: 0.005 
(epoch: 2, iters: 2440, time: 0.028, data: 0.002) G_GAN: 3.614 G_L1: 39.042 D_real: 0.021 D_fake: 0.029 
(epoch: 2, iters: 2460, time: 0.028, data: 0.002) G_GAN: 2.521 G_L1: 36.774 D_real: 0.066 D_fake: 0.107 
(epoch: 2, iters: 2480, time: 0.029, data: 0.002) G_GAN: 3.345 G_L1: 24.961 D_real: 0.324 D_fake: 0.037 
(epoch: 2, iters: 2500, time: 0.028, data: 0.003) G_GAN: 2.054 G_L1: 38.663 D_real: 0.011 D_fake: 0.224 
(epoch: 2, iters: 2520, time: 0.027, data: 0.002) G_GAN: 1.079 G_L1: 31.004 D_real: 1.042 D_fake: 0.367 
(epoch: 2, iters: 2540, time: 0.028, data: 0.002) G_GAN: 1.831 G_L1: 25.127 D_real: 0.207 D_fake: 0.421 
(epoch: 2, iters: 2560, time: 0.028, data: 0.002) G_GAN: 2.616 G_L1: 41.705 D_real: 0.004 D_fake: 0.183 
(epoch: 2, iters: 2580, time: 0.028, data: 0.003) G_GAN: 4.203 G_L1: 30.237 D_real: 0.287 D_fake: 0.013 
(epoch: 2, iters: 2600, time: 0.028, data: 0.003) G_GAN: 2.286 G_L1: 31.267 D_real: 0.050 D_fake: 0.189 
(epoch: 2, iters: 2620, time: 0.028, data: 0.002) G_GAN: 3.609 G_L1: 32.650 D_real: 0.008 D_fake: 0.032 
(epoch: 2, iters: 2640, time: 0.028, data: 0.002) G_GAN: 3.207 G_L1: 36.591 D_real: 0.021 D_fake: 0.071 
(epoch: 2, iters: 2660, time: 0.028, data: 0.003) G_GAN: 4.046 G_L1: 36.195 D_real: 0.037 D_fake: 0.023 
(epoch: 2, iters: 2680, time: 0.028, data: 0.003) G_GAN: 0.948 G_L1: 33.558 D_real: 1.713 D_fake: 0.293 
(epoch: 2, iters: 2700, time: 0.027, data: 0.003) G_GAN: 1.351 G_L1: 35.387 D_real: 0.004 D_fake: 0.890 
(epoch: 2, iters: 2720, time: 0.027, data: 0.009) G_GAN: 5.864 G_L1: 35.969 D_real: 0.036 D_fake: 0.003 
(epoch: 2, iters: 2740, time: 0.026, data: 0.010) G_GAN: 1.251 G_L1: 26.741 D_real: 0.898 D_fake: 0.245 
(epoch: 2, iters: 2760, time: 0.026, data: 0.003) G_GAN: 3.285 G_L1: 39.390 D_real: 0.023 D_fake: 0.042 
(epoch: 2, iters: 2780, time: 0.028, data: 0.007) G_GAN: 3.406 G_L1: 37.320 D_real: 0.092 D_fake: 0.038 
(epoch: 2, iters: 2800, time: 0.027, data: 0.002) G_GAN: 3.692 G_L1: 43.478 D_real: 0.012 D_fake: 0.030 
(epoch: 2, iters: 2820, time: 0.028, data: 0.003) G_GAN: 1.621 G_L1: 28.365 D_real: 0.996 D_fake: 0.126 
(epoch: 2, iters: 2840, time: 0.028, data: 0.003) G_GAN: 1.520 G_L1: 34.042 D_real: 0.041 D_fake: 0.381 
(epoch: 2, iters: 2860, time: 0.028, data: 0.002) G_GAN: 2.494 G_L1: 30.508 D_real: 0.099 D_fake: 0.104 
(epoch: 2, iters: 2880, time: 0.027, data: 0.003) G_GAN: 0.899 G_L1: 30.560 D_real: 0.080 D_fake: 0.989 
(epoch: 2, iters: 2900, time: 0.024, data: 0.008) G_GAN: 5.678 G_L1: 41.034 D_real: 0.011 D_fake: 0.004 
(epoch: 2, iters: 2920, time: 0.022, data: 0.005) G_GAN: 2.112 G_L1: 29.231 D_real: 0.265 D_fake: 0.109 
(epoch: 2, iters: 2940, time: 0.027, data: 0.008) G_GAN: 2.496 G_L1: 32.583 D_real: 0.050 D_fake: 0.104 
(epoch: 2, iters: 2960, time: 0.027, data: 0.003) G_GAN: 2.786 G_L1: 34.707 D_real: 0.088 D_fake: 0.070 
(epoch: 2, iters: 2980, time: 0.028, data: 0.003) G_GAN: 2.621 G_L1: 32.957 D_real: 0.087 D_fake: 0.072 
(epoch: 2, iters: 3000, time: 0.028, data: 0.003) G_GAN: 1.433 G_L1: 36.277 D_real: 0.006 D_fake: 0.641 
(epoch: 2, iters: 3020, time: 0.028, data: 0.002) G_GAN: 1.990 G_L1: 34.434 D_real: 0.011 D_fake: 0.249 
(epoch: 2, iters: 3040, time: 0.028, data: 0.002) G_GAN: 2.474 G_L1: 36.831 D_real: 0.010 D_fake: 0.111 
(epoch: 2, iters: 3060, time: 0.028, data: 0.002) G_GAN: 1.901 G_L1: 26.839 D_real: 0.297 D_fake: 0.153 
(epoch: 2, iters: 3080, time: 0.028, data: 0.003) G_GAN: 2.926 G_L1: 30.502 D_real: 0.055 D_fake: 0.061 
(epoch: 2, iters: 3100, time: 0.028, data: 0.002) G_GAN: 2.693 G_L1: 33.720 D_real: 0.015 D_fake: 0.091 
(epoch: 2, iters: 3120, time: 0.028, data: 0.002) G_GAN: 1.639 G_L1: 30.831 D_real: 0.210 D_fake: 0.245 
(epoch: 2, iters: 3140, time: 0.028, data: 0.002) G_GAN: 3.990 G_L1: 34.146 D_real: 0.033 D_fake: 0.022 
(epoch: 2, iters: 3160, time: 0.027, data: 0.003) G_GAN: 3.066 G_L1: 32.289 D_real: 0.119 D_fake: 0.046 
(epoch: 2, iters: 3180, time: 0.028, data: 0.002) G_GAN: 1.588 G_L1: 36.114 D_real: 0.014 D_fake: 0.292 
(epoch: 2, iters: 3200, time: 0.028, data: 0.002) G_GAN: 0.870 G_L1: 32.127 D_real: 0.052 D_fake: 1.248 
(epoch: 2, iters: 3220, time: 0.028, data: 0.002) G_GAN: 1.287 G_L1: 28.788 D_real: 0.113 D_fake: 0.562 
(epoch: 2, iters: 3240, time: 0.028, data: 0.002) G_GAN: 2.945 G_L1: 35.594 D_real: 0.052 D_fake: 0.055 
(epoch: 2, iters: 3260, time: 0.028, data: 0.002) G_GAN: 3.542 G_L1: 44.226 D_real: 0.004 D_fake: 0.028 
(epoch: 2, iters: 3280, time: 0.028, data: 0.002) G_GAN: 1.570 G_L1: 25.577 D_real: 0.736 D_fake: 0.135 
(epoch: 2, iters: 3300, time: 0.028, data: 0.002) G_GAN: 2.754 G_L1: 41.347 D_real: 0.005 D_fake: 0.109 
(epoch: 2, iters: 3320, time: 0.028, data: 0.002) G_GAN: 2.933 G_L1: 34.652 D_real: 0.059 D_fake: 0.067 
(epoch: 2, iters: 3340, time: 0.028, data: 0.002) G_GAN: 4.555 G_L1: 33.300 D_real: 0.016 D_fake: 0.013 
(epoch: 2, iters: 3360, time: 0.028, data: 0.002) G_GAN: 2.019 G_L1: 30.499 D_real: 0.084 D_fake: 0.209 
(epoch: 2, iters: 3380, time: 0.028, data: 0.002) G_GAN: 4.978 G_L1: 29.426 D_real: 0.145 D_fake: 0.006 
(epoch: 2, iters: 3400, time: 0.028, data: 0.002) G_GAN: 1.380 G_L1: 38.524 D_real: 0.010 D_fake: 0.704 
(epoch: 2, iters: 3420, time: 0.028, data: 0.002) G_GAN: 3.685 G_L1: 39.416 D_real: 0.011 D_fake: 0.028 
(epoch: 2, iters: 3440, time: 0.028, data: 0.002) G_GAN: 2.054 G_L1: 34.832 D_real: 0.736 D_fake: 0.086 
(epoch: 2, iters: 3460, time: 0.028, data: 0.002) G_GAN: 1.917 G_L1: 33.845 D_real: 0.016 D_fake: 0.533 
(epoch: 2, iters: 3480, time: 0.028, data: 0.002) G_GAN: 2.699 G_L1: 36.701 D_real: 0.006 D_fake: 0.152 
(epoch: 2, iters: 3500, time: 0.028, data: 0.002) G_GAN: 3.929 G_L1: 32.197 D_real: 0.098 D_fake: 0.021 
(epoch: 2, iters: 3520, time: 0.028, data: 0.002) G_GAN: 2.979 G_L1: 38.952 D_real: 0.010 D_fake: 0.061 
(epoch: 2, iters: 3540, time: 0.028, data: 0.002) G_GAN: 2.085 G_L1: 39.355 D_real: 0.043 D_fake: 0.184 
(epoch: 2, iters: 3560, time: 0.028, data: 0.002) G_GAN: 4.235 G_L1: 25.778 D_real: 0.125 D_fake: 0.015 
(epoch: 2, iters: 3580, time: 0.029, data: 0.002) G_GAN: 1.699 G_L1: 44.397 D_real: 0.003 D_fake: 0.366 
(epoch: 2, iters: 3600, time: 0.028, data: 0.002) G_GAN: 3.504 G_L1: 41.166 D_real: 0.009 D_fake: 0.039 
(epoch: 2, iters: 3620, time: 0.028, data: 0.003) G_GAN: 2.444 G_L1: 36.308 D_real: 0.019 D_fake: 0.104 
(epoch: 2, iters: 3640, time: 0.027, data: 0.003) G_GAN: 1.527 G_L1: 26.953 D_real: 0.461 D_fake: 0.185 
(epoch: 2, iters: 3660, time: 0.028, data: 0.002) G_GAN: 2.377 G_L1: 38.317 D_real: 0.007 D_fake: 0.124 
(epoch: 2, iters: 3680, time: 0.028, data: 0.002) G_GAN: 6.019 G_L1: 41.722 D_real: 0.004 D_fake: 0.003 
(epoch: 2, iters: 3700, time: 0.028, data: 0.002) G_GAN: 2.227 G_L1: 23.283 D_real: 1.569 D_fake: 0.068 
(epoch: 2, iters: 3720, time: 0.028, data: 0.002) G_GAN: 2.391 G_L1: 33.585 D_real: 0.129 D_fake: 0.136 
(epoch: 2, iters: 3740, time: 0.028, data: 0.002) G_GAN: 2.886 G_L1: 39.361 D_real: 0.014 D_fake: 0.064 
(epoch: 2, iters: 3760, time: 0.028, data: 0.002) G_GAN: 1.833 G_L1: 32.775 D_real: 0.862 D_fake: 0.094 
(epoch: 2, iters: 3780, time: 0.028, data: 0.002) G_GAN: 2.642 G_L1: 35.242 D_real: 0.140 D_fake: 0.085 
(epoch: 2, iters: 3800, time: 0.028, data: 0.003) G_GAN: 3.396 G_L1: 33.271 D_real: 1.284 D_fake: 0.021 
(epoch: 2, iters: 3820, time: 0.028, data: 0.003) G_GAN: 2.009 G_L1: 33.672 D_real: 0.011 D_fake: 0.270 
(epoch: 2, iters: 3840, time: 0.028, data: 0.003) G_GAN: 3.424 G_L1: 37.879 D_real: 0.168 D_fake: 0.051 
(epoch: 2, iters: 3860, time: 0.028, data: 0.002) G_GAN: 1.373 G_L1: 36.726 D_real: 0.325 D_fake: 0.262 
(epoch: 2, iters: 3880, time: 0.028, data: 0.002) G_GAN: 2.425 G_L1: 29.146 D_real: 0.043 D_fake: 0.143 
(epoch: 2, iters: 3900, time: 0.028, data: 0.003) G_GAN: 2.673 G_L1: 28.175 D_real: 0.015 D_fake: 0.102 
(epoch: 2, iters: 3920, time: 0.028, data: 0.002) G_GAN: 1.508 G_L1: 24.430 D_real: 0.249 D_fake: 0.312 
(epoch: 2, iters: 3940, time: 0.028, data: 0.003) G_GAN: 4.214 G_L1: 37.676 D_real: 0.068 D_fake: 0.018 
(epoch: 2, iters: 3960, time: 0.028, data: 0.002) G_GAN: 1.724 G_L1: 32.311 D_real: 0.119 D_fake: 0.141 
(epoch: 2, iters: 3980, time: 0.028, data: 0.002) G_GAN: 4.549 G_L1: 40.332 D_real: 0.003 D_fake: 0.015 
(epoch: 2, iters: 4000, time: 0.028, data: 0.002) G_GAN: 1.444 G_L1: 32.688 D_real: 0.082 D_fake: 0.451 
(epoch: 2, iters: 4020, time: 0.028, data: 0.003) G_GAN: 1.617 G_L1: 28.480 D_real: 0.076 D_fake: 0.334 
(epoch: 2, iters: 4040, time: 0.028, data: 0.002) G_GAN: 3.685 G_L1: 36.348 D_real: 0.007 D_fake: 0.032 
(epoch: 2, iters: 4060, time: 0.028, data: 0.002) G_GAN: 1.754 G_L1: 30.404 D_real: 0.044 D_fake: 0.296 
(epoch: 2, iters: 4080, time: 0.028, data: 0.002) G_GAN: 1.851 G_L1: 44.303 D_real: 0.005 D_fake: 0.288 
(epoch: 2, iters: 4100, time: 0.028, data: 0.002) G_GAN: 4.867 G_L1: 36.923 D_real: 0.035 D_fake: 0.009 
(epoch: 2, iters: 4120, time: 0.028, data: 0.003) G_GAN: 1.319 G_L1: 36.633 D_real: 0.108 D_fake: 0.398 
(epoch: 2, iters: 4140, time: 0.028, data: 0.002) G_GAN: 1.953 G_L1: 33.377 D_real: 0.163 D_fake: 0.181 
(epoch: 2, iters: 4160, time: 0.028, data: 0.002) G_GAN: 3.749 G_L1: 35.052 D_real: 0.094 D_fake: 0.030 
(epoch: 2, iters: 4180, time: 0.028, data: 0.002) G_GAN: 3.425 G_L1: 34.578 D_real: 0.027 D_fake: 0.038 
(epoch: 2, iters: 4200, time: 0.028, data: 0.002) G_GAN: 1.295 G_L1: 36.134 D_real: 0.037 D_fake: 0.305 
(epoch: 2, iters: 4220, time: 0.028, data: 0.002) G_GAN: 1.361 G_L1: 30.924 D_real: 2.541 D_fake: 0.427 
(epoch: 2, iters: 4240, time: 0.028, data: 0.002) G_GAN: 4.176 G_L1: 47.003 D_real: 0.002 D_fake: 0.017 
(epoch: 2, iters: 4260, time: 0.028, data: 0.002) G_GAN: 3.495 G_L1: 35.415 D_real: 0.059 D_fake: 0.048 
(epoch: 2, iters: 4280, time: 0.028, data: 0.002) G_GAN: 3.095 G_L1: 33.268 D_real: 0.040 D_fake: 0.052 
(epoch: 2, iters: 4300, time: 0.028, data: 0.002) G_GAN: 3.080 G_L1: 34.323 D_real: 0.208 D_fake: 0.044 
(epoch: 2, iters: 4320, time: 0.028, data: 0.002) G_GAN: 1.649 G_L1: 25.510 D_real: 0.355 D_fake: 0.218 
(epoch: 2, iters: 4340, time: 0.028, data: 0.002) G_GAN: 2.910 G_L1: 36.113 D_real: 0.008 D_fake: 0.055 
(epoch: 2, iters: 4360, time: 0.028, data: 0.002) G_GAN: 3.131 G_L1: 32.145 D_real: 0.032 D_fake: 0.050 
(epoch: 2, iters: 4380, time: 0.028, data: 0.002) G_GAN: 3.831 G_L1: 40.500 D_real: 0.012 D_fake: 0.030 
(epoch: 2, iters: 4400, time: 0.028, data: 0.002) G_GAN: 3.159 G_L1: 31.595 D_real: 0.119 D_fake: 0.055 
(epoch: 2, iters: 4420, time: 0.039, data: 0.002) G_GAN: 2.571 G_L1: 32.293 D_real: 0.583 D_fake: 0.071 
saving the latest model (epoch 2, total_iters 10000)
(epoch: 2, iters: 4440, time: 0.028, data: 0.002) G_GAN: 1.803 G_L1: 33.128 D_real: 0.002 D_fake: 0.542 
(epoch: 2, iters: 4460, time: 0.028, data: 0.002) G_GAN: 1.200 G_L1: 30.868 D_real: 0.593 D_fake: 0.413 
(epoch: 2, iters: 4480, time: 0.029, data: 0.002) G_GAN: 1.780 G_L1: 30.699 D_real: 0.147 D_fake: 0.474 
(epoch: 2, iters: 4500, time: 0.028, data: 0.003) G_GAN: 3.175 G_L1: 30.105 D_real: 0.127 D_fake: 0.051 
(epoch: 2, iters: 4520, time: 0.028, data: 0.002) G_GAN: 4.092 G_L1: 33.589 D_real: 0.066 D_fake: 0.023 
(epoch: 2, iters: 4540, time: 0.028, data: 0.002) G_GAN: 3.902 G_L1: 38.125 D_real: 0.026 D_fake: 0.023 
(epoch: 2, iters: 4560, time: 0.028, data: 0.002) G_GAN: 2.671 G_L1: 37.209 D_real: 0.027 D_fake: 0.093 
(epoch: 2, iters: 4580, time: 0.028, data: 0.002) G_GAN: 2.868 G_L1: 37.558 D_real: 0.006 D_fake: 0.073 
(epoch: 2, iters: 4600, time: 0.028, data: 0.002) G_GAN: 1.263 G_L1: 26.620 D_real: 0.895 D_fake: 0.373 
(epoch: 2, iters: 4620, time: 0.028, data: 0.002) G_GAN: 1.440 G_L1: 38.860 D_real: 0.004 D_fake: 0.507 
(epoch: 2, iters: 4640, time: 0.028, data: 0.002) G_GAN: 3.107 G_L1: 39.314 D_real: 0.005 D_fake: 0.054 
(epoch: 2, iters: 4660, time: 0.027, data: 0.002) G_GAN: 2.579 G_L1: 33.969 D_real: 0.212 D_fake: 0.087 
(epoch: 2, iters: 4680, time: 0.026, data: 0.012) G_GAN: 2.715 G_L1: 35.812 D_real: 0.115 D_fake: 0.090 
(epoch: 2, iters: 4700, time: 0.026, data: 0.004) G_GAN: 2.846 G_L1: 37.503 D_real: 0.051 D_fake: 0.063 
(epoch: 2, iters: 4720, time: 0.028, data: 0.003) G_GAN: 2.813 G_L1: 30.255 D_real: 0.303 D_fake: 0.063 
(epoch: 2, iters: 4740, time: 0.027, data: 0.003) G_GAN: 2.379 G_L1: 33.680 D_real: 0.060 D_fake: 0.086 
(epoch: 2, iters: 4760, time: 0.026, data: 0.004) G_GAN: 2.177 G_L1: 31.144 D_real: 0.086 D_fake: 0.164 
(epoch: 2, iters: 4780, time: 0.027, data: 0.003) G_GAN: 1.510 G_L1: 42.463 D_real: 0.004 D_fake: 0.416 
(epoch: 2, iters: 4800, time: 0.027, data: 0.004) G_GAN: 4.177 G_L1: 32.977 D_real: 0.022 D_fake: 0.017 
(epoch: 2, iters: 4820, time: 0.028, data: 0.004) G_GAN: 2.074 G_L1: 31.682 D_real: 0.221 D_fake: 0.127 
(epoch: 2, iters: 4840, time: 0.027, data: 0.002) G_GAN: 2.149 G_L1: 29.489 D_real: 0.044 D_fake: 0.158 
(epoch: 2, iters: 4860, time: 0.028, data: 0.003) G_GAN: 1.234 G_L1: 25.393 D_real: 1.056 D_fake: 0.166 
(epoch: 2, iters: 4880, time: 0.028, data: 0.002) G_GAN: 1.840 G_L1: 42.774 D_real: 0.007 D_fake: 0.274 
(epoch: 2, iters: 4900, time: 0.028, data: 0.002) G_GAN: 6.667 G_L1: 31.791 D_real: 0.232 D_fake: 0.002 
(epoch: 2, iters: 4920, time: 0.028, data: 0.003) G_GAN: 5.447 G_L1: 32.913 D_real: 0.111 D_fake: 0.005 
(epoch: 2, iters: 4940, time: 0.028, data: 0.002) G_GAN: 4.142 G_L1: 36.331 D_real: 0.029 D_fake: 0.018 
(epoch: 2, iters: 4960, time: 0.028, data: 0.002) G_GAN: 1.649 G_L1: 31.123 D_real: 0.440 D_fake: 0.202 
(epoch: 2, iters: 4980, time: 0.028, data: 0.002) G_GAN: 2.592 G_L1: 31.951 D_real: 0.029 D_fake: 0.155 
(epoch: 2, iters: 5000, time: 0.028, data: 0.003) G_GAN: 2.407 G_L1: 31.214 D_real: 0.203 D_fake: 0.090 
(epoch: 2, iters: 5020, time: 0.028, data: 0.002) G_GAN: 2.722 G_L1: 43.883 D_real: 0.003 D_fake: 0.053 
(epoch: 2, iters: 5040, time: 0.028, data: 0.002) G_GAN: 2.003 G_L1: 45.067 D_real: 0.003 D_fake: 0.337 
(epoch: 2, iters: 5060, time: 0.028, data: 0.003) G_GAN: 2.953 G_L1: 36.768 D_real: 0.027 D_fake: 0.056 
(epoch: 2, iters: 5080, time: 0.028, data: 0.003) G_GAN: 1.225 G_L1: 30.522 D_real: 0.014 D_fake: 0.854 
(epoch: 2, iters: 5100, time: 0.028, data: 0.002) G_GAN: 1.875 G_L1: 36.540 D_real: 0.067 D_fake: 0.184 
(epoch: 2, iters: 5120, time: 0.028, data: 0.002) G_GAN: 2.046 G_L1: 22.092 D_real: 1.246 D_fake: 0.098 
(epoch: 2, iters: 5140, time: 0.028, data: 0.003) G_GAN: 5.944 G_L1: 28.562 D_real: 0.038 D_fake: 0.003 
(epoch: 2, iters: 5160, time: 0.028, data: 0.002) G_GAN: 1.780 G_L1: 32.279 D_real: 0.017 D_fake: 0.433 
(epoch: 2, iters: 5180, time: 0.028, data: 0.002) G_GAN: 3.502 G_L1: 32.279 D_real: 0.160 D_fake: 0.034 
(epoch: 2, iters: 5200, time: 0.028, data: 0.002) G_GAN: 2.331 G_L1: 34.859 D_real: 0.025 D_fake: 0.130 
(epoch: 2, iters: 5220, time: 0.028, data: 0.003) G_GAN: 1.589 G_L1: 31.841 D_real: 1.083 D_fake: 0.130 
(epoch: 2, iters: 5240, time: 0.027, data: 0.002) G_GAN: 3.766 G_L1: 31.446 D_real: 0.054 D_fake: 0.031 
(epoch: 2, iters: 5260, time: 0.028, data: 0.002) G_GAN: 2.461 G_L1: 32.819 D_real: 0.114 D_fake: 0.110 
(epoch: 2, iters: 5280, time: 0.028, data: 0.003) G_GAN: 3.333 G_L1: 36.220 D_real: 0.012 D_fake: 0.043 
(epoch: 2, iters: 5300, time: 0.028, data: 0.002) G_GAN: 4.075 G_L1: 34.573 D_real: 0.132 D_fake: 0.028 
(epoch: 2, iters: 5320, time: 0.028, data: 0.002) G_GAN: 1.631 G_L1: 35.390 D_real: 0.957 D_fake: 0.081 
(epoch: 2, iters: 5340, time: 0.028, data: 0.002) G_GAN: 3.477 G_L1: 24.835 D_real: 0.392 D_fake: 0.029 
(epoch: 2, iters: 5360, time: 0.028, data: 0.002) G_GAN: 2.869 G_L1: 33.819 D_real: 0.072 D_fake: 0.060 
(epoch: 2, iters: 5380, time: 0.028, data: 0.002) G_GAN: 2.260 G_L1: 33.492 D_real: 0.086 D_fake: 0.110 
(epoch: 2, iters: 5400, time: 0.028, data: 0.002) G_GAN: 5.103 G_L1: 31.828 D_real: 0.087 D_fake: 0.008 
(epoch: 2, iters: 5420, time: 0.028, data: 0.002) G_GAN: 1.630 G_L1: 24.234 D_real: 0.019 D_fake: 0.459 
(epoch: 2, iters: 5440, time: 0.028, data: 0.002) G_GAN: 3.710 G_L1: 32.740 D_real: 0.048 D_fake: 0.027 
(epoch: 2, iters: 5460, time: 0.028, data: 0.002) G_GAN: 1.999 G_L1: 30.065 D_real: 0.031 D_fake: 0.235 
(epoch: 2, iters: 5480, time: 0.028, data: 0.002) G_GAN: 1.999 G_L1: 41.436 D_real: 0.018 D_fake: 0.189 
(epoch: 2, iters: 5500, time: 0.028, data: 0.002) G_GAN: 2.320 G_L1: 30.892 D_real: 0.252 D_fake: 0.108 
(epoch: 2, iters: 5520, time: 0.028, data: 0.002) G_GAN: 1.263 G_L1: 24.174 D_real: 0.754 D_fake: 0.320 
(epoch: 2, iters: 5540, time: 0.028, data: 0.002) G_GAN: 2.409 G_L1: 40.161 D_real: 0.050 D_fake: 0.132 
(epoch: 2, iters: 5560, time: 0.028, data: 0.002) G_GAN: 1.361 G_L1: 37.407 D_real: 0.032 D_fake: 0.551 
(epoch: 2, iters: 5580, time: 0.021, data: 0.002) G_GAN: 6.294 G_L1: 40.568 D_real: 0.004 D_fake: 0.002 
saving the model at the end of epoch 2, iters 11160
End of epoch 2 / 2       Time Taken: 89 sec
==============================================================================
COLD-START DISCRIMINATOR - PROVENANCE
==============================================================================
latest_net_D.pth in this directory was NOT released with the GenCP weights.
No discriminator has ever been published for the GenCP HR model.

It was randomly initialised by tubitak/kaggle/train_c1_c2.py at the start of the run
recorded below, through the repository's own networks.define_D -> init_net -> init_weights
path, so that it starts in the distribution the training loop expects.

  created (UTC) : 2026-08-25T08:46:07.967890+00:00
  arm           : C1
  seed          : 43  (torch.manual_seed + torch.cuda.manual_seed_all, immediately before define_D)
  init scheme   : normal, gain 0.02  (init_type='normal', init_gain=0.02 - framework default)
  architecture  : define_D(input_nc=6, ndf=64, netD='basic', n_layers_D=3, norm='batch')
  parameters    : 2770500
  sha256        : e5dd55c8d02a5299a0326553955c3dc0a37d5706af0dc9977fc427903fdb91b5
  paired with   : latest_net_G.pth, the released GenCP HR RGB generator (genuinely pretrained)

Do not cite, publish, redistribute or reuse this file as a pretrained discriminator.
Any result produced from it starts from a cold, random D by design; see
tubitak/docs/phase-c-config.md, "Discriminator cold-start".

==============================================================================
[seed-hook] random/numpy/torch seeded with 43
/kaggle/working/GenCP/models/base_model.py:123: UserWarning: Detected call of `lr_scheduler.step()` before `optimizer.step()`. In PyTorch 1.1.0 and later, you should call them in the opposite order: `optimizer.step()` before `lr_scheduler.step()`.  Failure to do this will result in PyTorch skipping the first value of the learning rate schedule. See more details at https://pytorch.org/docs/stable/optim.html#how-to-adjust-learning-rate
  scheduler.step()
Warning: wandb package cannot be found. The option "--use_wandb" will result in error.
----------------- Options ---------------
                    LPIPS: False                         
               batch_size: 4                                    [default: 1]
                    beta1: 0.5                           
          checkpoints_dir: /kaggle/working/checkpoints          [default: ./checkpoints]
           continue_train: True                                 [default: False]
                crop_size: 256                           
                 dataroot: /kaggle/working/GenCP/datasets/tr    [default: None]
             dataset_mode: aligned                       
                direction: BtoA                                 [default: AtoB]
              display_env: main                          
             display_freq: 400                           
               display_id: -1                                   [default: 1]
            display_ncols: 4                             
             display_port: 8097                          
           display_server: http://localhost              
          display_winsize: 256                           
                    epoch: latest                        
              epoch_count: 3                                    [default: 1]
                 gan_mode: vanilla                       
                  gpu_ids: 0                             
                init_gain: 0.02                          
                init_type: normal                        
                 input_nc: 3                             
                  isTrain: True                                 [default: None]
                lambda_L1: 100.0                         
                load_iter: 0                                    [default: 0]
                load_size: 286                           
                       lr: 0.0001                               [default: 0.0002]
           lr_decay_iters: 50                            
                lr_policy: linear                        
         max_dataset_size: inf                           
                    model: pix2pix                              [default: cycle_gan]
                 n_epochs: 10                                   [default: 100]
           n_epochs_decay: 10                                   [default: 100]
               n_layers_D: 3                             
                     name: C1                                   [default: experiment_name]
                      ndf: 64                            
                     netD: basic                         
                     netG: unet_256                      
                      ngf: 64                            
               no_dropout: False                         
                  no_flip: False                         
                  no_html: False                         
                     norm: batch                         
              num_threads: 4                             
                output_nc: 3                             
                    phase: train                         
                pool_size: 0                             
               preprocess: resize_and_crop               
               print_freq: 10                                   [default: 100]
             save_by_iter: False                         
          save_epoch_freq: 1                                    [default: 5]
         save_latest_freq: 5000                          
           serial_batches: False                         
                   suffix:                               
         update_html_freq: 1000                          
                use_wandb: False                         
                  verbose: False                         
       wandb_project_name: CycleGAN-and-pix2pix          
----------------- End -------------------
dataset [AlignedDataset] was created
The number of training images = 5577
initialize network with normal
initialize network with normal
model [Pix2PixModel] was created
loading the model from /kaggle/working/checkpoints/C1/latest_net_G.pth
loading the model from /kaggle/working/checkpoints/C1/latest_net_D.pth
---------- Networks initialized -------------
[Network G] Total number of parameters : 54.414 M
[Network D] Total number of parameters : 2.769 M
-----------------------------------------------
create web directory /kaggle/working/checkpoints/C1/web...
learning rate 0.0001000 -> 0.0001000
/kaggle/working/GenCP/models/base_model.py:141: UserWarning: Converting a tensor with requires_grad=True to a scalar may lead to unexpected behavior.
Consider using tensor.detach() first. (Triggered internally at /pytorch/torch/csrc/autograd/generated/python_variable_methods.cpp:836.)
  errors_ret[name] = float(getattr(self, 'loss_' + name))  # float(...) works for both scalar tensor and float number
(epoch: 3, iters: 20, time: 0.027, data: 0.319) G_GAN: 2.178 G_L1: 38.270 D_real: 0.006 D_fake: 1.647 
(epoch: 3, iters: 40, time: 0.028, data: 0.000) G_GAN: 3.685 G_L1: 46.761 D_real: 0.011 D_fake: 0.055 
(epoch: 3, iters: 60, time: 0.028, data: 0.002) G_GAN: 4.961 G_L1: 33.894 D_real: 0.048 D_fake: 0.009 
(epoch: 3, iters: 80, time: 0.028, data: 0.002) G_GAN: 3.311 G_L1: 42.392 D_real: 0.018 D_fake: 0.106 
(epoch: 3, iters: 100, time: 0.028, data: 0.002) G_GAN: 1.961 G_L1: 26.847 D_real: 2.671 D_fake: 0.097 
(epoch: 3, iters: 120, time: 0.028, data: 0.002) G_GAN: 1.737 G_L1: 36.769 D_real: 0.103 D_fake: 0.171 
(epoch: 3, iters: 140, time: 0.028, data: 0.002) G_GAN: 2.455 G_L1: 56.324 D_real: 0.001 D_fake: 0.274 
(epoch: 3, iters: 160, time: 0.028, data: 0.002) G_GAN: 2.794 G_L1: 36.429 D_real: 0.014 D_fake: 0.058 
(epoch: 3, iters: 180, time: 0.029, data: 0.002) G_GAN: 2.910 G_L1: 30.385 D_real: 0.109 D_fake: 0.042 
(epoch: 3, iters: 200, time: 0.028, data: 0.002) G_GAN: 2.286 G_L1: 44.965 D_real: 0.008 D_fake: 0.240 
(epoch: 3, iters: 220, time: 0.028, data: 0.002) G_GAN: 2.104 G_L1: 32.386 D_real: 0.008 D_fake: 0.228 
(epoch: 3, iters: 240, time: 0.028, data: 0.002) G_GAN: 0.925 G_L1: 29.136 D_real: 1.831 D_fake: 0.137 
(epoch: 3, iters: 260, time: 0.028, data: 0.002) G_GAN: 2.816 G_L1: 34.315 D_real: 0.041 D_fake: 0.069 
(epoch: 3, iters: 280, time: 0.028, data: 0.002) G_GAN: 1.695 G_L1: 29.418 D_real: 0.748 D_fake: 0.074 
(epoch: 3, iters: 300, time: 0.028, data: 0.002) G_GAN: 3.163 G_L1: 34.354 D_real: 0.021 D_fake: 0.293 
(epoch: 3, iters: 320, time: 0.028, data: 0.002) G_GAN: 3.772 G_L1: 42.156 D_real: 0.010 D_fake: 0.038 
(epoch: 3, iters: 340, time: 0.028, data: 0.002) G_GAN: 2.629 G_L1: 31.600 D_real: 0.283 D_fake: 0.204 
(epoch: 3, iters: 360, time: 0.028, data: 0.002) G_GAN: 3.719 G_L1: 39.363 D_real: 0.172 D_fake: 0.021 
(epoch: 3, iters: 380, time: 0.028, data: 0.002) G_GAN: 5.611 G_L1: 32.109 D_real: 0.398 D_fake: 0.004 
(epoch: 3, iters: 400, time: 0.044, data: 0.002) G_GAN: 2.857 G_L1: 25.848 D_real: 0.132 D_fake: 0.088 
(epoch: 3, iters: 420, time: 0.028, data: 0.002) G_GAN: 2.162 G_L1: 29.233 D_real: 0.271 D_fake: 1.590 
(epoch: 3, iters: 440, time: 0.028, data: 0.002) G_GAN: 1.116 G_L1: 28.106 D_real: 1.328 D_fake: 0.582 
(epoch: 3, iters: 460, time: 0.030, data: 0.002) G_GAN: 2.820 G_L1: 36.896 D_real: 0.012 D_fake: 0.126 
(epoch: 3, iters: 480, time: 0.028, data: 0.002) G_GAN: 1.626 G_L1: 28.877 D_real: 0.283 D_fake: 0.173 
(epoch: 3, iters: 500, time: 0.028, data: 0.002) G_GAN: 2.881 G_L1: 33.280 D_real: 0.009 D_fake: 0.103 
(epoch: 3, iters: 520, time: 0.029, data: 0.002) G_GAN: 2.668 G_L1: 32.941 D_real: 0.145 D_fake: 0.073 
(epoch: 3, iters: 540, time: 0.028, data: 0.002) G_GAN: 3.475 G_L1: 35.184 D_real: 0.012 D_fake: 0.053 
(epoch: 3, iters: 560, time: 0.028, data: 0.002) G_GAN: 2.348 G_L1: 35.189 D_real: 0.004 D_fake: 0.685 
(epoch: 3, iters: 580, time: 0.028, data: 0.002) G_GAN: 2.420 G_L1: 30.419 D_real: 0.138 D_fake: 0.077 
(epoch: 3, iters: 600, time: 0.029, data: 0.002) G_GAN: 0.863 G_L1: 21.037 D_real: 0.790 D_fake: 0.361 
(epoch: 3, iters: 620, time: 0.028, data: 0.002) G_GAN: 3.253 G_L1: 40.124 D_real: 0.023 D_fake: 0.060 
(epoch: 3, iters: 640, time: 0.028, data: 0.002) G_GAN: 3.085 G_L1: 37.679 D_real: 0.038 D_fake: 0.062 
(epoch: 3, iters: 660, time: 0.028, data: 0.002) G_GAN: 2.217 G_L1: 34.728 D_real: 0.078 D_fake: 0.325 
(epoch: 3, iters: 680, time: 0.028, data: 0.002) G_GAN: 3.428 G_L1: 35.886 D_real: 0.039 D_fake: 0.108 
(epoch: 3, iters: 700, time: 0.028, data: 0.002) G_GAN: 3.697 G_L1: 45.238 D_real: 0.004 D_fake: 0.025 
(epoch: 3, iters: 720, time: 0.028, data: 0.002) G_GAN: 2.323 G_L1: 38.112 D_real: 0.577 D_fake: 0.046 
(epoch: 3, iters: 740, time: 0.028, data: 0.002) G_GAN: 2.575 G_L1: 36.049 D_real: 0.003 D_fake: 0.143 
(epoch: 3, iters: 760, time: 0.028, data: 0.002) G_GAN: 3.673 G_L1: 28.640 D_real: 0.092 D_fake: 0.033 
(epoch: 3, iters: 780, time: 0.028, data: 0.002) G_GAN: 3.450 G_L1: 32.072 D_real: 0.017 D_fake: 0.048 
(epoch: 3, iters: 800, time: 0.028, data: 0.002) G_GAN: 2.614 G_L1: 30.715 D_real: 0.906 D_fake: 0.026 
(epoch: 3, iters: 820, time: 0.028, data: 0.002) G_GAN: 3.953 G_L1: 40.107 D_real: 0.021 D_fake: 0.028 
(epoch: 3, iters: 840, time: 0.028, data: 0.002) G_GAN: 1.909 G_L1: 32.369 D_real: 0.682 D_fake: 0.240 
(epoch: 3, iters: 860, time: 0.026, data: 0.004) G_GAN: 2.750 G_L1: 32.611 D_real: 1.148 D_fake: 0.027 
(epoch: 3, iters: 880, time: 0.026, data: 0.010) G_GAN: 2.158 G_L1: 30.172 D_real: 0.490 D_fake: 0.127 
(epoch: 3, iters: 900, time: 0.027, data: 0.004) G_GAN: 2.505 G_L1: 28.458 D_real: 0.078 D_fake: 0.229 
(epoch: 3, iters: 920, time: 0.026, data: 0.003) G_GAN: 0.543 G_L1: 21.484 D_real: 2.095 D_fake: 0.087 
(epoch: 3, iters: 940, time: 0.027, data: 0.003) G_GAN: 2.280 G_L1: 33.715 D_real: 0.226 D_fake: 0.082 
(epoch: 3, iters: 960, time: 0.028, data: 0.002) G_GAN: 2.468 G_L1: 22.642 D_real: 1.788 D_fake: 0.018 
(epoch: 3, iters: 980, time: 0.028, data: 0.002) G_GAN: 0.494 G_L1: 28.234 D_real: 2.263 D_fake: 0.079 
(epoch: 3, iters: 1000, time: 0.028, data: 0.003) G_GAN: 3.249 G_L1: 31.772 D_real: 0.058 D_fake: 0.073 
(epoch: 3, iters: 1020, time: 0.028, data: 0.002) G_GAN: 0.637 G_L1: 16.945 D_real: 1.842 D_fake: 0.115 
(epoch: 3, iters: 1040, time: 0.028, data: 0.002) G_GAN: 1.134 G_L1: 27.767 D_real: 2.073 D_fake: 0.029 
(epoch: 3, iters: 1060, time: 0.028, data: 0.002) G_GAN: 2.410 G_L1: 40.677 D_real: 0.005 D_fake: 1.316 
(epoch: 3, iters: 1080, time: 0.028, data: 0.002) G_GAN: 3.587 G_L1: 29.470 D_real: 0.098 D_fake: 0.030 
(epoch: 3, iters: 1100, time: 0.028, data: 0.002) G_GAN: 3.886 G_L1: 34.175 D_real: 0.210 D_fake: 0.021 
(epoch: 3, iters: 1120, time: 0.028, data: 0.002) G_GAN: 0.953 G_L1: 26.395 D_real: 2.028 D_fake: 0.100 
(epoch: 3, iters: 1140, time: 0.028, data: 0.002) G_GAN: 1.740 G_L1: 30.325 D_real: 0.534 D_fake: 0.142 
(epoch: 3, iters: 1160, time: 0.028, data: 0.002) G_GAN: 3.306 G_L1: 30.034 D_real: 0.152 D_fake: 0.043 
(epoch: 3, iters: 1180, time: 0.028, data: 0.002) G_GAN: 4.888 G_L1: 32.542 D_real: 0.061 D_fake: 0.009 
(epoch: 3, iters: 1200, time: 0.028, data: 0.002) G_GAN: 2.343 G_L1: 27.550 D_real: 0.134 D_fake: 0.074 
(epoch: 3, iters: 1220, time: 0.028, data: 0.002) G_GAN: 3.181 G_L1: 29.574 D_real: 0.045 D_fake: 0.148 
(epoch: 3, iters: 1240, time: 0.028, data: 0.002) G_GAN: 1.095 G_L1: 23.236 D_real: 1.816 D_fake: 0.053 
(epoch: 3, iters: 1260, time: 0.028, data: 0.002) G_GAN: 4.539 G_L1: 39.826 D_real: 0.055 D_fake: 0.014 
(epoch: 3, iters: 1280, time: 0.029, data: 0.002) G_GAN: 2.500 G_L1: 32.024 D_real: 0.183 D_fake: 0.478 
(epoch: 3, iters: 1300, time: 0.028, data: 0.002) G_GAN: 2.517 G_L1: 30.478 D_real: 0.059 D_fake: 0.082 
(epoch: 3, iters: 1320, time: 0.028, data: 0.002) G_GAN: 2.612 G_L1: 22.021 D_real: 0.269 D_fake: 0.083 
(epoch: 3, iters: 1340, time: 0.028, data: 0.002) G_GAN: 1.930 G_L1: 30.190 D_real: 0.085 D_fake: 0.166 
(epoch: 3, iters: 1360, time: 0.028, data: 0.002) G_GAN: 1.939 G_L1: 24.856 D_real: 0.097 D_fake: 0.109 
(epoch: 3, iters: 1380, time: 0.028, data: 0.002) G_GAN: 3.061 G_L1: 34.080 D_real: 0.021 D_fake: 0.074 
(epoch: 3, iters: 1400, time: 0.028, data: 0.002) G_GAN: 2.791 G_L1: 31.986 D_real: 0.071 D_fake: 0.040 
(epoch: 3, iters: 1420, time: 0.028, data: 0.002) G_GAN: 1.891 G_L1: 29.932 D_real: 0.006 D_fake: 0.278 
(epoch: 3, iters: 1440, time: 0.028, data: 0.002) G_GAN: 2.595 G_L1: 29.747 D_real: 0.238 D_fake: 0.157 
(epoch: 3, iters: 1460, time: 0.028, data: 0.002) G_GAN: 3.871 G_L1: 36.971 D_real: 0.132 D_fake: 0.028 
(epoch: 3, iters: 1480, time: 0.028, data: 0.002) G_GAN: 2.959 G_L1: 31.412 D_real: 0.229 D_fake: 0.114 
(epoch: 3, iters: 1500, time: 0.028, data: 0.002) G_GAN: 1.950 G_L1: 28.257 D_real: 0.365 D_fake: 0.218 
(epoch: 3, iters: 1520, time: 0.028, data: 0.002) G_GAN: 4.611 G_L1: 34.195 D_real: 0.041 D_fake: 0.014 
(epoch: 3, iters: 1540, time: 0.028, data: 0.003) G_GAN: 2.819 G_L1: 34.184 D_real: 0.009 D_fake: 0.057 
(epoch: 3, iters: 1560, time: 0.028, data: 0.002) G_GAN: 1.682 G_L1: 36.050 D_real: 0.008 D_fake: 0.224 
(epoch: 3, iters: 1580, time: 0.028, data: 0.002) G_GAN: 3.429 G_L1: 34.892 D_real: 0.079 D_fake: 0.040 
(epoch: 3, iters: 1600, time: 0.028, data: 0.002) G_GAN: 2.159 G_L1: 36.340 D_real: 0.049 D_fake: 0.178 
(epoch: 3, iters: 1620, time: 0.028, data: 0.003) G_GAN: 4.882 G_L1: 32.520 D_real: 0.633 D_fake: 0.008 
(epoch: 3, iters: 1640, time: 0.029, data: 0.002) G_GAN: 1.650 G_L1: 34.369 D_real: 0.162 D_fake: 0.602 
(epoch: 3, iters: 1660, time: 0.028, data: 0.002) G_GAN: 3.749 G_L1: 29.855 D_real: 0.921 D_fake: 0.010 
(epoch: 3, iters: 1680, time: 0.028, data: 0.002) G_GAN: 3.253 G_L1: 35.829 D_real: 0.052 D_fake: 0.047 
(epoch: 3, iters: 1700, time: 0.028, data: 0.002) G_GAN: 2.433 G_L1: 38.837 D_real: 0.013 D_fake: 0.186 
(epoch: 3, iters: 1720, time: 0.028, data: 0.002) G_GAN: 1.780 G_L1: 34.739 D_real: 0.006 D_fake: 0.930 
(epoch: 3, iters: 1740, time: 0.028, data: 0.002) G_GAN: 1.401 G_L1: 27.384 D_real: 0.306 D_fake: 0.254 
(epoch: 3, iters: 1760, time: 0.028, data: 0.002) G_GAN: 2.532 G_L1: 26.046 D_real: 0.544 D_fake: 0.050 
(epoch: 3, iters: 1780, time: 0.028, data: 0.002) G_GAN: 1.388 G_L1: 20.994 D_real: 0.913 D_fake: 0.053 
(epoch: 3, iters: 1800, time: 0.028, data: 0.002) G_GAN: 2.561 G_L1: 31.786 D_real: 0.100 D_fake: 0.094 
(epoch: 3, iters: 1820, time: 0.028, data: 0.002) G_GAN: 1.726 G_L1: 30.194 D_real: 0.190 D_fake: 0.961 
(epoch: 3, iters: 1840, time: 0.028, data: 0.002) G_GAN: 3.529 G_L1: 36.497 D_real: 0.388 D_fake: 0.028 
(epoch: 3, iters: 1860, time: 0.029, data: 0.002) G_GAN: 3.875 G_L1: 30.635 D_real: 0.113 D_fake: 0.020 
(epoch: 3, iters: 1880, time: 0.029, data: 0.002) G_GAN: 1.310 G_L1: 25.765 D_real: 2.460 D_fake: 0.024 
(epoch: 3, iters: 1900, time: 0.028, data: 0.002) G_GAN: 4.676 G_L1: 35.447 D_real: 0.102 D_fake: 0.018 
(epoch: 3, iters: 1920, time: 0.028, data: 0.002) G_GAN: 1.998 G_L1: 28.289 D_real: 0.216 D_fake: 0.391 
(epoch: 3, iters: 1940, time: 0.028, data: 0.002) G_GAN: 3.479 G_L1: 42.490 D_real: 0.008 D_fake: 0.058 
(epoch: 3, iters: 1960, time: 0.028, data: 0.002) G_GAN: 1.771 G_L1: 26.549 D_real: 0.867 D_fake: 0.063 
(epoch: 3, iters: 1980, time: 0.028, data: 0.002) G_GAN: 3.422 G_L1: 34.096 D_real: 0.859 D_fake: 0.019 
(epoch: 3, iters: 2000, time: 0.039, data: 0.002) G_GAN: 4.671 G_L1: 34.711 D_real: 0.050 D_fake: 0.011 
(epoch: 3, iters: 2020, time: 0.028, data: 0.002) G_GAN: 1.476 G_L1: 47.473 D_real: 0.005 D_fake: 0.527 
(epoch: 3, iters: 2040, time: 0.028, data: 0.002) G_GAN: 1.336 G_L1: 18.233 D_real: 0.224 D_fake: 1.013 
(epoch: 3, iters: 2060, time: 0.029, data: 0.002) G_GAN: 5.201 G_L1: 32.442 D_real: 0.105 D_fake: 0.005 
(epoch: 3, iters: 2080, time: 0.028, data: 0.002) G_GAN: 1.493 G_L1: 24.414 D_real: 0.511 D_fake: 0.716 
(epoch: 3, iters: 2100, time: 0.028, data: 0.002) G_GAN: 2.743 G_L1: 33.666 D_real: 0.160 D_fake: 0.087 
(epoch: 3, iters: 2120, time: 0.029, data: 0.003) G_GAN: 2.506 G_L1: 28.495 D_real: 0.030 D_fake: 0.047 
(epoch: 3, iters: 2140, time: 0.028, data: 0.002) G_GAN: 2.311 G_L1: 33.578 D_real: 0.156 D_fake: 0.069 
(epoch: 3, iters: 2160, time: 0.028, data: 0.002) G_GAN: 0.980 G_L1: 26.175 D_real: 0.821 D_fake: 0.649 
(epoch: 3, iters: 2180, time: 0.029, data: 0.002) G_GAN: 1.311 G_L1: 26.667 D_real: 0.372 D_fake: 0.133 
(epoch: 3, iters: 2200, time: 0.028, data: 0.002) G_GAN: 2.365 G_L1: 32.720 D_real: 0.092 D_fake: 0.170 
(epoch: 3, iters: 2220, time: 0.028, data: 0.002) G_GAN: 2.985 G_L1: 34.608 D_real: 0.003 D_fake: 0.078 
(epoch: 3, iters: 2240, time: 0.028, data: 0.002) G_GAN: 1.515 G_L1: 29.071 D_real: 0.032 D_fake: 1.185 
(epoch: 3, iters: 2260, time: 0.028, data: 0.002) G_GAN: 3.907 G_L1: 25.517 D_real: 0.381 D_fake: 0.018 
(epoch: 3, iters: 2280, time: 0.029, data: 0.002) G_GAN: 2.416 G_L1: 41.029 D_real: 0.029 D_fake: 0.459 
(epoch: 3, iters: 2300, time: 0.028, data: 0.002) G_GAN: 1.725 G_L1: 26.292 D_real: 0.336 D_fake: 0.519 
(epoch: 3, iters: 2320, time: 0.028, data: 0.002) G_GAN: 2.751 G_L1: 27.862 D_real: 0.207 D_fake: 0.108 
(epoch: 3, iters: 2340, time: 0.028, data: 0.002) G_GAN: 2.571 G_L1: 26.684 D_real: 0.571 D_fake: 0.036 
(epoch: 3, iters: 2360, time: 0.028, data: 0.002) G_GAN: 2.209 G_L1: 28.249 D_real: 0.289 D_fake: 0.092 
(epoch: 3, iters: 2380, time: 0.028, data: 0.002) G_GAN: 3.031 G_L1: 34.085 D_real: 0.251 D_fake: 0.036 
(epoch: 3, iters: 2400, time: 0.029, data: 0.002) G_GAN: 1.790 G_L1: 26.122 D_real: 0.157 D_fake: 1.294 
(epoch: 3, iters: 2420, time: 0.028, data: 0.003) G_GAN: 1.489 G_L1: 35.892 D_real: 0.011 D_fake: 0.377 
(epoch: 3, iters: 2440, time: 0.028, data: 0.002) G_GAN: 2.306 G_L1: 37.425 D_real: 0.004 D_fake: 0.917 
(epoch: 3, iters: 2460, time: 0.029, data: 0.002) G_GAN: 1.720 G_L1: 35.323 D_real: 0.420 D_fake: 0.144 
(epoch: 3, iters: 2480, time: 0.029, data: 0.002) G_GAN: 0.765 G_L1: 25.766 D_real: 1.203 D_fake: 0.143 
(epoch: 3, iters: 2500, time: 0.028, data: 0.002) G_GAN: 1.819 G_L1: 28.529 D_real: 0.187 D_fake: 0.170 
(epoch: 3, iters: 2520, time: 0.028, data: 0.002) G_GAN: 1.789 G_L1: 27.917 D_real: 0.049 D_fake: 0.431 
(epoch: 3, iters: 2540, time: 0.028, data: 0.002) G_GAN: 3.299 G_L1: 38.504 D_real: 0.068 D_fake: 0.045 
(epoch: 3, iters: 2560, time: 0.029, data: 0.002) G_GAN: 1.600 G_L1: 29.949 D_real: 0.412 D_fake: 0.288 
(epoch: 3, iters: 2580, time: 0.029, data: 0.002) G_GAN: 2.736 G_L1: 27.758 D_real: 0.005 D_fake: 0.223 
(epoch: 3, iters: 2600, time: 0.028, data: 0.002) G_GAN: 1.359 G_L1: 43.479 D_real: 0.073 D_fake: 0.318 
(epoch: 3, iters: 2620, time: 0.028, data: 0.002) G_GAN: 3.046 G_L1: 34.700 D_real: 0.081 D_fake: 0.063 
(epoch: 3, iters: 2640, time: 0.028, data: 0.002) G_GAN: 3.344 G_L1: 36.513 D_real: 0.015 D_fake: 0.079 
(epoch: 3, iters: 2660, time: 0.028, data: 0.002) G_GAN: 1.886 G_L1: 32.429 D_real: 0.315 D_fake: 2.121 
(epoch: 3, iters: 2680, time: 0.028, data: 0.002) G_GAN: 1.900 G_L1: 37.738 D_real: 0.009 D_fake: 0.552 
(epoch: 3, iters: 2700, time: 0.029, data: 0.002) G_GAN: 1.756 G_L1: 32.577 D_real: 1.281 D_fake: 0.031 
(epoch: 3, iters: 2720, time: 0.028, data: 0.002) G_GAN: 1.131 G_L1: 29.610 D_real: 1.127 D_fake: 0.049 
(epoch: 3, iters: 2740, time: 0.028, data: 0.002) G_GAN: 2.729 G_L1: 29.588 D_real: 0.410 D_fake: 0.035 
(epoch: 3, iters: 2760, time: 0.028, data: 0.002) G_GAN: 6.339 G_L1: 37.466 D_real: 0.011 D_fake: 0.002 
(epoch: 3, iters: 2780, time: 0.028, data: 0.002) G_GAN: 3.178 G_L1: 27.296 D_real: 0.090 D_fake: 0.074 
(epoch: 3, iters: 2800, time: 0.029, data: 0.002) G_GAN: 2.687 G_L1: 40.089 D_real: 0.004 D_fake: 0.125 
(epoch: 3, iters: 2820, time: 0.029, data: 0.002) G_GAN: 4.779 G_L1: 38.307 D_real: 0.004 D_fake: 0.010 
(epoch: 3, iters: 2840, time: 0.028, data: 0.002) G_GAN: 3.137 G_L1: 39.138 D_real: 0.003 D_fake: 0.059 
(epoch: 3, iters: 2860, time: 0.028, data: 0.002) G_GAN: 3.227 G_L1: 43.096 D_real: 0.008 D_fake: 0.048 
(epoch: 3, iters: 2880, time: 0.029, data: 0.002) G_GAN: 1.688 G_L1: 31.097 D_real: 0.067 D_fake: 0.469 
(epoch: 3, iters: 2900, time: 0.028, data: 0.002) G_GAN: 2.920 G_L1: 27.325 D_real: 0.012 D_fake: 0.520 
(epoch: 3, iters: 2920, time: 0.028, data: 0.002) G_GAN: 1.745 G_L1: 31.916 D_real: 0.020 D_fake: 0.678 
(epoch: 3, iters: 2940, time: 0.028, data: 0.002) G_GAN: 1.956 G_L1: 31.349 D_real: 0.031 D_fake: 0.310 
(epoch: 3, iters: 2960, time: 0.029, data: 0.002) G_GAN: 3.264 G_L1: 34.000 D_real: 0.253 D_fake: 0.058 
(epoch: 3, iters: 2980, time: 0.029, data: 0.003) G_GAN: 2.980 G_L1: 36.395 D_real: 0.006 D_fake: 0.606 
(epoch: 3, iters: 3000, time: 0.028, data: 0.002) G_GAN: 0.373 G_L1: 28.871 D_real: 1.972 D_fake: 0.041 
(epoch: 3, iters: 3020, time: 0.028, data: 0.002) G_GAN: 4.389 G_L1: 48.238 D_real: 0.002 D_fake: 0.022 
(epoch: 3, iters: 3040, time: 0.029, data: 0.002) G_GAN: 2.126 G_L1: 32.285 D_real: 0.303 D_fake: 0.080 
(epoch: 3, iters: 3060, time: 0.029, data: 0.002) G_GAN: 2.907 G_L1: 28.174 D_real: 0.021 D_fake: 0.551 
(epoch: 3, iters: 3080, time: 0.028, data: 0.002) G_GAN: 2.701 G_L1: 33.917 D_real: 0.394 D_fake: 0.040 
(epoch: 3, iters: 3100, time: 0.028, data: 0.002) G_GAN: 4.558 G_L1: 39.771 D_real: 0.014 D_fake: 0.011 
(epoch: 3, iters: 3120, time: 0.029, data: 0.002) G_GAN: 1.874 G_L1: 39.563 D_real: 0.085 D_fake: 0.268 
(epoch: 3, iters: 3140, time: 0.028, data: 0.002) G_GAN: 0.909 G_L1: 27.974 D_real: 1.159 D_fake: 0.233 
(epoch: 3, iters: 3160, time: 0.029, data: 0.002) G_GAN: 3.192 G_L1: 25.399 D_real: 2.380 D_fake: 0.006 
(epoch: 3, iters: 3180, time: 0.029, data: 0.002) G_GAN: 2.162 G_L1: 30.794 D_real: 0.057 D_fake: 0.253 
(epoch: 3, iters: 3200, time: 0.029, data: 0.002) G_GAN: 1.800 G_L1: 39.933 D_real: 0.005 D_fake: 0.637 
(epoch: 3, iters: 3220, time: 0.028, data: 0.002) G_GAN: 3.199 G_L1: 36.572 D_real: 0.055 D_fake: 0.074 
(epoch: 3, iters: 3240, time: 0.028, data: 0.002) G_GAN: 2.527 G_L1: 44.812 D_real: 0.005 D_fake: 0.362 
(epoch: 3, iters: 3260, time: 0.028, data: 0.002) G_GAN: 0.332 G_L1: 28.215 D_real: 0.804 D_fake: 0.284 
(epoch: 3, iters: 3280, time: 0.028, data: 0.002) G_GAN: 2.538 G_L1: 39.975 D_real: 0.002 D_fake: 0.876 
(epoch: 3, iters: 3300, time: 0.028, data: 0.003) G_GAN: 1.977 G_L1: 40.767 D_real: 0.001 D_fake: 2.334 
(epoch: 3, iters: 3320, time: 0.028, data: 0.002) G_GAN: 2.365 G_L1: 37.959 D_real: 0.031 D_fake: 0.284 
(epoch: 3, iters: 3340, time: 0.028, data: 0.002) G_GAN: 1.156 G_L1: 34.455 D_real: 0.593 D_fake: 0.211 
(epoch: 3, iters: 3360, time: 0.028, data: 0.002) G_GAN: 1.714 G_L1: 32.965 D_real: 1.268 D_fake: 0.038 
(epoch: 3, iters: 3380, time: 0.028, data: 0.002) G_GAN: 2.339 G_L1: 36.636 D_real: 0.092 D_fake: 0.197 
(epoch: 3, iters: 3400, time: 0.029, data: 0.002) G_GAN: 2.912 G_L1: 32.620 D_real: 0.199 D_fake: 0.074 
(epoch: 3, iters: 3420, time: 0.028, data: 0.002) G_GAN: 3.692 G_L1: 44.370 D_real: 0.035 D_fake: 0.089 
(epoch: 3, iters: 3440, time: 0.028, data: 0.002) G_GAN: 2.764 G_L1: 36.694 D_real: 0.184 D_fake: 0.078 
(epoch: 3, iters: 3460, time: 0.029, data: 0.002) G_GAN: 0.696 G_L1: 28.670 D_real: 2.881 D_fake: 0.082 
(epoch: 3, iters: 3480, time: 0.029, data: 0.002) G_GAN: 3.428 G_L1: 36.109 D_real: 0.018 D_fake: 0.055 
(epoch: 3, iters: 3500, time: 0.028, data: 0.002) G_GAN: 2.662 G_L1: 46.835 D_real: 0.004 D_fake: 0.164 
(epoch: 3, iters: 3520, time: 0.028, data: 0.002) G_GAN: 2.688 G_L1: 42.946 D_real: 0.051 D_fake: 0.105 
(epoch: 3, iters: 3540, time: 0.028, data: 0.002) G_GAN: 3.281 G_L1: 43.144 D_real: 0.012 D_fake: 0.135 
(epoch: 3, iters: 3560, time: 0.029, data: 0.002) G_GAN: 2.057 G_L1: 32.027 D_real: 0.211 D_fake: 0.093 
(epoch: 3, iters: 3580, time: 0.029, data: 0.002) G_GAN: 1.775 G_L1: 27.445 D_real: 1.306 D_fake: 0.049 
(epoch: 3, iters: 3600, time: 0.029, data: 0.002) G_GAN: 1.065 G_L1: 30.499 D_real: 0.674 D_fake: 0.160 
(epoch: 3, iters: 3620, time: 0.028, data: 0.002) G_GAN: 4.606 G_L1: 34.846 D_real: 0.225 D_fake: 0.008 
(epoch: 3, iters: 3640, time: 0.028, data: 0.002) G_GAN: 3.435 G_L1: 38.397 D_real: 0.023 D_fake: 0.042 
(epoch: 3, iters: 3660, time: 0.028, data: 0.002) G_GAN: 1.945 G_L1: 34.354 D_real: 0.734 D_fake: 0.074 
(epoch: 3, iters: 3680, time: 0.029, data: 0.002) G_GAN: 0.910 G_L1: 30.782 D_real: 0.988 D_fake: 0.126 
(epoch: 3, iters: 3700, time: 0.028, data: 0.003) G_GAN: 2.909 G_L1: 40.258 D_real: 0.009 D_fake: 0.209 
(epoch: 3, iters: 3720, time: 0.028, data: 0.002) G_GAN: 3.853 G_L1: 41.376 D_real: 0.033 D_fake: 0.027 
(epoch: 3, iters: 3740, time: 0.028, data: 0.002) G_GAN: 3.551 G_L1: 23.958 D_real: 4.138 D_fake: 0.020 
(epoch: 3, iters: 3760, time: 0.028, data: 0.002) G_GAN: 2.522 G_L1: 44.651 D_real: 0.002 D_fake: 0.146 
(epoch: 3, iters: 3780, time: 0.028, data: 0.002) G_GAN: 2.545 G_L1: 33.073 D_real: 0.030 D_fake: 0.139 
(epoch: 3, iters: 3800, time: 0.028, data: 0.002) G_GAN: 2.664 G_L1: 31.845 D_real: 0.188 D_fake: 0.115 
(epoch: 3, iters: 3820, time: 0.029, data: 0.002) G_GAN: 1.988 G_L1: 42.634 D_real: 0.002 D_fake: 0.337 
(epoch: 3, iters: 3840, time: 0.028, data: 0.002) G_GAN: 3.160 G_L1: 32.879 D_real: 1.853 D_fake: 0.010 
(epoch: 3, iters: 3860, time: 0.029, data: 0.002) G_GAN: 2.982 G_L1: 32.275 D_real: 0.004 D_fake: 1.823 
(epoch: 3, iters: 3880, time: 0.028, data: 0.003) G_GAN: 2.344 G_L1: 38.639 D_real: 0.053 D_fake: 0.103 
(epoch: 3, iters: 3900, time: 0.028, data: 0.002) G_GAN: 1.895 G_L1: 39.157 D_real: 0.001 D_fake: 0.260 
(epoch: 3, iters: 3920, time: 0.028, data: 0.002) G_GAN: 2.356 G_L1: 23.810 D_real: 0.233 D_fake: 0.633 
(epoch: 3, iters: 3940, time: 0.028, data: 0.002) G_GAN: 1.746 G_L1: 33.577 D_real: 0.017 D_fake: 0.193 
(epoch: 3, iters: 3960, time: 0.028, data: 0.002) G_GAN: 4.694 G_L1: 42.990 D_real: 0.083 D_fake: 0.014 
(epoch: 3, iters: 3980, time: 0.028, data: 0.002) G_GAN: 2.425 G_L1: 38.801 D_real: 0.003 D_fake: 0.101 
(epoch: 3, iters: 4000, time: 0.039, data: 0.002) G_GAN: 2.955 G_L1: 26.220 D_real: 2.340 D_fake: 0.010 
(epoch: 3, iters: 4020, time: 0.028, data: 0.002) G_GAN: 1.425 G_L1: 35.497 D_real: 0.009 D_fake: 0.594 
(epoch: 3, iters: 4040, time: 0.028, data: 0.002) G_GAN: 2.579 G_L1: 33.577 D_real: 0.035 D_fake: 0.218 
(epoch: 3, iters: 4060, time: 0.029, data: 0.002) G_GAN: 2.583 G_L1: 33.668 D_real: 0.041 D_fake: 0.058 
(epoch: 3, iters: 4080, time: 0.028, data: 0.002) G_GAN: 4.204 G_L1: 31.418 D_real: 0.032 D_fake: 0.019 
(epoch: 3, iters: 4100, time: 0.028, data: 0.003) G_GAN: 1.820 G_L1: 20.321 D_real: 0.392 D_fake: 0.099 
(epoch: 3, iters: 4120, time: 0.028, data: 0.002) G_GAN: 2.654 G_L1: 30.599 D_real: 0.297 D_fake: 0.065 
(epoch: 3, iters: 4140, time: 0.029, data: 0.002) G_GAN: 2.069 G_L1: 28.560 D_real: 0.027 D_fake: 0.186 
(epoch: 3, iters: 4160, time: 0.028, data: 0.002) G_GAN: 2.668 G_L1: 38.942 D_real: 0.018 D_fake: 0.192 
(epoch: 3, iters: 4180, time: 0.028, data: 0.002) G_GAN: 1.412 G_L1: 25.002 D_real: 0.514 D_fake: 0.367 
(epoch: 3, iters: 4200, time: 0.028, data: 0.003) G_GAN: 2.903 G_L1: 31.284 D_real: 0.312 D_fake: 0.038 
(epoch: 3, iters: 4220, time: 0.028, data: 0.002) G_GAN: 3.836 G_L1: 38.846 D_real: 0.260 D_fake: 0.024 
(epoch: 3, iters: 4240, time: 0.028, data: 0.002) G_GAN: 2.716 G_L1: 35.453 D_real: 0.009 D_fake: 0.149 
(epoch: 3, iters: 4260, time: 0.028, data: 0.003) G_GAN: 1.916 G_L1: 31.479 D_real: 0.207 D_fake: 0.088 
(epoch: 3, iters: 4280, time: 0.028, data: 0.003) G_GAN: 3.433 G_L1: 36.507 D_real: 0.164 D_fake: 0.033 
(epoch: 3, iters: 4300, time: 0.028, data: 0.003) G_GAN: 1.242 G_L1: 20.177 D_real: 0.796 D_fake: 0.380 
(epoch: 3, iters: 4320, time: 0.028, data: 0.002) G_GAN: 2.304 G_L1: 38.804 D_real: 0.006 D_fake: 0.123 
(epoch: 3, iters: 4340, time: 0.028, data: 0.003) G_GAN: 2.560 G_L1: 30.517 D_real: 0.332 D_fake: 0.060 
(epoch: 3, iters: 4360, time: 0.029, data: 0.003) G_GAN: 3.946 G_L1: 38.958 D_real: 0.121 D_fake: 0.031 
(epoch: 3, iters: 4380, time: 0.028, data: 0.002) G_GAN: 2.554 G_L1: 28.986 D_real: 0.722 D_fake: 0.107 
(epoch: 3, iters: 4400, time: 0.028, data: 0.003) G_GAN: 4.145 G_L1: 41.898 D_real: 0.005 D_fake: 0.024 
(epoch: 3, iters: 4420, time: 0.028, data: 0.003) G_GAN: 2.898 G_L1: 44.211 D_real: 0.002 D_fake: 0.080 
(epoch: 3, iters: 4440, time: 0.028, data: 0.003) G_GAN: 1.021 G_L1: 29.964 D_real: 0.919 D_fake: 0.105 
(epoch: 3, iters: 4460, time: 0.028, data: 0.002) G_GAN: 4.040 G_L1: 32.898 D_real: 0.149 D_fake: 0.017 
(epoch: 3, iters: 4480, time: 0.028, data: 0.003) G_GAN: 1.664 G_L1: 37.074 D_real: 0.004 D_fake: 0.760 
(epoch: 3, iters: 4500, time: 0.028, data: 0.003) G_GAN: 2.834 G_L1: 30.342 D_real: 0.007 D_fake: 0.330 
(epoch: 3, iters: 4520, time: 0.028, data: 0.003) G_GAN: 2.713 G_L1: 38.802 D_real: 0.029 D_fake: 0.097 
(epoch: 3, iters: 4540, time: 0.028, data: 0.003) G_GAN: 2.775 G_L1: 34.552 D_real: 0.086 D_fake: 0.119 
(epoch: 3, iters: 4560, time: 0.028, data: 0.003) G_GAN: 2.522 G_L1: 33.896 D_real: 0.017 D_fake: 0.461 
(epoch: 3, iters: 4580, time: 0.028, data: 0.003) G_GAN: 3.982 G_L1: 36.071 D_real: 0.145 D_fake: 0.014 
(epoch: 3, iters: 4600, time: 0.028, data: 0.002) G_GAN: 2.433 G_L1: 28.466 D_real: 0.057 D_fake: 0.110 
(epoch: 3, iters: 4620, time: 0.028, data: 0.002) G_GAN: 2.695 G_L1: 27.747 D_real: 0.625 D_fake: 0.016 
(epoch: 3, iters: 4640, time: 0.028, data: 0.002) G_GAN: 2.526 G_L1: 41.151 D_real: 0.008 D_fake: 0.137 
(epoch: 3, iters: 4660, time: 0.028, data: 0.002) G_GAN: 3.867 G_L1: 43.299 D_real: 0.026 D_fake: 0.025 
(epoch: 3, iters: 4680, time: 0.028, data: 0.002) G_GAN: 3.450 G_L1: 31.388 D_real: 0.064 D_fake: 0.029 
(epoch: 3, iters: 4700, time: 0.028, data: 0.002) G_GAN: 6.297 G_L1: 35.244 D_real: 0.003 D_fake: 0.003 
(epoch: 3, iters: 4720, time: 0.028, data: 0.002) G_GAN: 2.899 G_L1: 38.787 D_real: 0.035 D_fake: 0.092 
(epoch: 3, iters: 4740, time: 0.028, data: 0.003) G_GAN: 1.873 G_L1: 26.463 D_real: 1.095 D_fake: 0.064 
(epoch: 3, iters: 4760, time: 0.028, data: 0.003) G_GAN: 2.394 G_L1: 40.081 D_real: 0.002 D_fake: 0.278 
(epoch: 3, iters: 4780, time: 0.028, data: 0.002) G_GAN: 2.068 G_L1: 33.329 D_real: 0.072 D_fake: 1.347 
(epoch: 3, iters: 4800, time: 0.028, data: 0.002) G_GAN: 3.331 G_L1: 29.402 D_real: 0.074 D_fake: 0.053 
(epoch: 3, iters: 4820, time: 0.028, data: 0.002) G_GAN: 2.712 G_L1: 40.112 D_real: 0.037 D_fake: 0.075 
(epoch: 3, iters: 4840, time: 0.028, data: 0.003) G_GAN: 3.086 G_L1: 44.428 D_real: 0.001 D_fake: 0.099 
(epoch: 3, iters: 4860, time: 0.028, data: 0.002) G_GAN: 2.477 G_L1: 31.737 D_real: 0.153 D_fake: 0.095 
(epoch: 3, iters: 4880, time: 0.028, data: 0.002) G_GAN: 2.092 G_L1: 35.685 D_real: 0.006 D_fake: 0.195 
(epoch: 3, iters: 4900, time: 0.028, data: 0.002) G_GAN: 1.633 G_L1: 30.856 D_real: 0.114 D_fake: 0.296 
(epoch: 3, iters: 4920, time: 0.025, data: 0.002) G_GAN: 3.648 G_L1: 27.743 D_real: 0.228 D_fake: 0.019 
(epoch: 3, iters: 4940, time: 0.026, data: 0.008) G_GAN: 4.699 G_L1: 36.741 D_real: 0.064 D_fake: 0.013 
(epoch: 3, iters: 4960, time: 0.027, data: 0.006) G_GAN: 2.524 G_L1: 23.250 D_real: 0.010 D_fake: 1.444 
(epoch: 3, iters: 4980, time: 0.027, data: 0.004) G_GAN: 2.128 G_L1: 24.416 D_real: 0.036 D_fake: 0.250 
(epoch: 3, iters: 5000, time: 0.028, data: 0.002) G_GAN: 3.351 G_L1: 35.373 D_real: 0.010 D_fake: 0.094 
saving the latest model (epoch 3, total_iters 5000)
(epoch: 3, iters: 5020, time: 0.028, data: 0.002) G_GAN: 3.311 G_L1: 27.528 D_real: 0.501 D_fake: 0.018 
(epoch: 3, iters: 5040, time: 0.028, data: 0.003) G_GAN: 3.984 G_L1: 40.155 D_real: 0.005 D_fake: 0.016 
(epoch: 3, iters: 5060, time: 0.030, data: 0.002) G_GAN: 1.670 G_L1: 31.515 D_real: 0.038 D_fake: 0.311 
(epoch: 3, iters: 5080, time: 0.028, data: 0.002) G_GAN: 4.007 G_L1: 32.583 D_real: 0.082 D_fake: 0.016 
(epoch: 3, iters: 5100, time: 0.028, data: 0.002) G_GAN: 2.435 G_L1: 26.307 D_real: 0.072 D_fake: 1.611 
(epoch: 3, iters: 5120, time: 0.028, data: 0.003) G_GAN: 1.681 G_L1: 32.868 D_real: 0.092 D_fake: 0.256 
(epoch: 3, iters: 5140, time: 0.028, data: 0.002) G_GAN: 2.211 G_L1: 36.721 D_real: 0.150 D_fake: 0.105 
(epoch: 3, iters: 5160, time: 0.028, data: 0.002) G_GAN: 2.575 G_L1: 38.419 D_real: 0.034 D_fake: 0.290 
(epoch: 3, iters: 5180, time: 0.028, data: 0.002) G_GAN: 1.431 G_L1: 29.031 D_real: 1.745 D_fake: 0.028 
(epoch: 3, iters: 5200, time: 0.028, data: 0.002) G_GAN: 4.081 G_L1: 34.510 D_real: 0.113 D_fake: 0.012 
(epoch: 3, iters: 5220, time: 0.029, data: 0.002) G_GAN: 4.153 G_L1: 37.563 D_real: 0.485 D_fake: 0.010 
(epoch: 3, iters: 5240, time: 0.029, data: 0.002) G_GAN: 5.792 G_L1: 38.188 D_real: 0.059 D_fake: 0.004 
(epoch: 3, iters: 5260, time: 0.028, data: 0.002) G_GAN: 2.501 G_L1: 31.879 D_real: 0.052 D_fake: 0.054 
(epoch: 3, iters: 5280, time: 0.028, data: 0.002) G_GAN: 2.645 G_L1: 37.659 D_real: 0.014 D_fake: 0.785 
(epoch: 3, iters: 5300, time: 0.028, data: 0.002) G_GAN: 1.435 G_L1: 34.849 D_real: 0.417 D_fake: 0.302 
(epoch: 3, iters: 5320, time: 0.028, data: 0.002) G_GAN: 1.054 G_L1: 34.902 D_real: 0.245 D_fake: 1.625 
(epoch: 3, iters: 5340, time: 0.028, data: 0.002) G_GAN: 1.750 G_L1: 40.270 D_real: 0.337 D_fake: 0.621 
(epoch: 3, iters: 5360, time: 0.028, data: 0.002) G_GAN: 1.650 G_L1: 31.777 D_real: 0.367 D_fake: 0.235 
(epoch: 3, iters: 5380, time: 0.028, data: 0.002) G_GAN: 2.479 G_L1: 35.381 D_real: 0.011 D_fake: 0.312 
(epoch: 3, iters: 5400, time: 0.029, data: 0.002) G_GAN: 2.585 G_L1: 47.887 D_real: 0.017 D_fake: 0.117 
(epoch: 3, iters: 5420, time: 0.028, data: 0.002) G_GAN: 2.700 G_L1: 36.973 D_real: 0.048 D_fake: 1.040 
(epoch: 3, iters: 5440, time: 0.029, data: 0.002) G_GAN: 4.310 G_L1: 45.369 D_real: 0.007 D_fake: 0.014 
(epoch: 3, iters: 5460, time: 0.028, data: 0.002) G_GAN: 7.602 G_L1: 39.309 D_real: 0.022 D_fake: 0.001 
(epoch: 3, iters: 5480, time: 0.027, data: 0.002) G_GAN: 1.606 G_L1: 34.596 D_real: 0.149 D_fake: 1.264 
(epoch: 3, iters: 5500, time: 0.027, data: 0.008) G_GAN: 2.009 G_L1: 35.123 D_real: 0.235 D_fake: 0.051 
(epoch: 3, iters: 5520, time: 0.026, data: 0.005) G_GAN: 2.134 G_L1: 29.432 D_real: 0.177 D_fake: 0.105 
(epoch: 3, iters: 5540, time: 0.028, data: 0.005) G_GAN: 2.184 G_L1: 38.073 D_real: 0.037 D_fake: 0.190 
(epoch: 3, iters: 5560, time: 0.029, data: 0.002) G_GAN: 3.057 G_L1: 34.614 D_real: 0.044 D_fake: 0.061 
(epoch: 3, iters: 5580, time: 0.708, data: 0.004) G_GAN: 1.813 G_L1: 12.922 D_real: 0.329 D_fake: 0.598 
saving the model at the end of epoch 3, iters 5580
End of epoch 3 / 20      Time Taken: 98 sec
learning rate 0.0001000 -> 0.0001000
(epoch: 4, iters: 20, time: 0.041, data: 0.319) G_GAN: 0.659 G_L1: 30.352 D_real: 1.555 D_fake: 0.336 

[stop-rule/sharp] C1 seed 43 stage 2 (main): evaluated after epoch 3 on 100 rows. max ratio observed 1.3490; threshold 2.5 (seed-42 calibration: max windowed 1.5692, max anywhere 1.8792); hits 0/2 needed.
(epoch: 4, iters: 40, time: 0.028, data: 0.000) G_GAN: 1.963 G_L1: 29.223 D_real: 0.599 D_fake: 0.060 
(epoch: 4, iters: 60, time: 0.028, data: 0.002) G_GAN: 1.720 G_L1: 45.432 D_real: 0.005 D_fake: 0.614 
(epoch: 4, iters: 80, time: 0.029, data: 0.002) G_GAN: 2.357 G_L1: 31.696 D_real: 0.112 D_fake: 0.069 
(epoch: 4, iters: 100, time: 0.028, data: 0.002) G_GAN: 2.464 G_L1: 42.619 D_real: 0.013 D_fake: 1.233 
(epoch: 4, iters: 120, time: 0.028, data: 0.003) G_GAN: 0.654 G_L1: 37.063 D_real: 0.741 D_fake: 0.449 
(epoch: 4, iters: 140, time: 0.029, data: 0.002) G_GAN: 1.597 G_L1: 38.215 D_real: 0.073 D_fake: 0.396 
(epoch: 4, iters: 160, time: 0.028, data: 0.002) G_GAN: 3.301 G_L1: 34.667 D_real: 0.104 D_fake: 0.045 
(epoch: 4, iters: 180, time: 0.028, data: 0.002) G_GAN: 2.496 G_L1: 27.209 D_real: 0.020 D_fake: 0.803 
(epoch: 4, iters: 200, time: 0.028, data: 0.002) G_GAN: 1.831 G_L1: 32.590 D_real: 0.158 D_fake: 1.573 
(epoch: 4, iters: 220, time: 0.028, data: 0.002) G_GAN: 1.831 G_L1: 20.370 D_real: 2.121 D_fake: 0.077 
(epoch: 4, iters: 240, time: 0.028, data: 0.002) G_GAN: 2.560 G_L1: 37.623 D_real: 0.723 D_fake: 0.028 
(epoch: 4, iters: 260, time: 0.028, data: 0.002) G_GAN: 2.844 G_L1: 38.929 D_real: 0.685 D_fake: 0.142 
(epoch: 4, iters: 280, time: 0.028, data: 0.002) G_GAN: 1.899 G_L1: 21.122 D_real: 0.100 D_fake: 1.927 
(epoch: 4, iters: 300, time: 0.028, data: 0.002) G_GAN: 2.710 G_L1: 39.089 D_real: 0.028 D_fake: 0.067 
(epoch: 4, iters: 320, time: 0.028, data: 0.003) G_GAN: 1.446 G_L1: 29.816 D_real: 0.008 D_fake: 0.485 
(epoch: 4, iters: 340, time: 0.029, data: 0.002) G_GAN: 3.169 G_L1: 29.562 D_real: 0.300 D_fake: 0.030 
(epoch: 4, iters: 360, time: 0.028, data: 0.002) G_GAN: 3.728 G_L1: 24.746 D_real: 0.036 D_fake: 0.034 
(epoch: 4, iters: 380, time: 0.029, data: 0.002) G_GAN: 1.875 G_L1: 39.122 D_real: 0.008 D_fake: 1.089 
(epoch: 4, iters: 400, time: 0.029, data: 0.002) G_GAN: 3.114 G_L1: 40.686 D_real: 0.003 D_fake: 0.024 
(epoch: 4, iters: 420, time: 0.040, data: 0.002) G_GAN: 2.600 G_L1: 25.666 D_real: 1.413 D_fake: 0.055 
(epoch: 4, iters: 440, time: 0.028, data: 0.002) G_GAN: 2.468 G_L1: 24.479 D_real: 2.297 D_fake: 0.016 
(epoch: 4, iters: 460, time: 0.028, data: 0.002) G_GAN: 1.654 G_L1: 37.782 D_real: 0.011 D_fake: 0.177 
(epoch: 4, iters: 480, time: 0.029, data: 0.002) G_GAN: 0.972 G_L1: 31.910 D_real: 0.117 D_fake: 0.980 
(epoch: 4, iters: 500, time: 0.028, data: 0.002) G_GAN: 2.574 G_L1: 25.978 D_real: 0.147 D_fake: 0.209 
(epoch: 4, iters: 520, time: 0.028, data: 0.002) G_GAN: 0.896 G_L1: 25.676 D_real: 0.345 D_fake: 0.276 
(epoch: 4, iters: 540, time: 0.029, data: 0.003) G_GAN: 3.604 G_L1: 24.643 D_real: 0.007 D_fake: 0.052 
(epoch: 4, iters: 560, time: 0.028, data: 0.002) G_GAN: 2.113 G_L1: 35.648 D_real: 0.021 D_fake: 0.110 
(epoch: 4, iters: 580, time: 0.028, data: 0.002) G_GAN: 1.462 G_L1: 30.301 D_real: 0.020 D_fake: 0.758 
(epoch: 4, iters: 600, time: 0.028, data: 0.002) G_GAN: 2.487 G_L1: 34.495 D_real: 0.026 D_fake: 0.109 
(epoch: 4, iters: 620, time: 0.028, data: 0.002) G_GAN: 1.412 G_L1: 33.850 D_real: 0.647 D_fake: 0.143 
(epoch: 4, iters: 640, time: 0.028, data: 0.002) G_GAN: 2.126 G_L1: 33.202 D_real: 0.040 D_fake: 0.322 
(epoch: 4, iters: 660, time: 0.028, data: 0.002) G_GAN: 3.284 G_L1: 34.269 D_real: 0.485 D_fake: 0.013 
(epoch: 4, iters: 680, time: 0.028, data: 0.002) G_GAN: 3.091 G_L1: 31.798 D_real: 0.166 D_fake: 0.059 
(epoch: 4, iters: 700, time: 0.028, data: 0.002) G_GAN: 2.061 G_L1: 37.295 D_real: 0.004 D_fake: 1.049 
(epoch: 4, iters: 720, time: 0.028, data: 0.002) G_GAN: 2.206 G_L1: 36.132 D_real: 0.093 D_fake: 0.105 
(epoch: 4, iters: 740, time: 0.028, data: 0.002) G_GAN: 1.007 G_L1: 25.609 D_real: 0.833 D_fake: 0.152 
(epoch: 4, iters: 760, time: 0.029, data: 0.002) G_GAN: 1.242 G_L1: 28.901 D_real: 0.082 D_fake: 1.109 
(epoch: 4, iters: 780, time: 0.028, data: 0.002) G_GAN: 2.125 G_L1: 31.007 D_real: 1.284 D_fake: 0.030 
(epoch: 4, iters: 800, time: 0.028, data: 0.002) G_GAN: 1.843 G_L1: 33.247 D_real: 0.019 D_fake: 0.838 
(epoch: 4, iters: 820, time: 0.028, data: 0.002) G_GAN: 1.602 G_L1: 38.588 D_real: 0.023 D_fake: 0.551 
(epoch: 4, iters: 840, time: 0.028, data: 0.002) G_GAN: 1.759 G_L1: 26.068 D_real: 0.017 D_fake: 1.691 
(epoch: 4, iters: 860, time: 0.028, data: 0.002) G_GAN: 2.415 G_L1: 31.537 D_real: 0.032 D_fake: 0.054 
(epoch: 4, iters: 880, time: 0.028, data: 0.002) G_GAN: 0.625 G_L1: 29.104 D_real: 1.002 D_fake: 0.319 
(epoch: 4, iters: 900, time: 0.029, data: 0.003) G_GAN: 1.211 G_L1: 35.163 D_real: 0.003 D_fake: 1.127 
(epoch: 4, iters: 920, time: 0.028, data: 0.002) G_GAN: 2.885 G_L1: 31.919 D_real: 0.148 D_fake: 0.052 
(epoch: 4, iters: 940, time: 0.028, data: 0.002) G_GAN: 3.591 G_L1: 33.816 D_real: 0.178 D_fake: 0.024 
(epoch: 4, iters: 960, time: 0.028, data: 0.002) G_GAN: 0.647 G_L1: 30.515 D_real: 1.468 D_fake: 0.464 
(epoch: 4, iters: 980, time: 0.028, data: 0.003) G_GAN: 3.188 G_L1: 34.289 D_real: 0.026 D_fake: 0.085 
(epoch: 4, iters: 1000, time: 0.028, data: 0.002) G_GAN: 1.058 G_L1: 34.276 D_real: 0.745 D_fake: 0.123 
(epoch: 4, iters: 1020, time: 0.028, data: 0.002) G_GAN: 3.492 G_L1: 37.971 D_real: 0.014 D_fake: 0.039 
(epoch: 4, iters: 1040, time: 0.028, data: 0.003) G_GAN: 2.320 G_L1: 35.855 D_real: 0.087 D_fake: 0.172 
(epoch: 4, iters: 1060, time: 0.028, data: 0.002) G_GAN: 2.401 G_L1: 30.291 D_real: 0.498 D_fake: 0.084 
(epoch: 4, iters: 1080, time: 0.029, data: 0.002) G_GAN: 0.338 G_L1: 28.110 D_real: 1.254 D_fake: 0.345 
(epoch: 4, iters: 1100, time: 0.028, data: 0.002) G_GAN: 1.831 G_L1: 30.152 D_real: 3.576 D_fake: 0.025 
(epoch: 4, iters: 1120, time: 0.028, data: 0.003) G_GAN: 1.705 G_L1: 33.497 D_real: 0.064 D_fake: 0.458 
(epoch: 4, iters: 1140, time: 0.028, data: 0.002) G_GAN: 1.755 G_L1: 31.798 D_real: 0.006 D_fake: 0.152 
(epoch: 4, iters: 1160, time: 0.028, data: 0.003) G_GAN: 3.761 G_L1: 29.249 D_real: 0.168 D_fake: 0.028 
(epoch: 4, iters: 1180, time: 0.028, data: 0.002) G_GAN: 2.987 G_L1: 36.792 D_real: 0.004 D_fake: 0.096 
(epoch: 4, iters: 1200, time: 0.028, data: 0.002) G_GAN: 2.792 G_L1: 23.706 D_real: 1.034 D_fake: 0.020 
(epoch: 4, iters: 1220, time: 0.028, data: 0.002) G_GAN: 2.906 G_L1: 32.862 D_real: 0.110 D_fake: 0.082 
(epoch: 4, iters: 1240, time: 0.028, data: 0.002) G_GAN: 2.955 G_L1: 33.621 D_real: 0.029 D_fake: 0.102 
(epoch: 4, iters: 1260, time: 0.028, data: 0.003) G_GAN: 2.207 G_L1: 43.998 D_real: 0.002 D_fake: 0.770 
(epoch: 4, iters: 1280, time: 0.028, data: 0.003) G_GAN: 3.155 G_L1: 39.254 D_real: 0.022 D_fake: 0.095 
(epoch: 4, iters: 1300, time: 0.028, data: 0.002) G_GAN: 2.383 G_L1: 32.214 D_real: 0.275 D_fake: 0.075 
(epoch: 4, iters: 1320, time: 0.028, data: 0.002) G_GAN: 2.462 G_L1: 36.246 D_real: 0.005 D_fake: 0.359 
(epoch: 4, iters: 1340, time: 0.029, data: 0.002) G_GAN: 3.308 G_L1: 36.545 D_real: 0.882 D_fake: 0.031 
(epoch: 4, iters: 1360, time: 0.028, data: 0.002) G_GAN: 3.060 G_L1: 25.891 D_real: 0.152 D_fake: 0.048 
(epoch: 4, iters: 1380, time: 0.028, data: 0.002) G_GAN: 1.689 G_L1: 29.528 D_real: 1.222 D_fake: 0.052 
(epoch: 4, iters: 1400, time: 0.029, data: 0.002) G_GAN: 1.039 G_L1: 30.856 D_real: 1.230 D_fake: 0.154 
(epoch: 4, iters: 1420, time: 0.028, data: 0.002) G_GAN: 3.071 G_L1: 29.258 D_real: 0.391 D_fake: 0.036 
(epoch: 4, iters: 1440, time: 0.028, data: 0.002) G_GAN: 2.127 G_L1: 30.795 D_real: 0.014 D_fake: 0.320 
(epoch: 4, iters: 1460, time: 0.028, data: 0.002) G_GAN: 1.704 G_L1: 28.919 D_real: 0.421 D_fake: 0.175 
(epoch: 4, iters: 1480, time: 0.028, data: 0.002) G_GAN: 1.979 G_L1: 29.200 D_real: 1.483 D_fake: 0.039 
(epoch: 4, iters: 1500, time: 0.029, data: 0.002) G_GAN: 2.457 G_L1: 47.626 D_real: 0.004 D_fake: 0.083 
(epoch: 4, iters: 1520, time: 0.028, data: 0.002) G_GAN: 1.879 G_L1: 36.953 D_real: 0.240 D_fake: 0.218 
(epoch: 4, iters: 1540, time: 0.029, data: 0.002) G_GAN: 2.282 G_L1: 25.533 D_real: 0.100 D_fake: 0.814 
(epoch: 4, iters: 1560, time: 0.028, data: 0.002) G_GAN: 2.330 G_L1: 44.271 D_real: 0.005 D_fake: 0.303 
(epoch: 4, iters: 1580, time: 0.028, data: 0.002) G_GAN: 1.244 G_L1: 22.013 D_real: 1.542 D_fake: 0.062 
(epoch: 4, iters: 1600, time: 0.028, data: 0.003) G_GAN: 3.249 G_L1: 39.086 D_real: 0.296 D_fake: 0.029 
(epoch: 4, iters: 1620, time: 0.028, data: 0.002) G_GAN: 2.178 G_L1: 17.056 D_real: 1.814 D_fake: 0.049 
(epoch: 4, iters: 1640, time: 0.028, data: 0.002) G_GAN: 3.109 G_L1: 42.139 D_real: 0.023 D_fake: 0.093 
(epoch: 4, iters: 1660, time: 0.028, data: 0.002) G_GAN: 1.483 G_L1: 39.243 D_real: 0.001 D_fake: 0.524 
(epoch: 4, iters: 1680, time: 0.028, data: 0.003) G_GAN: 4.602 G_L1: 44.808 D_real: 0.006 D_fake: 0.014 
(epoch: 4, iters: 1700, time: 0.028, data: 0.002) G_GAN: 2.774 G_L1: 34.306 D_real: 0.100 D_fake: 0.075 
(epoch: 4, iters: 1720, time: 0.028, data: 0.002) G_GAN: 1.810 G_L1: 25.302 D_real: 0.368 D_fake: 0.394 
(epoch: 4, iters: 1740, time: 0.028, data: 0.002) G_GAN: 1.940 G_L1: 30.461 D_real: 0.080 D_fake: 0.135 
(epoch: 4, iters: 1760, time: 0.028, data: 0.002) G_GAN: 2.478 G_L1: 29.714 D_real: 0.453 D_fake: 0.044 
(epoch: 4, iters: 1780, time: 0.028, data: 0.003) G_GAN: 0.253 G_L1: 26.587 D_real: 2.127 D_fake: 0.150 
(epoch: 4, iters: 1800, time: 0.028, data: 0.003) G_GAN: 2.470 G_L1: 37.976 D_real: 0.219 D_fake: 0.118 
(epoch: 4, iters: 1820, time: 0.029, data: 0.003) G_GAN: 0.550 G_L1: 25.990 D_real: 1.890 D_fake: 0.251 
(epoch: 4, iters: 1840, time: 0.028, data: 0.003) G_GAN: 4.236 G_L1: 31.178 D_real: 0.109 D_fake: 0.016 
(epoch: 4, iters: 1860, time: 0.028, data: 0.002) G_GAN: 2.020 G_L1: 28.009 D_real: 0.066 D_fake: 0.533 
(epoch: 4, iters: 1880, time: 0.029, data: 0.002) G_GAN: 2.258 G_L1: 38.777 D_real: 0.087 D_fake: 0.187 
(epoch: 4, iters: 1900, time: 0.028, data: 0.002) G_GAN: 2.313 G_L1: 33.149 D_real: 1.297 D_fake: 0.017 
(epoch: 4, iters: 1920, time: 0.029, data: 0.002) G_GAN: 2.963 G_L1: 42.056 D_real: 0.001 D_fake: 0.708 
(epoch: 4, iters: 1940, time: 0.028, data: 0.002) G_GAN: 0.985 G_L1: 29.007 D_real: 1.790 D_fake: 0.153 
(epoch: 4, iters: 1960, time: 0.028, data: 0.002) G_GAN: 3.082 G_L1: 32.079 D_real: 1.155 D_fake: 0.011 
(epoch: 4, iters: 1980, time: 0.028, data: 0.002) G_GAN: 2.101 G_L1: 45.372 D_real: 0.002 D_fake: 0.164 
(epoch: 4, iters: 2000, time: 0.028, data: 0.003) G_GAN: 2.166 G_L1: 34.672 D_real: 0.008 D_fake: 0.897 
(epoch: 4, iters: 2020, time: 0.028, data: 0.002) G_GAN: 1.753 G_L1: 27.312 D_real: 0.137 D_fake: 0.378 
(epoch: 4, iters: 2040, time: 0.028, data: 0.003) G_GAN: 2.060 G_L1: 29.431 D_real: 0.196 D_fake: 0.106 
(epoch: 4, iters: 2060, time: 0.028, data: 0.002) G_GAN: 2.009 G_L1: 32.217 D_real: 0.090 D_fake: 0.341 
(epoch: 4, iters: 2080, time: 0.028, data: 0.003) G_GAN: 2.766 G_L1: 39.668 D_real: 0.076 D_fake: 0.092 
(epoch: 4, iters: 2100, time: 0.029, data: 0.002) G_GAN: 2.353 G_L1: 32.133 D_real: 0.012 D_fake: 0.254 
(epoch: 4, iters: 2120, time: 0.028, data: 0.002) G_GAN: 0.858 G_L1: 29.837 D_real: 0.005 D_fake: 1.826 
(epoch: 4, iters: 2140, time: 0.028, data: 0.003) G_GAN: 3.238 G_L1: 33.223 D_real: 0.724 D_fake: 0.020 
(epoch: 4, iters: 2160, time: 0.028, data: 0.002) G_GAN: 3.076 G_L1: 34.541 D_real: 0.013 D_fake: 0.155 
(epoch: 4, iters: 2180, time: 0.028, data: 0.002) G_GAN: 3.352 G_L1: 33.274 D_real: 0.018 D_fake: 0.050 
(epoch: 4, iters: 2200, time: 0.029, data: 0.002) G_GAN: 1.840 G_L1: 46.701 D_real: 0.002 D_fake: 0.241 
(epoch: 4, iters: 2220, time: 0.028, data: 0.002) G_GAN: 3.085 G_L1: 37.428 D_real: 0.059 D_fake: 0.226 
(epoch: 4, iters: 2240, time: 0.028, data: 0.002) G_GAN: 1.687 G_L1: 28.884 D_real: 0.176 D_fake: 0.291 
(epoch: 4, iters: 2260, time: 0.028, data: 0.002) G_GAN: 1.520 G_L1: 33.409 D_real: 0.036 D_fake: 0.718 
(epoch: 4, iters: 2280, time: 0.028, data: 0.002) G_GAN: 3.615 G_L1: 49.588 D_real: 0.001 D_fake: 0.022 
(epoch: 4, iters: 2300, time: 0.028, data: 0.002) G_GAN: 2.472 G_L1: 36.733 D_real: 0.008 D_fake: 0.332 
(epoch: 4, iters: 2320, time: 0.028, data: 0.002) G_GAN: 1.703 G_L1: 27.841 D_real: 0.249 D_fake: 0.148 
(epoch: 4, iters: 2340, time: 0.028, data: 0.002) G_GAN: 1.348 G_L1: 28.745 D_real: 0.515 D_fake: 0.189 
(epoch: 4, iters: 2360, time: 0.028, data: 0.003) G_GAN: 2.682 G_L1: 27.023 D_real: 0.079 D_fake: 0.114 
(epoch: 4, iters: 2380, time: 0.028, data: 0.002) G_GAN: 1.505 G_L1: 28.562 D_real: 0.252 D_fake: 0.709 
(epoch: 4, iters: 2400, time: 0.028, data: 0.003) G_GAN: 2.691 G_L1: 26.133 D_real: 0.154 D_fake: 0.078 
(epoch: 4, iters: 2420, time: 0.038, data: 0.002) G_GAN: 2.836 G_L1: 37.967 D_real: 0.081 D_fake: 0.093 
(epoch: 4, iters: 2440, time: 0.028, data: 0.002) G_GAN: 1.139 G_L1: 43.246 D_real: 0.011 D_fake: 0.609 
(epoch: 4, iters: 2460, time: 0.028, data: 0.002) G_GAN: 3.359 G_L1: 35.107 D_real: 0.185 D_fake: 0.046 
(epoch: 4, iters: 2480, time: 0.028, data: 0.003) G_GAN: 2.339 G_L1: 26.713 D_real: 1.837 D_fake: 0.026 
(epoch: 4, iters: 2500, time: 0.028, data: 0.003) G_GAN: 2.405 G_L1: 36.835 D_real: 0.022 D_fake: 0.108 
(epoch: 4, iters: 2520, time: 0.028, data: 0.002) G_GAN: 2.009 G_L1: 30.762 D_real: 0.643 D_fake: 0.182 
(epoch: 4, iters: 2540, time: 0.028, data: 0.002) G_GAN: 1.405 G_L1: 26.580 D_real: 0.833 D_fake: 0.135 
(epoch: 4, iters: 2560, time: 0.029, data: 0.002) G_GAN: 2.214 G_L1: 44.111 D_real: 0.002 D_fake: 0.912 
(epoch: 4, iters: 2580, time: 0.028, data: 0.002) G_GAN: 2.401 G_L1: 30.431 D_real: 1.504 D_fake: 0.032 
(epoch: 4, iters: 2600, time: 0.028, data: 0.002) G_GAN: 2.691 G_L1: 30.613 D_real: 0.093 D_fake: 0.193 
(epoch: 4, iters: 2620, time: 0.029, data: 0.002) G_GAN: 3.045 G_L1: 27.536 D_real: 0.004 D_fake: 1.168 
(epoch: 4, iters: 2640, time: 0.028, data: 0.002) G_GAN: 2.596 G_L1: 37.241 D_real: 0.062 D_fake: 0.267 
(epoch: 4, iters: 2660, time: 0.028, data: 0.002) G_GAN: 2.711 G_L1: 39.330 D_real: 0.027 D_fake: 0.148 
(epoch: 4, iters: 2680, time: 0.029, data: 0.002) G_GAN: 1.314 G_L1: 28.422 D_real: 1.251 D_fake: 0.207 
(epoch: 4, iters: 2700, time: 0.028, data: 0.002) G_GAN: 2.807 G_L1: 36.240 D_real: 0.012 D_fake: 0.102 
(epoch: 4, iters: 2720, time: 0.028, data: 0.002) G_GAN: 3.096 G_L1: 42.282 D_real: 0.020 D_fake: 0.056 
(epoch: 4, iters: 2740, time: 0.028, data: 0.002) G_GAN: 1.675 G_L1: 25.721 D_real: 0.914 D_fake: 0.109 
(epoch: 4, iters: 2760, time: 0.029, data: 0.002) G_GAN: 1.812 G_L1: 36.021 D_real: 0.006 D_fake: 0.284 
(epoch: 4, iters: 2780, time: 0.028, data: 0.002) G_GAN: 4.745 G_L1: 36.429 D_real: 0.149 D_fake: 0.011 
(epoch: 4, iters: 2800, time: 0.029, data: 0.002) G_GAN: 2.599 G_L1: 47.702 D_real: 0.013 D_fake: 0.146 
(epoch: 4, iters: 2820, time: 0.029, data: 0.002) G_GAN: 1.164 G_L1: 25.522 D_real: 1.319 D_fake: 0.126 
(epoch: 4, iters: 2840, time: 0.028, data: 0.002) G_GAN: 2.047 G_L1: 35.125 D_real: 0.085 D_fake: 0.369 
(epoch: 4, iters: 2860, time: 0.029, data: 0.002) G_GAN: 3.108 G_L1: 31.734 D_real: 0.056 D_fake: 0.050 
(epoch: 4, iters: 2880, time: 0.029, data: 0.002) G_GAN: 1.157 G_L1: 28.659 D_real: 0.080 D_fake: 0.589 
(epoch: 4, iters: 2900, time: 0.029, data: 0.002) G_GAN: 5.069 G_L1: 38.571 D_real: 0.037 D_fake: 0.010 
(epoch: 4, iters: 2920, time: 0.028, data: 0.002) G_GAN: 2.219 G_L1: 28.884 D_real: 0.426 D_fake: 0.112 
(epoch: 4, iters: 2940, time: 0.029, data: 0.002) G_GAN: 2.090 G_L1: 34.737 D_real: 0.039 D_fake: 0.143 
(epoch: 4, iters: 2960, time: 0.028, data: 0.002) G_GAN: 2.582 G_L1: 40.675 D_real: 0.049 D_fake: 0.067 
(epoch: 4, iters: 2980, time: 0.028, data: 0.002) G_GAN: 2.525 G_L1: 30.387 D_real: 0.081 D_fake: 0.081 
(epoch: 4, iters: 3000, time: 0.029, data: 0.002) G_GAN: 2.220 G_L1: 36.214 D_real: 0.002 D_fake: 0.609 
(epoch: 4, iters: 3020, time: 0.028, data: 0.002) G_GAN: 2.156 G_L1: 32.710 D_real: 0.006 D_fake: 0.213 
(epoch: 4, iters: 3040, time: 0.029, data: 0.002) G_GAN: 1.923 G_L1: 40.724 D_real: 0.008 D_fake: 0.523 
(epoch: 4, iters: 3060, time: 0.028, data: 0.002) G_GAN: 2.347 G_L1: 26.982 D_real: 1.632 D_fake: 0.024 
(epoch: 4, iters: 3080, time: 0.029, data: 0.002) G_GAN: 2.257 G_L1: 34.316 D_real: 0.392 D_fake: 0.098 
(epoch: 4, iters: 3100, time: 0.028, data: 0.002) G_GAN: 2.273 G_L1: 33.974 D_real: 0.001 D_fake: 0.313 
(epoch: 4, iters: 3120, time: 0.028, data: 0.002) G_GAN: 2.162 G_L1: 29.061 D_real: 0.073 D_fake: 0.414 
(epoch: 4, iters: 3140, time: 0.028, data: 0.002) G_GAN: 2.307 G_L1: 33.830 D_real: 0.095 D_fake: 0.203 
(epoch: 4, iters: 3160, time: 0.028, data: 0.002) G_GAN: 0.635 G_L1: 38.180 D_real: 0.929 D_fake: 0.337 
(epoch: 4, iters: 3180, time: 0.029, data: 0.002) G_GAN: 1.815 G_L1: 36.221 D_real: 0.030 D_fake: 0.335 
(epoch: 4, iters: 3200, time: 0.029, data: 0.002) G_GAN: 1.606 G_L1: 30.653 D_real: 0.071 D_fake: 0.943 
(epoch: 4, iters: 3220, time: 0.029, data: 0.002) G_GAN: 1.943 G_L1: 26.577 D_real: 0.456 D_fake: 0.143 
(epoch: 4, iters: 3240, time: 0.029, data: 0.002) G_GAN: 1.810 G_L1: 36.029 D_real: 0.027 D_fake: 0.153 
(epoch: 4, iters: 3260, time: 0.029, data: 0.002) G_GAN: 1.820 G_L1: 47.614 D_real: 0.000 D_fake: 0.185 
(epoch: 4, iters: 3280, time: 0.028, data: 0.002) G_GAN: 0.252 G_L1: 26.854 D_real: 0.762 D_fake: 0.604 
(epoch: 4, iters: 3300, time: 0.029, data: 0.002) G_GAN: 2.865 G_L1: 39.062 D_real: 0.005 D_fake: 0.202 
(epoch: 4, iters: 3320, time: 0.028, data: 0.002) G_GAN: 2.335 G_L1: 35.050 D_real: 0.081 D_fake: 0.105 
(epoch: 4, iters: 3340, time: 0.028, data: 0.002) G_GAN: 4.758 G_L1: 37.321 D_real: 0.018 D_fake: 0.019 
(epoch: 4, iters: 3360, time: 0.028, data: 0.002) G_GAN: 1.004 G_L1: 29.778 D_real: 0.006 D_fake: 1.558 
(epoch: 4, iters: 3380, time: 0.028, data: 0.002) G_GAN: 1.800 G_L1: 32.761 D_real: 0.078 D_fake: 0.105 
(epoch: 4, iters: 3400, time: 0.028, data: 0.002) G_GAN: 2.114 G_L1: 35.057 D_real: 0.023 D_fake: 0.264 
(epoch: 4, iters: 3420, time: 0.029, data: 0.002) G_GAN: 3.082 G_L1: 39.951 D_real: 0.008 D_fake: 0.055 
(epoch: 4, iters: 3440, time: 0.029, data: 0.002) G_GAN: 0.941 G_L1: 37.958 D_real: 1.233 D_fake: 0.164 
(epoch: 4, iters: 3460, time: 0.029, data: 0.002) G_GAN: 2.753 G_L1: 34.221 D_real: 0.011 D_fake: 0.164 
(epoch: 4, iters: 3480, time: 0.028, data: 0.002) G_GAN: 2.316 G_L1: 38.152 D_real: 0.003 D_fake: 0.184 
(epoch: 4, iters: 3500, time: 0.029, data: 0.002) G_GAN: 2.847 G_L1: 33.317 D_real: 0.061 D_fake: 0.078 
(epoch: 4, iters: 3520, time: 0.029, data: 0.003) G_GAN: 2.674 G_L1: 41.528 D_real: 0.006 D_fake: 0.101 
(epoch: 4, iters: 3540, time: 0.029, data: 0.002) G_GAN: 1.281 G_L1: 41.564 D_real: 0.344 D_fake: 0.319 
(epoch: 4, iters: 3560, time: 0.028, data: 0.002) G_GAN: 1.015 G_L1: 26.668 D_real: 0.372 D_fake: 0.298 
(epoch: 4, iters: 3580, time: 0.028, data: 0.002) G_GAN: 1.956 G_L1: 45.691 D_real: 0.003 D_fake: 0.774 
(epoch: 4, iters: 3600, time: 0.028, data: 0.003) G_GAN: 2.757 G_L1: 42.059 D_real: 0.025 D_fake: 0.102 
(epoch: 4, iters: 3620, time: 0.029, data: 0.003) G_GAN: 0.968 G_L1: 39.385 D_real: 0.023 D_fake: 1.248 
(epoch: 4, iters: 3640, time: 0.029, data: 0.003) G_GAN: 1.595 G_L1: 26.511 D_real: 0.184 D_fake: 0.238 
(epoch: 4, iters: 3660, time: 0.029, data: 0.002) G_GAN: 1.779 G_L1: 39.604 D_real: 0.004 D_fake: 0.666 
(epoch: 4, iters: 3680, time: 0.028, data: 0.002) G_GAN: 5.276 G_L1: 41.653 D_real: 0.006 D_fake: 0.008 
(epoch: 4, iters: 3700, time: 0.028, data: 0.002) G_GAN: 1.815 G_L1: 24.940 D_real: 1.362 D_fake: 0.167 
(epoch: 4, iters: 3720, time: 0.029, data: 0.002) G_GAN: 1.769 G_L1: 37.591 D_real: 0.293 D_fake: 0.176 
(epoch: 4, iters: 3740, time: 0.028, data: 0.002) G_GAN: 2.563 G_L1: 38.217 D_real: 0.010 D_fake: 0.103 
(epoch: 4, iters: 3760, time: 0.028, data: 0.002) G_GAN: 0.905 G_L1: 36.796 D_real: 0.858 D_fake: 0.120 
(epoch: 4, iters: 3780, time: 0.028, data: 0.002) G_GAN: 2.461 G_L1: 36.412 D_real: 0.411 D_fake: 0.067 
(epoch: 4, iters: 3800, time: 0.028, data: 0.002) G_GAN: 1.030 G_L1: 34.164 D_real: 0.932 D_fake: 0.093 
(epoch: 4, iters: 3820, time: 0.028, data: 0.002) G_GAN: 3.549 G_L1: 33.427 D_real: 0.079 D_fake: 0.059 
(epoch: 4, iters: 3840, time: 0.028, data: 0.003) G_GAN: 3.829 G_L1: 33.457 D_real: 0.514 D_fake: 0.018 
(epoch: 4, iters: 3860, time: 0.028, data: 0.002) G_GAN: 0.827 G_L1: 34.692 D_real: 0.843 D_fake: 0.223 
(epoch: 4, iters: 3880, time: 0.028, data: 0.002) G_GAN: 2.558 G_L1: 26.924 D_real: 0.082 D_fake: 0.108 
(epoch: 4, iters: 3900, time: 0.029, data: 0.003) G_GAN: 2.095 G_L1: 24.088 D_real: 0.071 D_fake: 1.333 
(epoch: 4, iters: 3920, time: 0.029, data: 0.003) G_GAN: 1.467 G_L1: 22.744 D_real: 0.242 D_fake: 0.868 
(epoch: 4, iters: 3940, time: 0.029, data: 0.002) G_GAN: 1.709 G_L1: 36.596 D_real: 0.024 D_fake: 1.072 
(epoch: 4, iters: 3960, time: 0.028, data: 0.003) G_GAN: 1.427 G_L1: 32.866 D_real: 0.430 D_fake: 0.096 
(epoch: 4, iters: 3980, time: 0.028, data: 0.002) G_GAN: 3.751 G_L1: 38.026 D_real: 0.015 D_fake: 0.040 
(epoch: 4, iters: 4000, time: 0.029, data: 0.003) G_GAN: 1.757 G_L1: 31.582 D_real: 0.225 D_fake: 0.760 
(epoch: 4, iters: 4020, time: 0.028, data: 0.002) G_GAN: 1.165 G_L1: 31.396 D_real: 0.070 D_fake: 2.107 
(epoch: 4, iters: 4040, time: 0.029, data: 0.002) G_GAN: 2.411 G_L1: 38.569 D_real: 0.037 D_fake: 0.189 
(epoch: 4, iters: 4060, time: 0.028, data: 0.002) G_GAN: 2.527 G_L1: 29.684 D_real: 0.045 D_fake: 0.120 
(epoch: 4, iters: 4080, time: 0.028, data: 0.002) G_GAN: 2.176 G_L1: 44.605 D_real: 0.001 D_fake: 0.673 
(epoch: 4, iters: 4100, time: 0.028, data: 0.002) G_GAN: 3.204 G_L1: 38.950 D_real: 0.072 D_fake: 0.047 
(epoch: 4, iters: 4120, time: 0.028, data: 0.002) G_GAN: 1.610 G_L1: 36.680 D_real: 0.066 D_fake: 0.406 
(epoch: 4, iters: 4140, time: 0.028, data: 0.002) G_GAN: 2.411 G_L1: 33.778 D_real: 0.113 D_fake: 0.083 
(epoch: 4, iters: 4160, time: 0.028, data: 0.002) G_GAN: 2.876 G_L1: 36.317 D_real: 0.287 D_fake: 0.052 
(epoch: 4, iters: 4180, time: 0.029, data: 0.002) G_GAN: 4.013 G_L1: 35.794 D_real: 0.045 D_fake: 0.020 
(epoch: 4, iters: 4200, time: 0.029, data: 0.002) G_GAN: 1.244 G_L1: 34.853 D_real: 0.003 D_fake: 1.129 
(epoch: 4, iters: 4220, time: 0.028, data: 0.002) G_GAN: 1.746 G_L1: 29.806 D_real: 2.973 D_fake: 0.053 
(epoch: 4, iters: 4240, time: 0.028, data: 0.002) G_GAN: 3.957 G_L1: 46.335 D_real: 0.001 D_fake: 0.027 
(epoch: 4, iters: 4260, time: 0.029, data: 0.002) G_GAN: 3.739 G_L1: 33.749 D_real: 0.008 D_fake: 0.039 
(epoch: 4, iters: 4280, time: 0.028, data: 0.002) G_GAN: 3.092 G_L1: 32.342 D_real: 0.070 D_fake: 0.053 
(epoch: 4, iters: 4300, time: 0.028, data: 0.002) G_GAN: 2.840 G_L1: 34.599 D_real: 0.518 D_fake: 0.025 
(epoch: 4, iters: 4320, time: 0.028, data: 0.002) G_GAN: 1.520 G_L1: 23.858 D_real: 0.679 D_fake: 0.285 
(epoch: 4, iters: 4340, time: 0.028, data: 0.002) G_GAN: 2.380 G_L1: 36.278 D_real: 0.018 D_fake: 0.122 
(epoch: 4, iters: 4360, time: 0.029, data: 0.002) G_GAN: 1.918 G_L1: 31.137 D_real: 0.015 D_fake: 0.251 
(epoch: 4, iters: 4380, time: 0.029, data: 0.002) G_GAN: 3.285 G_L1: 43.492 D_real: 0.021 D_fake: 0.091 
(epoch: 4, iters: 4400, time: 0.029, data: 0.002) G_GAN: 2.114 G_L1: 31.056 D_real: 0.223 D_fake: 0.180 
(epoch: 4, iters: 4420, time: 0.040, data: 0.002) G_GAN: 1.035 G_L1: 30.387 D_real: 0.589 D_fake: 0.080 
saving the latest model (epoch 4, total_iters 10000)
(epoch: 4, iters: 4440, time: 0.028, data: 0.002) G_GAN: 3.012 G_L1: 30.893 D_real: 0.002 D_fake: 0.243 
(epoch: 4, iters: 4460, time: 0.028, data: 0.002) G_GAN: 0.917 G_L1: 30.587 D_real: 0.912 D_fake: 0.223 
(epoch: 4, iters: 4480, time: 0.029, data: 0.002) G_GAN: 0.698 G_L1: 28.943 D_real: 0.703 D_fake: 0.244 
(epoch: 4, iters: 4500, time: 0.028, data: 0.002) G_GAN: 3.637 G_L1: 30.846 D_real: 0.288 D_fake: 0.033 
(epoch: 4, iters: 4520, time: 0.028, data: 0.002) G_GAN: 3.611 G_L1: 32.953 D_real: 0.125 D_fake: 0.037 
(epoch: 4, iters: 4540, time: 0.029, data: 0.002) G_GAN: 1.779 G_L1: 39.030 D_real: 0.016 D_fake: 0.118 
(epoch: 4, iters: 4560, time: 0.028, data: 0.003) G_GAN: 2.523 G_L1: 37.652 D_real: 0.018 D_fake: 0.224 
(epoch: 4, iters: 4580, time: 0.028, data: 0.002) G_GAN: 2.046 G_L1: 39.591 D_real: 0.006 D_fake: 0.527 
(epoch: 4, iters: 4600, time: 0.028, data: 0.003) G_GAN: 1.003 G_L1: 24.280 D_real: 0.545 D_fake: 0.935 
(epoch: 4, iters: 4620, time: 0.029, data: 0.002) G_GAN: 1.659 G_L1: 39.231 D_real: 0.004 D_fake: 0.747 
(epoch: 4, iters: 4640, time: 0.028, data: 0.003) G_GAN: 2.090 G_L1: 38.623 D_real: 0.001 D_fake: 0.197 
(epoch: 4, iters: 4660, time: 0.028, data: 0.002) G_GAN: 2.312 G_L1: 31.975 D_real: 0.207 D_fake: 0.125 
(epoch: 4, iters: 4680, time: 0.028, data: 0.003) G_GAN: 2.864 G_L1: 35.921 D_real: 0.126 D_fake: 0.087 
(epoch: 4, iters: 4700, time: 0.028, data: 0.002) G_GAN: 2.169 G_L1: 36.759 D_real: 0.013 D_fake: 0.290 
(epoch: 4, iters: 4720, time: 0.028, data: 0.002) G_GAN: 2.834 G_L1: 30.273 D_real: 0.382 D_fake: 0.034 
(epoch: 4, iters: 4740, time: 0.028, data: 0.002) G_GAN: 1.577 G_L1: 33.088 D_real: 0.350 D_fake: 0.069 
(epoch: 4, iters: 4760, time: 0.028, data: 0.002) G_GAN: 1.639 G_L1: 29.798 D_real: 0.034 D_fake: 0.172 
(epoch: 4, iters: 4780, time: 0.028, data: 0.002) G_GAN: 2.557 G_L1: 43.247 D_real: 0.005 D_fake: 0.207 
(epoch: 4, iters: 4800, time: 0.028, data: 0.003) G_GAN: 2.788 G_L1: 35.532 D_real: 0.007 D_fake: 0.095 
(epoch: 4, iters: 4820, time: 0.028, data: 0.002) G_GAN: 1.590 G_L1: 29.195 D_real: 0.111 D_fake: 0.395 
(epoch: 4, iters: 4840, time: 0.028, data: 0.003) G_GAN: 1.691 G_L1: 28.093 D_real: 0.020 D_fake: 0.142 
(epoch: 4, iters: 4860, time: 0.028, data: 0.003) G_GAN: 0.421 G_L1: 22.306 D_real: 1.396 D_fake: 0.064 
(epoch: 4, iters: 4880, time: 0.029, data: 0.002) G_GAN: 1.502 G_L1: 45.461 D_real: 0.033 D_fake: 0.474 
(epoch: 4, iters: 4900, time: 0.029, data: 0.002) G_GAN: 4.922 G_L1: 30.670 D_real: 1.506 D_fake: 0.002 
(epoch: 4, iters: 4920, time: 0.028, data: 0.003) G_GAN: 1.890 G_L1: 39.802 D_real: 0.393 D_fake: 0.141 
(epoch: 4, iters: 4940, time: 0.029, data: 0.002) G_GAN: 2.061 G_L1: 34.554 D_real: 0.044 D_fake: 0.216 
(epoch: 4, iters: 4960, time: 0.028, data: 0.003) G_GAN: 0.286 G_L1: 34.935 D_real: 1.830 D_fake: 0.511 
(epoch: 4, iters: 4980, time: 0.028, data: 0.002) G_GAN: 2.496 G_L1: 28.483 D_real: 0.049 D_fake: 0.223 
(epoch: 4, iters: 5000, time: 0.028, data: 0.003) G_GAN: 1.749 G_L1: 29.117 D_real: 0.512 D_fake: 0.185 
(epoch: 4, iters: 5020, time: 0.028, data: 0.002) G_GAN: 1.319 G_L1: 39.438 D_real: 0.005 D_fake: 0.380 
(epoch: 4, iters: 5040, time: 0.028, data: 0.002) G_GAN: 2.290 G_L1: 48.734 D_real: 0.002 D_fake: 1.322 
(epoch: 4, iters: 5060, time: 0.028, data: 0.002) G_GAN: 1.656 G_L1: 38.883 D_real: 0.061 D_fake: 0.240 
(epoch: 4, iters: 5080, time: 0.028, data: 0.002) G_GAN: 1.518 G_L1: 28.755 D_real: 0.547 D_fake: 0.199 
(epoch: 4, iters: 5100, time: 0.028, data: 0.002) G_GAN: 1.878 G_L1: 35.168 D_real: 0.023 D_fake: 0.532 
(epoch: 4, iters: 5120, time: 0.028, data: 0.002) G_GAN: 1.301 G_L1: 21.789 D_real: 1.120 D_fake: 0.097 
(epoch: 4, iters: 5140, time: 0.028, data: 0.002) G_GAN: 5.645 G_L1: 29.011 D_real: 0.175 D_fake: 0.004 
(epoch: 4, iters: 5160, time: 0.028, data: 0.002) G_GAN: 2.526 G_L1: 32.782 D_real: 0.214 D_fake: 0.122 
(epoch: 4, iters: 5180, time: 0.028, data: 0.003) G_GAN: 2.205 G_L1: 31.940 D_real: 0.204 D_fake: 0.113 
(epoch: 4, iters: 5200, time: 0.028, data: 0.003) G_GAN: 2.903 G_L1: 36.146 D_real: 0.082 D_fake: 0.101 
(epoch: 4, iters: 5220, time: 0.028, data: 0.002) G_GAN: 2.044 G_L1: 31.578 D_real: 0.205 D_fake: 0.263 
(epoch: 4, iters: 5240, time: 0.028, data: 0.002) G_GAN: 1.411 G_L1: 33.830 D_real: 0.424 D_fake: 0.287 
(epoch: 4, iters: 5260, time: 0.028, data: 0.003) G_GAN: 1.277 G_L1: 33.858 D_real: 0.796 D_fake: 0.106 
(epoch: 4, iters: 5280, time: 0.028, data: 0.003) G_GAN: 2.247 G_L1: 38.565 D_real: 0.091 D_fake: 0.269 
(epoch: 4, iters: 5300, time: 0.029, data: 0.002) G_GAN: 2.401 G_L1: 33.896 D_real: 0.036 D_fake: 0.517 
(epoch: 4, iters: 5320, time: 0.029, data: 0.003) G_GAN: 0.541 G_L1: 37.050 D_real: 2.742 D_fake: 0.335 
(epoch: 4, iters: 5340, time: 0.028, data: 0.002) G_GAN: 1.567 G_L1: 25.648 D_real: 0.434 D_fake: 0.230 
(epoch: 4, iters: 5360, time: 0.028, data: 0.003) G_GAN: 2.858 G_L1: 33.146 D_real: 0.311 D_fake: 0.052 
(epoch: 4, iters: 5380, time: 0.029, data: 0.002) G_GAN: 1.735 G_L1: 31.935 D_real: 0.046 D_fake: 0.173 
(epoch: 4, iters: 5400, time: 0.028, data: 0.003) G_GAN: 3.580 G_L1: 36.921 D_real: 0.105 D_fake: 0.036 
(epoch: 4, iters: 5420, time: 0.028, data: 0.002) G_GAN: 2.704 G_L1: 22.634 D_real: 0.023 D_fake: 0.148 
(epoch: 4, iters: 5440, time: 0.028, data: 0.003) G_GAN: 2.278 G_L1: 32.773 D_real: 0.040 D_fake: 0.235 
(epoch: 4, iters: 5460, time: 0.028, data: 0.002) G_GAN: 3.578 G_L1: 28.988 D_real: 0.061 D_fake: 0.025 
(epoch: 4, iters: 5480, time: 0.028, data: 0.003) G_GAN: 2.402 G_L1: 41.222 D_real: 0.041 D_fake: 0.093 
(epoch: 4, iters: 5500, time: 0.029, data: 0.002) G_GAN: 2.896 G_L1: 27.683 D_real: 0.123 D_fake: 0.083 
(epoch: 4, iters: 5520, time: 0.028, data: 0.003) G_GAN: 0.964 G_L1: 22.618 D_real: 1.289 D_fake: 0.141 
(epoch: 4, iters: 5540, time: 0.028, data: 0.002) G_GAN: 2.528 G_L1: 36.429 D_real: 0.018 D_fake: 0.143 
(epoch: 4, iters: 5560, time: 0.028, data: 0.002) G_GAN: 1.747 G_L1: 35.327 D_real: 0.004 D_fake: 0.471 
(epoch: 4, iters: 5580, time: 0.021, data: 0.002) G_GAN: 7.036 G_L1: 39.811 D_real: 0.007 D_fake: 0.001 
saving the model at the end of epoch 4, iters 11160
End of epoch 4 / 20      Time Taken: 90 sec
learning rate 0.0001000 -> 0.0001000
(epoch: 5, iters: 20, time: 0.027, data: 0.356) G_GAN: 2.487 G_L1: 33.940 D_real: 0.054 D_fake: 0.882 
(epoch: 5, iters: 40, time: 0.043, data: 0.001) G_GAN: 1.616 G_L1: 29.942 D_real: 0.070 D_fake: 0.901 
(epoch: 5, iters: 60, time: 0.028, data: 0.002) G_GAN: 2.876 G_L1: 38.609 D_real: 0.014 D_fake: 0.075 
(epoch: 5, iters: 80, time: 0.028, data: 0.003) G_GAN: 2.139 G_L1: 38.585 D_real: 0.004 D_fake: 0.450 
(epoch: 5, iters: 100, time: 0.030, data: 0.002) G_GAN: 1.205 G_L1: 38.551 D_real: 0.052 D_fake: 0.256 
(epoch: 5, iters: 120, time: 0.028, data: 0.003) G_GAN: 4.613 G_L1: 31.723 D_real: 0.092 D_fake: 0.007 
(epoch: 5, iters: 140, time: 0.028, data: 0.002) G_GAN: 4.748 G_L1: 28.141 D_real: 1.514 D_fake: 0.004 
(epoch: 5, iters: 160, time: 0.028, data: 0.002) G_GAN: 2.314 G_L1: 34.911 D_real: 0.079 D_fake: 0.127 
(epoch: 5, iters: 180, time: 0.028, data: 0.002) G_GAN: 1.162 G_L1: 32.868 D_real: 0.839 D_fake: 0.170 
(epoch: 5, iters: 200, time: 0.028, data: 0.002) G_GAN: 3.588 G_L1: 40.888 D_real: 0.001 D_fake: 0.039 
(epoch: 5, iters: 220, time: 0.028, data: 0.003) G_GAN: 2.468 G_L1: 38.385 D_real: 0.728 D_fake: 0.127 
(epoch: 5, iters: 240, time: 0.028, data: 0.002) G_GAN: 2.377 G_L1: 39.173 D_real: 0.203 D_fake: 0.087 
(epoch: 5, iters: 260, time: 0.028, data: 0.002) G_GAN: 1.781 G_L1: 37.102 D_real: 0.094 D_fake: 0.137 
(epoch: 5, iters: 280, time: 0.028, data: 0.002) G_GAN: 0.460 G_L1: 28.385 D_real: 1.535 D_fake: 1.031 
(epoch: 5, iters: 300, time: 0.029, data: 0.002) G_GAN: 1.571 G_L1: 36.347 D_real: 0.001 D_fake: 0.775 
(epoch: 5, iters: 320, time: 0.028, data: 0.002) G_GAN: 5.155 G_L1: 40.560 D_real: 0.238 D_fake: 0.005 
(epoch: 5, iters: 340, time: 0.028, data: 0.003) G_GAN: 2.942 G_L1: 29.718 D_real: 2.057 D_fake: 0.019 
(epoch: 5, iters: 360, time: 0.028, data: 0.002) G_GAN: 1.134 G_L1: 24.150 D_real: 0.591 D_fake: 0.435 
(epoch: 5, iters: 380, time: 0.028, data: 0.003) G_GAN: 1.871 G_L1: 30.260 D_real: 0.019 D_fake: 0.417 
(epoch: 5, iters: 400, time: 0.028, data: 0.003) G_GAN: 3.401 G_L1: 37.993 D_real: 0.026 D_fake: 0.040 
(epoch: 5, iters: 420, time: 0.028, data: 0.002) G_GAN: 2.576 G_L1: 38.828 D_real: 0.178 D_fake: 0.083 
(epoch: 5, iters: 440, time: 0.028, data: 0.002) G_GAN: 2.049 G_L1: 45.727 D_real: 0.000 D_fake: 0.981 
(epoch: 5, iters: 460, time: 0.028, data: 0.002) G_GAN: 1.241 G_L1: 38.645 D_real: 0.413 D_fake: 0.191 
(epoch: 5, iters: 480, time: 0.028, data: 0.002) G_GAN: 2.068 G_L1: 24.466 D_real: 0.511 D_fake: 0.131 
(epoch: 5, iters: 500, time: 0.028, data: 0.003) G_GAN: 1.387 G_L1: 26.397 D_real: 0.024 D_fake: 0.482 
(epoch: 5, iters: 520, time: 0.028, data: 0.003) G_GAN: 1.745 G_L1: 34.484 D_real: 0.426 D_fake: 0.143 
(epoch: 5, iters: 540, time: 0.028, data: 0.002) G_GAN: 1.952 G_L1: 34.798 D_real: 0.032 D_fake: 0.788 
(epoch: 5, iters: 560, time: 0.029, data: 0.003) G_GAN: 1.890 G_L1: 36.112 D_real: 0.004 D_fake: 0.214 
(epoch: 5, iters: 580, time: 0.028, data: 0.003) G_GAN: 1.866 G_L1: 34.787 D_real: 0.048 D_fake: 0.372 
(epoch: 5, iters: 600, time: 0.028, data: 0.002) G_GAN: 1.003 G_L1: 31.903 D_real: 1.290 D_fake: 0.169 
(epoch: 5, iters: 620, time: 0.028, data: 0.002) G_GAN: 4.552 G_L1: 35.338 D_real: 0.001 D_fake: 0.016 
(epoch: 5, iters: 640, time: 0.029, data: 0.002) G_GAN: 4.068 G_L1: 30.323 D_real: 0.086 D_fake: 0.021 
(epoch: 5, iters: 660, time: 0.028, data: 0.003) G_GAN: 3.688 G_L1: 30.796 D_real: 2.048 D_fake: 0.013 
(epoch: 5, iters: 680, time: 0.029, data: 0.002) G_GAN: 2.658 G_L1: 36.834 D_real: 0.020 D_fake: 0.204 
(epoch: 5, iters: 700, time: 0.029, data: 0.002) G_GAN: 1.344 G_L1: 35.073 D_real: 0.005 D_fake: 0.669 
(epoch: 5, iters: 720, time: 0.028, data: 0.002) G_GAN: 2.309 G_L1: 31.250 D_real: 0.063 D_fake: 0.092 
(epoch: 5, iters: 740, time: 0.028, data: 0.002) G_GAN: 0.790 G_L1: 29.942 D_real: 1.499 D_fake: 0.310 
(epoch: 5, iters: 760, time: 0.028, data: 0.002) G_GAN: 2.595 G_L1: 26.727 D_real: 0.026 D_fake: 0.164 
(epoch: 5, iters: 780, time: 0.028, data: 0.002) G_GAN: 1.694 G_L1: 35.188 D_real: 0.063 D_fake: 0.813 
(epoch: 5, iters: 800, time: 0.028, data: 0.003) G_GAN: 1.002 G_L1: 31.126 D_real: 1.887 D_fake: 0.111 
(epoch: 5, iters: 820, time: 0.028, data: 0.002) G_GAN: 2.495 G_L1: 37.179 D_real: 0.006 D_fake: 0.259 
(epoch: 5, iters: 840, time: 0.040, data: 0.002) G_GAN: 1.470 G_L1: 37.039 D_real: 0.002 D_fake: 0.410 
(epoch: 5, iters: 860, time: 0.028, data: 0.002) G_GAN: 1.848 G_L1: 34.467 D_real: 0.057 D_fake: 0.397 
(epoch: 5, iters: 880, time: 0.028, data: 0.002) G_GAN: 3.320 G_L1: 38.209 D_real: 0.070 D_fake: 0.039 
(epoch: 5, iters: 900, time: 0.030, data: 0.003) G_GAN: 1.856 G_L1: 42.369 D_real: 0.004 D_fake: 0.594 
(epoch: 5, iters: 920, time: 0.028, data: 0.002) G_GAN: 2.492 G_L1: 33.372 D_real: 0.175 D_fake: 0.218 
(epoch: 5, iters: 940, time: 0.028, data: 0.002) G_GAN: 2.554 G_L1: 43.146 D_real: 0.004 D_fake: 0.145 
(epoch: 5, iters: 960, time: 0.028, data: 0.002) G_GAN: 0.701 G_L1: 35.207 D_real: 0.177 D_fake: 1.238 
(epoch: 5, iters: 980, time: 0.028, data: 0.002) G_GAN: 3.405 G_L1: 40.382 D_real: 0.200 D_fake: 0.032 
(epoch: 5, iters: 1000, time: 0.028, data: 0.002) G_GAN: 3.077 G_L1: 36.683 D_real: 0.028 D_fake: 0.059 
(epoch: 5, iters: 1020, time: 0.028, data: 0.002) G_GAN: 2.594 G_L1: 35.498 D_real: 0.276 D_fake: 0.068 
(epoch: 5, iters: 1040, time: 0.028, data: 0.003) G_GAN: 1.557 G_L1: 29.177 D_real: 0.906 D_fake: 0.165 
(epoch: 5, iters: 1060, time: 0.029, data: 0.002) G_GAN: 2.183 G_L1: 29.512 D_real: 0.102 D_fake: 0.117 
(epoch: 5, iters: 1080, time: 0.029, data: 0.002) G_GAN: 2.379 G_L1: 39.175 D_real: 0.165 D_fake: 0.157 
(epoch: 5, iters: 1100, time: 0.028, data: 0.002) G_GAN: 1.661 G_L1: 29.132 D_real: 0.101 D_fake: 0.478 
(epoch: 5, iters: 1120, time: 0.028, data: 0.002) G_GAN: 2.082 G_L1: 28.924 D_real: 0.022 D_fake: 0.316 
(epoch: 5, iters: 1140, time: 0.028, data: 0.002) G_GAN: 1.888 G_L1: 29.445 D_real: 0.022 D_fake: 0.148 
(epoch: 5, iters: 1160, time: 0.029, data: 0.002) G_GAN: 4.277 G_L1: 42.796 D_real: 0.054 D_fake: 0.027 
(epoch: 5, iters: 1180, time: 0.028, data: 0.002) G_GAN: 1.583 G_L1: 32.863 D_real: 0.041 D_fake: 0.169 
(epoch: 5, iters: 1200, time: 0.028, data: 0.002) G_GAN: 2.085 G_L1: 26.830 D_real: 1.142 D_fake: 0.034 
(epoch: 5, iters: 1220, time: 0.028, data: 0.002) G_GAN: 2.140 G_L1: 30.310 D_real: 0.065 D_fake: 0.246 
(epoch: 5, iters: 1240, time: 0.028, data: 0.002) G_GAN: 1.917 G_L1: 40.904 D_real: 0.007 D_fake: 0.484 
(epoch: 5, iters: 1260, time: 0.028, data: 0.002) G_GAN: 1.953 G_L1: 29.569 D_real: 0.152 D_fake: 0.144 
(epoch: 5, iters: 1280, time: 0.028, data: 0.002) G_GAN: 2.264 G_L1: 33.960 D_real: 0.029 D_fake: 0.267 
(epoch: 5, iters: 1300, time: 0.028, data: 0.002) G_GAN: 1.679 G_L1: 31.678 D_real: 0.009 D_fake: 0.502 
(epoch: 5, iters: 1320, time: 0.028, data: 0.002) G_GAN: 1.946 G_L1: 27.949 D_real: 0.180 D_fake: 0.058 
(epoch: 5, iters: 1340, time: 0.028, data: 0.002) G_GAN: 2.924 G_L1: 36.013 D_real: 0.780 D_fake: 0.026 
(epoch: 5, iters: 1360, time: 0.028, data: 0.002) G_GAN: 2.447 G_L1: 32.133 D_real: 1.391 D_fake: 0.038 
(epoch: 5, iters: 1380, time: 0.029, data: 0.002) G_GAN: 2.314 G_L1: 40.377 D_real: 0.006 D_fake: 0.124 
(epoch: 5, iters: 1400, time: 0.029, data: 0.002) G_GAN: 2.968 G_L1: 27.892 D_real: 0.045 D_fake: 0.076 
(epoch: 5, iters: 1420, time: 0.029, data: 0.002) G_GAN: 3.653 G_L1: 43.834 D_real: 0.064 D_fake: 0.031 
(epoch: 5, iters: 1440, time: 0.028, data: 0.003) G_GAN: 0.708 G_L1: 23.883 D_real: 0.666 D_fake: 1.998 
(epoch: 5, iters: 1460, time: 0.028, data: 0.002) G_GAN: 2.412 G_L1: 32.440 D_real: 0.070 D_fake: 0.150 
(epoch: 5, iters: 1480, time: 0.029, data: 0.002) G_GAN: 2.931 G_L1: 36.671 D_real: 0.081 D_fake: 0.075 
(epoch: 5, iters: 1500, time: 0.028, data: 0.002) G_GAN: 2.357 G_L1: 38.730 D_real: 0.023 D_fake: 0.192 
(epoch: 5, iters: 1520, time: 0.028, data: 0.002) G_GAN: 1.870 G_L1: 39.268 D_real: 0.071 D_fake: 0.523 
(epoch: 5, iters: 1540, time: 0.029, data: 0.002) G_GAN: 2.708 G_L1: 39.391 D_real: 0.016 D_fake: 0.093 
(epoch: 5, iters: 1560, time: 0.028, data: 0.002) G_GAN: 3.233 G_L1: 41.953 D_real: 0.052 D_fake: 0.061 
(epoch: 5, iters: 1580, time: 0.028, data: 0.002) G_GAN: 1.593 G_L1: 33.382 D_real: 0.076 D_fake: 0.409 
(epoch: 5, iters: 1600, time: 0.028, data: 0.002) G_GAN: 1.799 G_L1: 36.226 D_real: 0.003 D_fake: 0.263 
(epoch: 5, iters: 1620, time: 0.028, data: 0.004) G_GAN: 4.324 G_L1: 42.699 D_real: 0.013 D_fake: 0.024 
(epoch: 5, iters: 1640, time: 0.028, data: 0.002) G_GAN: 1.961 G_L1: 36.259 D_real: 0.005 D_fake: 0.086 
(epoch: 5, iters: 1660, time: 0.029, data: 0.002) G_GAN: 1.284 G_L1: 36.073 D_real: 0.030 D_fake: 0.972 
(epoch: 5, iters: 1680, time: 0.029, data: 0.002) G_GAN: 1.881 G_L1: 40.343 D_real: 0.061 D_fake: 0.172 
(epoch: 5, iters: 1700, time: 0.029, data: 0.002) G_GAN: 0.817 G_L1: 45.264 D_real: 2.386 D_fake: 0.373 
(epoch: 5, iters: 1720, time: 0.029, data: 0.002) G_GAN: 2.517 G_L1: 29.683 D_real: 0.492 D_fake: 0.381 
(epoch: 5, iters: 1740, time: 0.029, data: 0.002) G_GAN: 1.525 G_L1: 36.979 D_real: 0.002 D_fake: 0.604 
(epoch: 5, iters: 1760, time: 0.028, data: 0.002) G_GAN: 2.370 G_L1: 32.084 D_real: 0.980 D_fake: 0.022 
(epoch: 5, iters: 1780, time: 0.028, data: 0.003) G_GAN: 2.760 G_L1: 37.330 D_real: 0.374 D_fake: 0.065 
(epoch: 5, iters: 1800, time: 0.029, data: 0.002) G_GAN: 4.217 G_L1: 44.643 D_real: 0.037 D_fake: 0.023 
(epoch: 5, iters: 1820, time: 0.028, data: 0.002) G_GAN: 1.763 G_L1: 23.980 D_real: 0.051 D_fake: 0.246 
(epoch: 5, iters: 1840, time: 0.028, data: 0.002) G_GAN: 3.563 G_L1: 39.721 D_real: 0.101 D_fake: 0.032 
(epoch: 5, iters: 1860, time: 0.029, data: 0.002) G_GAN: 1.763 G_L1: 32.888 D_real: 0.005 D_fake: 0.703 
(epoch: 5, iters: 1880, time: 0.029, data: 0.002) G_GAN: 3.638 G_L1: 34.473 D_real: 0.008 D_fake: 0.046 
(epoch: 5, iters: 1900, time: 0.028, data: 0.002) G_GAN: 2.571 G_L1: 34.685 D_real: 0.246 D_fake: 0.108 
(epoch: 5, iters: 1920, time: 0.028, data: 0.003) G_GAN: 3.361 G_L1: 30.580 D_real: 0.519 D_fake: 0.021 
(epoch: 5, iters: 1940, time: 0.028, data: 0.002) G_GAN: 2.576 G_L1: 31.894 D_real: 0.090 D_fake: 0.119 
(epoch: 5, iters: 1960, time: 0.028, data: 0.002) G_GAN: 4.928 G_L1: 36.009 D_real: 0.092 D_fake: 0.009 
(epoch: 5, iters: 1980, time: 0.028, data: 0.002) G_GAN: 1.734 G_L1: 32.308 D_real: 0.078 D_fake: 0.429 
(epoch: 5, iters: 2000, time: 0.028, data: 0.003) G_GAN: 2.545 G_L1: 33.003 D_real: 0.021 D_fake: 0.106 
(epoch: 5, iters: 2020, time: 0.029, data: 0.002) G_GAN: 1.723 G_L1: 37.952 D_real: 0.001 D_fake: 0.763 
(epoch: 5, iters: 2040, time: 0.029, data: 0.002) G_GAN: 3.716 G_L1: 38.724 D_real: 0.010 D_fake: 0.043 
(epoch: 5, iters: 2060, time: 0.029, data: 0.002) G_GAN: 2.443 G_L1: 27.363 D_real: 0.579 D_fake: 0.075 
(epoch: 5, iters: 2080, time: 0.029, data: 0.002) G_GAN: 3.488 G_L1: 27.671 D_real: 0.101 D_fake: 0.031 
(epoch: 5, iters: 2100, time: 0.028, data: 0.003) G_GAN: 1.892 G_L1: 42.260 D_real: 0.000 D_fake: 1.036 
(epoch: 5, iters: 2120, time: 0.028, data: 0.002) G_GAN: 2.074 G_L1: 39.257 D_real: 0.222 D_fake: 0.097 
(epoch: 5, iters: 2140, time: 0.028, data: 0.002) G_GAN: 1.979 G_L1: 36.255 D_real: 0.089 D_fake: 0.193 
(epoch: 5, iters: 2160, time: 0.028, data: 0.002) G_GAN: 2.599 G_L1: 41.376 D_real: 0.033 D_fake: 0.117 
(epoch: 5, iters: 2180, time: 0.028, data: 0.002) G_GAN: 1.930 G_L1: 34.948 D_real: 0.085 D_fake: 1.756 
(epoch: 5, iters: 2200, time: 0.028, data: 0.002) G_GAN: 1.593 G_L1: 38.070 D_real: 0.003 D_fake: 1.077 
(epoch: 5, iters: 2220, time: 0.028, data: 0.002) G_GAN: 2.827 G_L1: 35.922 D_real: 0.136 D_fake: 0.063 
(epoch: 5, iters: 2240, time: 0.028, data: 0.002) G_GAN: 1.673 G_L1: 34.843 D_real: 0.013 D_fake: 0.447 
(epoch: 5, iters: 2260, time: 0.028, data: 0.002) G_GAN: 1.655 G_L1: 26.434 D_real: 0.007 D_fake: 0.834 
(epoch: 5, iters: 2280, time: 0.028, data: 0.002) G_GAN: 3.066 G_L1: 38.868 D_real: 0.003 D_fake: 0.057 
(epoch: 5, iters: 2300, time: 0.029, data: 0.002) G_GAN: 1.644 G_L1: 33.959 D_real: 0.588 D_fake: 0.146 
(epoch: 5, iters: 2320, time: 0.028, data: 0.002) G_GAN: 3.703 G_L1: 40.737 D_real: 0.870 D_fake: 0.019 
(epoch: 5, iters: 2340, time: 0.028, data: 0.002) G_GAN: 2.170 G_L1: 37.195 D_real: 0.005 D_fake: 0.192 
(epoch: 5, iters: 2360, time: 0.028, data: 0.003) G_GAN: 2.308 G_L1: 40.151 D_real: 0.004 D_fake: 0.166 
(epoch: 5, iters: 2380, time: 0.028, data: 0.002) G_GAN: 1.173 G_L1: 31.150 D_real: 1.113 D_fake: 0.105 
(epoch: 5, iters: 2400, time: 0.028, data: 0.003) G_GAN: 2.940 G_L1: 32.130 D_real: 0.194 D_fake: 0.097 
(epoch: 5, iters: 2420, time: 0.029, data: 0.002) G_GAN: 3.947 G_L1: 39.821 D_real: 0.062 D_fake: 0.022 
(epoch: 5, iters: 2440, time: 0.028, data: 0.002) G_GAN: 2.326 G_L1: 29.630 D_real: 0.050 D_fake: 0.142 
(epoch: 5, iters: 2460, time: 0.028, data: 0.002) G_GAN: 2.218 G_L1: 32.466 D_real: 0.016 D_fake: 0.234 
(epoch: 5, iters: 2480, time: 0.028, data: 0.002) G_GAN: 2.036 G_L1: 36.603 D_real: 0.003 D_fake: 0.229 
(epoch: 5, iters: 2500, time: 0.028, data: 0.002) G_GAN: 2.076 G_L1: 38.468 D_real: 0.005 D_fake: 0.742 
(epoch: 5, iters: 2520, time: 0.028, data: 0.002) G_GAN: 1.709 G_L1: 30.034 D_real: 0.961 D_fake: 0.032 
(epoch: 5, iters: 2540, time: 0.028, data: 0.002) G_GAN: 2.148 G_L1: 41.577 D_real: 0.008 D_fake: 1.233 
(epoch: 5, iters: 2560, time: 0.028, data: 0.002) G_GAN: 2.265 G_L1: 37.534 D_real: 0.035 D_fake: 0.985 
(epoch: 5, iters: 2580, time: 0.029, data: 0.002) G_GAN: 1.347 G_L1: 25.902 D_real: 0.503 D_fake: 0.575 
(epoch: 5, iters: 2600, time: 0.029, data: 0.002) G_GAN: 3.106 G_L1: 28.661 D_real: 0.394 D_fake: 0.040 
(epoch: 5, iters: 2620, time: 0.028, data: 0.002) G_GAN: 1.396 G_L1: 30.694 D_real: 0.027 D_fake: 0.316 
(epoch: 5, iters: 2640, time: 0.029, data: 0.002) G_GAN: 2.165 G_L1: 33.712 D_real: 0.040 D_fake: 1.049 
(epoch: 5, iters: 2660, time: 0.029, data: 0.002) G_GAN: 0.995 G_L1: 29.301 D_real: 0.357 D_fake: 0.389 
(epoch: 5, iters: 2680, time: 0.028, data: 0.002) G_GAN: 1.824 G_L1: 27.713 D_real: 0.002 D_fake: 0.206 
(epoch: 5, iters: 2700, time: 0.029, data: 0.002) G_GAN: 2.270 G_L1: 30.327 D_real: 1.292 D_fake: 0.026 
(epoch: 5, iters: 2720, time: 0.029, data: 0.002) G_GAN: 2.757 G_L1: 36.697 D_real: 0.005 D_fake: 0.101 
(epoch: 5, iters: 2740, time: 0.028, data: 0.002) G_GAN: 3.187 G_L1: 33.980 D_real: 0.004 D_fake: 0.064 
(epoch: 5, iters: 2760, time: 0.028, data: 0.002) G_GAN: 1.733 G_L1: 35.907 D_real: 0.268 D_fake: 0.258 
(epoch: 5, iters: 2780, time: 0.028, data: 0.002) G_GAN: 3.602 G_L1: 36.026 D_real: 0.030 D_fake: 0.046 
(epoch: 5, iters: 2800, time: 0.028, data: 0.002) G_GAN: 4.525 G_L1: 35.728 D_real: 0.003 D_fake: 0.015 
(epoch: 5, iters: 2820, time: 0.028, data: 0.002) G_GAN: 2.677 G_L1: 40.363 D_real: 0.016 D_fake: 0.154 
(epoch: 5, iters: 2840, time: 0.039, data: 0.003) G_GAN: 2.896 G_L1: 28.357 D_real: 0.035 D_fake: 0.262 
(epoch: 5, iters: 2860, time: 0.028, data: 0.002) G_GAN: 1.823 G_L1: 40.653 D_real: 0.008 D_fake: 0.884 
(epoch: 5, iters: 2880, time: 0.028, data: 0.002) G_GAN: 2.410 G_L1: 32.357 D_real: 0.034 D_fake: 0.141 
(epoch: 5, iters: 2900, time: 0.029, data: 0.002) G_GAN: 2.125 G_L1: 28.804 D_real: 0.134 D_fake: 0.254 
(epoch: 5, iters: 2920, time: 0.028, data: 0.002) G_GAN: 2.148 G_L1: 30.971 D_real: 0.563 D_fake: 0.149 
(epoch: 5, iters: 2940, time: 0.028, data: 0.002) G_GAN: 3.481 G_L1: 41.935 D_real: 0.004 D_fake: 0.032 
(epoch: 5, iters: 2960, time: 0.029, data: 0.003) G_GAN: 1.953 G_L1: 30.616 D_real: 0.020 D_fake: 0.551 
(epoch: 5, iters: 2980, time: 0.029, data: 0.002) G_GAN: 2.755 G_L1: 40.597 D_real: 0.000 D_fake: 0.083 
(epoch: 5, iters: 3000, time: 0.028, data: 0.003) G_GAN: 2.405 G_L1: 37.938 D_real: 0.015 D_fake: 0.133 
(epoch: 5, iters: 3020, time: 0.028, data: 0.002) G_GAN: 1.850 G_L1: 44.661 D_real: 0.001 D_fake: 0.201 
(epoch: 5, iters: 3040, time: 0.028, data: 0.002) G_GAN: 2.561 G_L1: 33.470 D_real: 0.008 D_fake: 0.199 
(epoch: 5, iters: 3060, time: 0.028, data: 0.002) G_GAN: 1.599 G_L1: 28.033 D_real: 0.380 D_fake: 0.187 
(epoch: 5, iters: 3080, time: 0.028, data: 0.002) G_GAN: 1.679 G_L1: 27.973 D_real: 2.637 D_fake: 0.027 
(epoch: 5, iters: 3100, time: 0.029, data: 0.002) G_GAN: 1.780 G_L1: 27.434 D_real: 3.896 D_fake: 0.071 
(epoch: 5, iters: 3120, time: 0.029, data: 0.002) G_GAN: 3.358 G_L1: 36.668 D_real: 0.082 D_fake: 0.037 
(epoch: 5, iters: 3140, time: 0.029, data: 0.002) G_GAN: 1.991 G_L1: 30.631 D_real: 0.388 D_fake: 0.083 
(epoch: 5, iters: 3160, time: 0.029, data: 0.002) G_GAN: 1.245 G_L1: 25.187 D_real: 0.818 D_fake: 0.454 
(epoch: 5, iters: 3180, time: 0.029, data: 0.002) G_GAN: 3.626 G_L1: 40.400 D_real: 0.002 D_fake: 0.052 
(epoch: 5, iters: 3200, time: 0.029, data: 0.002) G_GAN: 2.047 G_L1: 24.938 D_real: 0.355 D_fake: 0.157 
(epoch: 5, iters: 3220, time: 0.028, data: 0.002) G_GAN: 1.870 G_L1: 28.494 D_real: 0.335 D_fake: 0.190 
(epoch: 5, iters: 3240, time: 0.028, data: 0.002) G_GAN: 3.205 G_L1: 33.117 D_real: 0.050 D_fake: 0.062 
(epoch: 5, iters: 3260, time: 0.028, data: 0.002) G_GAN: 2.087 G_L1: 33.310 D_real: 0.112 D_fake: 0.176 
(epoch: 5, iters: 3280, time: 0.028, data: 0.002) G_GAN: 2.393 G_L1: 38.393 D_real: 0.015 D_fake: 0.061 
(epoch: 5, iters: 3300, time: 0.028, data: 0.002) G_GAN: 2.782 G_L1: 26.242 D_real: 3.419 D_fake: 0.021 
(epoch: 5, iters: 3320, time: 0.028, data: 0.002) G_GAN: 2.660 G_L1: 33.030 D_real: 0.007 D_fake: 0.179 
(epoch: 5, iters: 3340, time: 0.028, data: 0.002) G_GAN: 1.787 G_L1: 26.241 D_real: 0.868 D_fake: 0.023 
(epoch: 5, iters: 3360, time: 0.028, data: 0.003) G_GAN: 3.022 G_L1: 33.513 D_real: 0.134 D_fake: 0.068 
(epoch: 5, iters: 3380, time: 0.028, data: 0.002) G_GAN: 2.389 G_L1: 32.741 D_real: 0.012 D_fake: 0.230 
(epoch: 5, iters: 3400, time: 0.028, data: 0.002) G_GAN: 2.467 G_L1: 36.851 D_real: 0.003 D_fake: 0.132 
(epoch: 5, iters: 3420, time: 0.028, data: 0.002) G_GAN: 3.516 G_L1: 36.621 D_real: 0.196 D_fake: 0.039 
(epoch: 5, iters: 3440, time: 0.028, data: 0.002) G_GAN: 1.691 G_L1: 37.082 D_real: 0.033 D_fake: 0.264 
(epoch: 5, iters: 3460, time: 0.028, data: 0.002) G_GAN: 2.654 G_L1: 27.825 D_real: 0.073 D_fake: 0.055 
(epoch: 5, iters: 3480, time: 0.028, data: 0.002) G_GAN: 3.097 G_L1: 39.958 D_real: 0.007 D_fake: 0.044 
(epoch: 5, iters: 3500, time: 0.028, data: 0.002) G_GAN: 2.425 G_L1: 30.442 D_real: 0.411 D_fake: 0.050 
(epoch: 5, iters: 3520, time: 0.028, data: 0.003) G_GAN: 1.767 G_L1: 36.567 D_real: 0.017 D_fake: 0.254 
(epoch: 5, iters: 3540, time: 0.028, data: 0.002) G_GAN: 0.994 G_L1: 25.490 D_real: 0.411 D_fake: 0.488 
(epoch: 5, iters: 3560, time: 0.029, data: 0.002) G_GAN: 5.408 G_L1: 40.388 D_real: 0.451 D_fake: 0.005 
(epoch: 5, iters: 3580, time: 0.028, data: 0.002) G_GAN: 2.322 G_L1: 37.829 D_real: 0.082 D_fake: 1.999 
(epoch: 5, iters: 3600, time: 0.029, data: 0.002) G_GAN: 1.163 G_L1: 26.363 D_real: 0.267 D_fake: 0.452 
(epoch: 5, iters: 3620, time: 0.028, data: 0.002) G_GAN: 1.527 G_L1: 28.746 D_real: 0.796 D_fake: 0.073 
(epoch: 5, iters: 3640, time: 0.029, data: 0.002) G_GAN: 2.282 G_L1: 29.056 D_real: 1.703 D_fake: 0.035 
(epoch: 5, iters: 3660, time: 0.029, data: 0.002) G_GAN: 1.473 G_L1: 24.871 D_real: 0.968 D_fake: 0.246 
(epoch: 5, iters: 3680, time: 0.028, data: 0.002) G_GAN: 2.300 G_L1: 23.085 D_real: 1.575 D_fake: 0.031 
(epoch: 5, iters: 3700, time: 0.028, data: 0.002) G_GAN: 2.139 G_L1: 32.198 D_real: 0.230 D_fake: 0.149 
(epoch: 5, iters: 3720, time: 0.028, data: 0.002) G_GAN: 4.090 G_L1: 40.761 D_real: 0.056 D_fake: 0.019 
(epoch: 5, iters: 3740, time: 0.028, data: 0.002) G_GAN: 1.561 G_L1: 29.453 D_real: 0.845 D_fake: 0.169 
(epoch: 5, iters: 3760, time: 0.028, data: 0.003) G_GAN: 1.000 G_L1: 21.875 D_real: 0.142 D_fake: 0.746 
(epoch: 5, iters: 3780, time: 0.028, data: 0.002) G_GAN: 1.776 G_L1: 30.892 D_real: 1.072 D_fake: 0.037 
(epoch: 5, iters: 3800, time: 0.028, data: 0.002) G_GAN: 2.313 G_L1: 31.759 D_real: 0.014 D_fake: 0.151 
(epoch: 5, iters: 3820, time: 0.029, data: 0.002) G_GAN: 2.624 G_L1: 34.163 D_real: 0.174 D_fake: 0.095 
(epoch: 5, iters: 3840, time: 0.029, data: 0.002) G_GAN: 1.900 G_L1: 32.284 D_real: 0.021 D_fake: 1.069 
saving the latest model (epoch 5, total_iters 15000)
(epoch: 5, iters: 3860, time: 0.028, data: 0.002) G_GAN: 3.061 G_L1: 37.575 D_real: 0.032 D_fake: 0.029 
(epoch: 5, iters: 3880, time: 0.028, data: 0.002) G_GAN: 2.664 G_L1: 30.507 D_real: 0.009 D_fake: 0.078 
(epoch: 5, iters: 3900, time: 0.030, data: 0.002) G_GAN: 3.547 G_L1: 37.238 D_real: 0.002 D_fake: 0.046 
(epoch: 5, iters: 3920, time: 0.029, data: 0.002) G_GAN: 1.766 G_L1: 42.720 D_real: 0.010 D_fake: 0.212 
(epoch: 5, iters: 3940, time: 0.028, data: 0.003) G_GAN: 2.658 G_L1: 33.718 D_real: 0.211 D_fake: 0.156 
(epoch: 5, iters: 3960, time: 0.029, data: 0.002) G_GAN: 2.246 G_L1: 27.353 D_real: 0.518 D_fake: 0.063 
(epoch: 5, iters: 3980, time: 0.029, data: 0.002) G_GAN: 2.165 G_L1: 32.245 D_real: 0.011 D_fake: 0.342 
(epoch: 5, iters: 4000, time: 0.028, data: 0.002) G_GAN: 1.564 G_L1: 29.604 D_real: 0.026 D_fake: 0.350 
(epoch: 5, iters: 4020, time: 0.028, data: 0.002) G_GAN: 2.020 G_L1: 31.744 D_real: 0.385 D_fake: 0.089 
(epoch: 5, iters: 4040, time: 0.028, data: 0.002) G_GAN: 2.401 G_L1: 36.012 D_real: 0.018 D_fake: 0.178 
(epoch: 5, iters: 4060, time: 0.028, data: 0.002) G_GAN: 3.064 G_L1: 29.555 D_real: 0.361 D_fake: 0.031 
(epoch: 5, iters: 4080, time: 0.028, data: 0.002) G_GAN: 2.667 G_L1: 38.028 D_real: 0.000 D_fake: 0.619 
(epoch: 5, iters: 4100, time: 0.028, data: 0.002) G_GAN: 1.950 G_L1: 38.745 D_real: 0.041 D_fake: 0.314 
(epoch: 5, iters: 4120, time: 0.028, data: 0.002) G_GAN: 2.131 G_L1: 24.066 D_real: 0.128 D_fake: 0.713 
(epoch: 5, iters: 4140, time: 0.028, data: 0.002) G_GAN: 1.987 G_L1: 31.336 D_real: 0.381 D_fake: 0.234 
(epoch: 5, iters: 4160, time: 0.028, data: 0.002) G_GAN: 2.039 G_L1: 30.382 D_real: 0.631 D_fake: 0.076 
(epoch: 5, iters: 4180, time: 0.028, data: 0.002) G_GAN: 0.963 G_L1: 25.340 D_real: 2.284 D_fake: 0.139 
(epoch: 5, iters: 4200, time: 0.028, data: 0.002) G_GAN: 2.331 G_L1: 29.791 D_real: 0.010 D_fake: 0.230 
(epoch: 5, iters: 4220, time: 0.028, data: 0.002) G_GAN: 1.616 G_L1: 31.082 D_real: 0.038 D_fake: 0.258 
(epoch: 5, iters: 4240, time: 0.028, data: 0.002) G_GAN: 3.100 G_L1: 34.601 D_real: 0.166 D_fake: 0.046 
(epoch: 5, iters: 4260, time: 0.029, data: 0.002) G_GAN: 1.309 G_L1: 33.828 D_real: 0.855 D_fake: 0.139 
(epoch: 5, iters: 4280, time: 0.029, data: 0.002) G_GAN: 3.130 G_L1: 39.489 D_real: 0.008 D_fake: 0.079 
(epoch: 5, iters: 4300, time: 0.029, data: 0.002) G_GAN: 2.344 G_L1: 31.152 D_real: 0.011 D_fake: 1.141 
(epoch: 5, iters: 4320, time: 0.028, data: 0.002) G_GAN: 2.149 G_L1: 38.929 D_real: 0.010 D_fake: 0.162 
(epoch: 5, iters: 4340, time: 0.027, data: 0.003) G_GAN: 3.003 G_L1: 24.730 D_real: 1.681 D_fake: 0.012 
(epoch: 5, iters: 4360, time: 0.028, data: 0.002) G_GAN: 2.321 G_L1: 22.197 D_real: 2.070 D_fake: 0.045 
(epoch: 5, iters: 4380, time: 0.028, data: 0.002) G_GAN: 2.202 G_L1: 27.451 D_real: 0.187 D_fake: 0.155 
(epoch: 5, iters: 4400, time: 0.029, data: 0.002) G_GAN: 2.492 G_L1: 35.980 D_real: 0.020 D_fake: 0.052 
(epoch: 5, iters: 4420, time: 0.029, data: 0.002) G_GAN: 1.877 G_L1: 39.888 D_real: 0.038 D_fake: 0.250 
(epoch: 5, iters: 4440, time: 0.029, data: 0.002) G_GAN: 2.459 G_L1: 38.691 D_real: 0.096 D_fake: 0.136 
(epoch: 5, iters: 4460, time: 0.028, data: 0.002) G_GAN: 1.769 G_L1: 19.103 D_real: 0.807 D_fake: 0.067 
(epoch: 5, iters: 4480, time: 0.028, data: 0.002) G_GAN: 1.182 G_L1: 30.968 D_real: 0.547 D_fake: 0.309 
(epoch: 5, iters: 4500, time: 0.028, data: 0.003) G_GAN: 3.967 G_L1: 39.529 D_real: 0.000 D_fake: 0.021 
(epoch: 5, iters: 4520, time: 0.028, data: 0.002) G_GAN: 2.518 G_L1: 41.035 D_real: 0.302 D_fake: 0.068 
(epoch: 5, iters: 4540, time: 0.028, data: 0.003) G_GAN: 2.389 G_L1: 35.970 D_real: 0.071 D_fake: 0.151 
(epoch: 5, iters: 4560, time: 0.028, data: 0.002) G_GAN: 0.890 G_L1: 30.883 D_real: 3.309 D_fake: 0.078 
(epoch: 5, iters: 4580, time: 0.028, data: 0.003) G_GAN: 1.707 G_L1: 35.939 D_real: 0.018 D_fake: 0.578 
(epoch: 5, iters: 4600, time: 0.028, data: 0.003) G_GAN: 1.940 G_L1: 44.558 D_real: 0.000 D_fake: 0.317 
(epoch: 5, iters: 4620, time: 0.028, data: 0.002) G_GAN: 1.264 G_L1: 45.237 D_real: 0.001 D_fake: 0.197 
(epoch: 5, iters: 4640, time: 0.028, data: 0.002) G_GAN: 2.029 G_L1: 32.876 D_real: 0.338 D_fake: 0.116 
(epoch: 5, iters: 4660, time: 0.028, data: 0.002) G_GAN: 2.337 G_L1: 42.515 D_real: 0.024 D_fake: 0.263 
(epoch: 5, iters: 4680, time: 0.028, data: 0.002) G_GAN: 1.573 G_L1: 31.877 D_real: 0.148 D_fake: 0.160 
(epoch: 5, iters: 4700, time: 0.028, data: 0.002) G_GAN: 3.904 G_L1: 42.206 D_real: 0.014 D_fake: 0.031 
(epoch: 5, iters: 4720, time: 0.029, data: 0.002) G_GAN: 1.446 G_L1: 31.108 D_real: 1.044 D_fake: 0.042 
(epoch: 5, iters: 4740, time: 0.028, data: 0.002) G_GAN: 3.727 G_L1: 34.745 D_real: 0.227 D_fake: 0.017 
(epoch: 5, iters: 4760, time: 0.029, data: 0.002) G_GAN: 0.565 G_L1: 26.468 D_real: 1.231 D_fake: 0.120 
(epoch: 5, iters: 4780, time: 0.028, data: 0.002) G_GAN: 1.932 G_L1: 38.042 D_real: 0.149 D_fake: 0.212 
(epoch: 5, iters: 4800, time: 0.029, data: 0.002) G_GAN: 2.817 G_L1: 32.618 D_real: 0.904 D_fake: 0.036 
(epoch: 5, iters: 4820, time: 0.028, data: 0.002) G_GAN: 2.481 G_L1: 33.936 D_real: 0.308 D_fake: 0.088 
(epoch: 5, iters: 4840, time: 0.039, data: 0.002) G_GAN: 2.845 G_L1: 48.525 D_real: 0.002 D_fake: 0.118 
(epoch: 5, iters: 4860, time: 0.028, data: 0.002) G_GAN: 1.871 G_L1: 40.313 D_real: 0.024 D_fake: 0.473 
(epoch: 5, iters: 4880, time: 0.028, data: 0.002) G_GAN: 1.209 G_L1: 27.331 D_real: 0.298 D_fake: 0.308 
(epoch: 5, iters: 4900, time: 0.030, data: 0.002) G_GAN: 2.656 G_L1: 32.361 D_real: 0.027 D_fake: 0.134 
(epoch: 5, iters: 4920, time: 0.029, data: 0.002) G_GAN: 2.055 G_L1: 25.035 D_real: 0.175 D_fake: 0.094 
(epoch: 5, iters: 4940, time: 0.028, data: 0.002) G_GAN: 3.373 G_L1: 38.506 D_real: 0.001 D_fake: 0.040 
(epoch: 5, iters: 4960, time: 0.028, data: 0.003) G_GAN: 2.547 G_L1: 35.013 D_real: 0.029 D_fake: 0.116 
(epoch: 5, iters: 4980, time: 0.027, data: 0.003) G_GAN: 2.445 G_L1: 31.602 D_real: 0.030 D_fake: 0.146 
(epoch: 5, iters: 5000, time: 0.028, data: 0.003) G_GAN: 1.872 G_L1: 37.486 D_real: 0.002 D_fake: 0.640 
(epoch: 5, iters: 5020, time: 0.028, data: 0.002) G_GAN: 0.478 G_L1: 23.878 D_real: 2.008 D_fake: 0.104 
(epoch: 5, iters: 5040, time: 0.029, data: 0.002) G_GAN: 1.657 G_L1: 36.135 D_real: 0.631 D_fake: 0.148 
(epoch: 5, iters: 5060, time: 0.028, data: 0.003) G_GAN: 1.619 G_L1: 23.717 D_real: 0.047 D_fake: 0.695 
(epoch: 5, iters: 5080, time: 0.029, data: 0.002) G_GAN: 3.157 G_L1: 28.959 D_real: 0.061 D_fake: 0.102 
(epoch: 5, iters: 5100, time: 0.029, data: 0.002) G_GAN: 2.251 G_L1: 32.717 D_real: 0.006 D_fake: 0.156 
(epoch: 5, iters: 5120, time: 0.029, data: 0.003) G_GAN: 1.633 G_L1: 32.569 D_real: 0.008 D_fake: 1.622 
(epoch: 5, iters: 5140, time: 0.028, data: 0.002) G_GAN: 0.314 G_L1: 33.864 D_real: 1.355 D_fake: 0.518 
(epoch: 5, iters: 5160, time: 0.028, data: 0.002) G_GAN: 2.835 G_L1: 34.390 D_real: 0.148 D_fake: 0.094 
(epoch: 5, iters: 5180, time: 0.028, data: 0.003) G_GAN: 0.294 G_L1: 23.708 D_real: 1.181 D_fake: 1.735 
(epoch: 5, iters: 5200, time: 0.028, data: 0.002) G_GAN: 2.097 G_L1: 37.204 D_real: 0.007 D_fake: 0.156 
(epoch: 5, iters: 5220, time: 0.028, data: 0.003) G_GAN: 2.323 G_L1: 41.844 D_real: 0.002 D_fake: 0.217 
(epoch: 5, iters: 5240, time: 0.028, data: 0.002) G_GAN: 2.551 G_L1: 35.191 D_real: 0.002 D_fake: 0.164 
(epoch: 5, iters: 5260, time: 0.029, data: 0.002) G_GAN: 0.234 G_L1: 22.884 D_real: 1.712 D_fake: 0.526 
(epoch: 5, iters: 5280, time: 0.028, data: 0.002) G_GAN: 2.208 G_L1: 30.593 D_real: 0.372 D_fake: 0.123 
(epoch: 5, iters: 5300, time: 0.028, data: 0.003) G_GAN: 0.789 G_L1: 29.014 D_real: 0.443 D_fake: 0.631 
(epoch: 5, iters: 5320, time: 0.028, data: 0.003) G_GAN: 3.626 G_L1: 29.514 D_real: 0.016 D_fake: 0.035 
(epoch: 5, iters: 5340, time: 0.028, data: 0.002) G_GAN: 2.053 G_L1: 37.818 D_real: 0.008 D_fake: 0.226 
(epoch: 5, iters: 5360, time: 0.028, data: 0.002) G_GAN: 2.129 G_L1: 30.911 D_real: 0.773 D_fake: 0.055 
(epoch: 5, iters: 5380, time: 0.028, data: 0.002) G_GAN: 2.832 G_L1: 35.313 D_real: 0.041 D_fake: 0.127 
(epoch: 5, iters: 5400, time: 0.028, data: 0.002) G_GAN: 2.587 G_L1: 35.704 D_real: 0.040 D_fake: 0.110 
(epoch: 5, iters: 5420, time: 0.029, data: 0.002) G_GAN: 2.267 G_L1: 36.366 D_real: 0.005 D_fake: 0.338 
(epoch: 5, iters: 5440, time: 0.028, data: 0.002) G_GAN: 2.177 G_L1: 28.117 D_real: 0.025 D_fake: 0.317 
(epoch: 5, iters: 5460, time: 0.028, data: 0.003) G_GAN: 2.614 G_L1: 36.896 D_real: 0.006 D_fake: 0.262 
(epoch: 5, iters: 5480, time: 0.028, data: 0.002) G_GAN: 3.223 G_L1: 32.302 D_real: 0.119 D_fake: 0.061 
(epoch: 5, iters: 5500, time: 0.028, data: 0.002) G_GAN: 1.993 G_L1: 42.013 D_real: 0.001 D_fake: 0.311 
(epoch: 5, iters: 5520, time: 0.028, data: 0.002) G_GAN: 2.331 G_L1: 38.843 D_real: 0.062 D_fake: 0.102 
(epoch: 5, iters: 5540, time: 0.028, data: 0.002) G_GAN: 1.310 G_L1: 37.159 D_real: 1.374 D_fake: 0.200 
(epoch: 5, iters: 5560, time: 0.029, data: 0.002) G_GAN: 1.346 G_L1: 34.806 D_real: 0.155 D_fake: 0.360 
(epoch: 5, iters: 5580, time: 0.021, data: 0.002) G_GAN: 1.494 G_L1: 37.733 D_real: 0.075 D_fake: 0.453 
saving the model at the end of epoch 5, iters 16740
End of epoch 5 / 20      Time Taken: 90 sec
learning rate 0.0001000 -> 0.0001000
(epoch: 6, iters: 20, time: 0.028, data: 0.312) G_GAN: 3.647 G_L1: 29.666 D_real: 2.004 D_fake: 0.013 
(epoch: 6, iters: 40, time: 0.028, data: 0.001) G_GAN: 2.358 G_L1: 43.645 D_real: 0.017 D_fake: 1.185 
(epoch: 6, iters: 60, time: 0.041, data: 0.002) G_GAN: 4.641 G_L1: 47.507 D_real: 0.002 D_fake: 0.019 
(epoch: 6, iters: 80, time: 0.028, data: 0.002) G_GAN: 1.718 G_L1: 31.073 D_real: 0.559 D_fake: 0.065 
(epoch: 6, iters: 100, time: 0.028, data: 0.002) G_GAN: 1.924 G_L1: 24.804 D_real: 0.039 D_fake: 0.655 
(epoch: 6, iters: 120, time: 0.029, data: 0.002) G_GAN: 3.189 G_L1: 28.370 D_real: 0.052 D_fake: 0.056 
(epoch: 6, iters: 140, time: 0.028, data: 0.002) G_GAN: 2.818 G_L1: 28.892 D_real: 0.440 D_fake: 0.036 
(epoch: 6, iters: 160, time: 0.028, data: 0.002) G_GAN: 1.486 G_L1: 26.999 D_real: 0.050 D_fake: 0.341 
(epoch: 6, iters: 180, time: 0.028, data: 0.002) G_GAN: 2.138 G_L1: 37.075 D_real: 0.003 D_fake: 0.227 
(epoch: 6, iters: 200, time: 0.028, data: 0.002) G_GAN: 2.415 G_L1: 36.095 D_real: 0.311 D_fake: 0.069 
(epoch: 6, iters: 220, time: 0.028, data: 0.002) G_GAN: 2.626 G_L1: 32.723 D_real: 0.036 D_fake: 0.146 
(epoch: 6, iters: 240, time: 0.029, data: 0.002) G_GAN: 2.751 G_L1: 42.307 D_real: 0.001 D_fake: 0.663 
(epoch: 6, iters: 260, time: 0.029, data: 0.002) G_GAN: 1.365 G_L1: 31.235 D_real: 0.852 D_fake: 0.072 
(epoch: 6, iters: 280, time: 0.028, data: 0.002) G_GAN: 1.970 G_L1: 32.869 D_real: 0.010 D_fake: 0.314 
(epoch: 6, iters: 300, time: 0.028, data: 0.002) G_GAN: 3.523 G_L1: 25.925 D_real: 0.104 D_fake: 0.035 
(epoch: 6, iters: 320, time: 0.029, data: 0.002) G_GAN: 0.714 G_L1: 23.611 D_real: 1.043 D_fake: 0.117 
(epoch: 6, iters: 340, time: 0.028, data: 0.002) G_GAN: 1.514 G_L1: 32.360 D_real: 0.023 D_fake: 0.286 
(epoch: 6, iters: 360, time: 0.029, data: 0.002) G_GAN: 2.998 G_L1: 34.334 D_real: 0.173 D_fake: 0.041 
(epoch: 6, iters: 380, time: 0.028, data: 0.002) G_GAN: 5.420 G_L1: 36.412 D_real: 0.046 D_fake: 0.006 
(epoch: 6, iters: 400, time: 0.028, data: 0.002) G_GAN: 2.388 G_L1: 29.982 D_real: 0.044 D_fake: 0.151 
(epoch: 6, iters: 420, time: 0.028, data: 0.002) G_GAN: 1.864 G_L1: 30.848 D_real: 0.002 D_fake: 0.462 
(epoch: 6, iters: 440, time: 0.028, data: 0.002) G_GAN: 1.983 G_L1: 37.163 D_real: 0.226 D_fake: 0.140 
(epoch: 6, iters: 460, time: 0.029, data: 0.002) G_GAN: 2.627 G_L1: 39.106 D_real: 0.002 D_fake: 0.195 
(epoch: 6, iters: 480, time: 0.028, data: 0.002) G_GAN: 0.811 G_L1: 24.885 D_real: 0.910 D_fake: 1.206 
(epoch: 6, iters: 500, time: 0.029, data: 0.002) G_GAN: 3.975 G_L1: 41.077 D_real: 0.001 D_fake: 0.049 
(epoch: 6, iters: 520, time: 0.029, data: 0.002) G_GAN: 1.257 G_L1: 27.646 D_real: 1.696 D_fake: 0.087 
(epoch: 6, iters: 540, time: 0.028, data: 0.002) G_GAN: 5.227 G_L1: 40.211 D_real: 0.058 D_fake: 0.007 
(epoch: 6, iters: 560, time: 0.029, data: 0.002) G_GAN: 2.248 G_L1: 28.497 D_real: 0.227 D_fake: 0.148 
(epoch: 6, iters: 580, time: 0.028, data: 0.002) G_GAN: 6.076 G_L1: 33.116 D_real: 0.597 D_fake: 0.002 
(epoch: 6, iters: 600, time: 0.028, data: 0.002) G_GAN: 4.687 G_L1: 29.885 D_real: 0.204 D_fake: 0.009 
(epoch: 6, iters: 620, time: 0.028, data: 0.002) G_GAN: 2.669 G_L1: 39.504 D_real: 0.003 D_fake: 0.235 
(epoch: 6, iters: 640, time: 0.028, data: 0.002) G_GAN: 2.190 G_L1: 42.277 D_real: 0.000 D_fake: 0.392 
(epoch: 6, iters: 660, time: 0.028, data: 0.002) G_GAN: 1.416 G_L1: 37.252 D_real: 0.087 D_fake: 1.671 
(epoch: 6, iters: 680, time: 0.029, data: 0.002) G_GAN: 1.719 G_L1: 34.760 D_real: 0.001 D_fake: 1.995 
(epoch: 6, iters: 700, time: 0.029, data: 0.003) G_GAN: 2.345 G_L1: 36.886 D_real: 0.016 D_fake: 0.137 
(epoch: 6, iters: 720, time: 0.029, data: 0.002) G_GAN: 2.025 G_L1: 33.196 D_real: 0.801 D_fake: 0.070 
(epoch: 6, iters: 740, time: 0.029, data: 0.002) G_GAN: 2.237 G_L1: 34.609 D_real: 0.044 D_fake: 0.291 
(epoch: 6, iters: 760, time: 0.029, data: 0.002) G_GAN: 2.294 G_L1: 43.872 D_real: 0.000 D_fake: 0.112 
(epoch: 6, iters: 780, time: 0.028, data: 0.002) G_GAN: 1.967 G_L1: 32.054 D_real: 0.009 D_fake: 0.514 
(epoch: 6, iters: 800, time: 0.029, data: 0.002) G_GAN: 2.589 G_L1: 42.010 D_real: 0.019 D_fake: 0.084 
(epoch: 6, iters: 820, time: 0.028, data: 0.002) G_GAN: 2.420 G_L1: 38.493 D_real: 0.001 D_fake: 0.176 
(epoch: 6, iters: 840, time: 0.028, data: 0.002) G_GAN: 2.249 G_L1: 43.286 D_real: 0.003 D_fake: 0.285 
(epoch: 6, iters: 860, time: 0.028, data: 0.002) G_GAN: 2.334 G_L1: 30.380 D_real: 0.056 D_fake: 0.269 
(epoch: 6, iters: 880, time: 0.028, data: 0.002) G_GAN: 1.107 G_L1: 35.955 D_real: 0.060 D_fake: 0.311 
(epoch: 6, iters: 900, time: 0.028, data: 0.002) G_GAN: 1.901 G_L1: 26.428 D_real: 0.234 D_fake: 0.272 
(epoch: 6, iters: 920, time: 0.028, data: 0.002) G_GAN: 2.327 G_L1: 37.162 D_real: 0.003 D_fake: 0.678 
(epoch: 6, iters: 940, time: 0.028, data: 0.002) G_GAN: 1.632 G_L1: 33.926 D_real: 0.635 D_fake: 0.070 
(epoch: 6, iters: 960, time: 0.028, data: 0.002) G_GAN: 2.074 G_L1: 33.685 D_real: 0.418 D_fake: 0.319 
(epoch: 6, iters: 980, time: 0.029, data: 0.002) G_GAN: 1.090 G_L1: 42.007 D_real: 0.000 D_fake: 1.010 
(epoch: 6, iters: 1000, time: 0.028, data: 0.002) G_GAN: 1.140 G_L1: 29.917 D_real: 0.819 D_fake: 0.151 
(epoch: 6, iters: 1020, time: 0.028, data: 0.002) G_GAN: 2.616 G_L1: 38.695 D_real: 0.008 D_fake: 0.155 
(epoch: 6, iters: 1040, time: 0.029, data: 0.003) G_GAN: 1.761 G_L1: 32.947 D_real: 0.021 D_fake: 0.190 
(epoch: 6, iters: 1060, time: 0.029, data: 0.002) G_GAN: 1.150 G_L1: 43.620 D_real: 0.001 D_fake: 1.024 
(epoch: 6, iters: 1080, time: 0.028, data: 0.002) G_GAN: 2.144 G_L1: 28.832 D_real: 1.273 D_fake: 0.051 
(epoch: 6, iters: 1100, time: 0.028, data: 0.003) G_GAN: 2.776 G_L1: 42.096 D_real: 0.047 D_fake: 0.123 
(epoch: 6, iters: 1120, time: 0.028, data: 0.003) G_GAN: 1.917 G_L1: 33.190 D_real: 0.135 D_fake: 0.139 
(epoch: 6, iters: 1140, time: 0.028, data: 0.002) G_GAN: 2.165 G_L1: 41.899 D_real: 0.004 D_fake: 0.347 
(epoch: 6, iters: 1160, time: 0.028, data: 0.002) G_GAN: 1.134 G_L1: 23.939 D_real: 0.630 D_fake: 0.180 
(epoch: 6, iters: 1180, time: 0.028, data: 0.002) G_GAN: 1.459 G_L1: 32.257 D_real: 1.091 D_fake: 0.148 
(epoch: 6, iters: 1200, time: 0.028, data: 0.002) G_GAN: 1.746 G_L1: 31.039 D_real: 1.034 D_fake: 0.094 
(epoch: 6, iters: 1220, time: 0.028, data: 0.002) G_GAN: 1.783 G_L1: 28.380 D_real: 0.305 D_fake: 0.669 
(epoch: 6, iters: 1240, time: 0.028, data: 0.002) G_GAN: 2.613 G_L1: 34.082 D_real: 0.261 D_fake: 0.193 
(epoch: 6, iters: 1260, time: 0.040, data: 0.003) G_GAN: 0.876 G_L1: 32.837 D_real: 0.016 D_fake: 0.922 
(epoch: 6, iters: 1280, time: 0.028, data: 0.002) G_GAN: 2.979 G_L1: 28.804 D_real: 0.023 D_fake: 0.136 
(epoch: 6, iters: 1300, time: 0.028, data: 0.002) G_GAN: 1.289 G_L1: 40.299 D_real: 0.024 D_fake: 0.333 
(epoch: 6, iters: 1320, time: 0.029, data: 0.002) G_GAN: 2.470 G_L1: 34.147 D_real: 0.052 D_fake: 0.143 
(epoch: 6, iters: 1340, time: 0.029, data: 0.003) G_GAN: 3.220 G_L1: 34.027 D_real: 0.030 D_fake: 0.048 
(epoch: 6, iters: 1360, time: 0.029, data: 0.002) G_GAN: 2.914 G_L1: 33.998 D_real: 0.042 D_fake: 0.080 
(epoch: 6, iters: 1380, time: 0.029, data: 0.002) G_GAN: 2.185 G_L1: 38.667 D_real: 0.019 D_fake: 0.307 
(epoch: 6, iters: 1400, time: 0.028, data: 0.002) G_GAN: 2.263 G_L1: 42.436 D_real: 0.000 D_fake: 1.740 
(epoch: 6, iters: 1420, time: 0.028, data: 0.002) G_GAN: 2.831 G_L1: 30.149 D_real: 0.046 D_fake: 0.086 
(epoch: 6, iters: 1440, time: 0.029, data: 0.002) G_GAN: 1.595 G_L1: 23.304 D_real: 0.051 D_fake: 0.305 
(epoch: 6, iters: 1460, time: 0.029, data: 0.002) G_GAN: 2.333 G_L1: 34.018 D_real: 0.014 D_fake: 0.414 
(epoch: 6, iters: 1480, time: 0.028, data: 0.002) G_GAN: 1.694 G_L1: 29.424 D_real: 2.069 D_fake: 0.052 
(epoch: 6, iters: 1500, time: 0.028, data: 0.002) G_GAN: 1.445 G_L1: 30.323 D_real: 0.151 D_fake: 1.411 
(epoch: 6, iters: 1520, time: 0.028, data: 0.002) G_GAN: 2.197 G_L1: 32.391 D_real: 1.637 D_fake: 0.033 
(epoch: 6, iters: 1540, time: 0.028, data: 0.002) G_GAN: 3.537 G_L1: 37.468 D_real: 0.293 D_fake: 0.046 
(epoch: 6, iters: 1560, time: 0.029, data: 0.002) G_GAN: 3.497 G_L1: 38.743 D_real: 0.068 D_fake: 0.060 
(epoch: 6, iters: 1580, time: 0.028, data: 0.002) G_GAN: 0.998 G_L1: 34.607 D_real: 0.440 D_fake: 1.952 
(epoch: 6, iters: 1600, time: 0.029, data: 0.002) G_GAN: 2.524 G_L1: 34.141 D_real: 0.184 D_fake: 0.106 
(epoch: 6, iters: 1620, time: 0.028, data: 0.003) G_GAN: 1.736 G_L1: 28.056 D_real: 0.053 D_fake: 0.539 
(epoch: 6, iters: 1640, time: 0.028, data: 0.002) G_GAN: 2.551 G_L1: 35.476 D_real: 0.006 D_fake: 0.497 
(epoch: 6, iters: 1660, time: 0.029, data: 0.002) G_GAN: 2.847 G_L1: 34.889 D_real: 0.072 D_fake: 0.057 
(epoch: 6, iters: 1680, time: 0.028, data: 0.002) G_GAN: 2.585 G_L1: 32.411 D_real: 0.156 D_fake: 0.084 
(epoch: 6, iters: 1700, time: 0.028, data: 0.002) G_GAN: 2.224 G_L1: 33.436 D_real: 0.195 D_fake: 0.194 
(epoch: 6, iters: 1720, time: 0.028, data: 0.002) G_GAN: 0.788 G_L1: 28.575 D_real: 0.789 D_fake: 0.936 
(epoch: 6, iters: 1740, time: 0.029, data: 0.002) G_GAN: 2.947 G_L1: 32.326 D_real: 0.006 D_fake: 0.064 
(epoch: 6, iters: 1760, time: 0.028, data: 0.002) G_GAN: 1.765 G_L1: 23.441 D_real: 3.326 D_fake: 0.068 
(epoch: 6, iters: 1780, time: 0.028, data: 0.002) G_GAN: 2.119 G_L1: 34.803 D_real: 0.014 D_fake: 0.196 
(epoch: 6, iters: 1800, time: 0.028, data: 0.002) G_GAN: 2.889 G_L1: 33.817 D_real: 0.017 D_fake: 0.065 
(epoch: 6, iters: 1820, time: 0.028, data: 0.002) G_GAN: 2.428 G_L1: 33.878 D_real: 0.056 D_fake: 0.267 
(epoch: 6, iters: 1840, time: 0.028, data: 0.002) G_GAN: 1.499 G_L1: 19.551 D_real: 0.022 D_fake: 4.078 
(epoch: 6, iters: 1860, time: 0.028, data: 0.002) G_GAN: 2.845 G_L1: 46.565 D_real: 0.003 D_fake: 0.076 
(epoch: 6, iters: 1880, time: 0.029, data: 0.002) G_GAN: 2.460 G_L1: 30.430 D_real: 0.102 D_fake: 0.052 
(epoch: 6, iters: 1900, time: 0.029, data: 0.002) G_GAN: 2.503 G_L1: 34.494 D_real: 0.003 D_fake: 0.179 
(epoch: 6, iters: 1920, time: 0.028, data: 0.002) G_GAN: 2.416 G_L1: 24.022 D_real: 1.804 D_fake: 0.025 
(epoch: 6, iters: 1940, time: 0.029, data: 0.002) G_GAN: 2.034 G_L1: 41.775 D_real: 0.005 D_fake: 0.666 
(epoch: 6, iters: 1960, time: 0.028, data: 0.002) G_GAN: 1.132 G_L1: 28.771 D_real: 1.863 D_fake: 0.095 
(epoch: 6, iters: 1980, time: 0.029, data: 0.002) G_GAN: 2.536 G_L1: 28.471 D_real: 0.042 D_fake: 0.112 
(epoch: 6, iters: 2000, time: 0.028, data: 0.003) G_GAN: 0.485 G_L1: 27.692 D_real: 1.902 D_fake: 0.207 
(epoch: 6, iters: 2020, time: 0.028, data: 0.003) G_GAN: 0.692 G_L1: 22.998 D_real: 2.573 D_fake: 0.176 
(epoch: 6, iters: 2040, time: 0.029, data: 0.002) G_GAN: 2.595 G_L1: 33.906 D_real: 0.029 D_fake: 0.080 
(epoch: 6, iters: 2060, time: 0.028, data: 0.002) G_GAN: 2.302 G_L1: 35.429 D_real: 0.264 D_fake: 0.114 
(epoch: 6, iters: 2080, time: 0.029, data: 0.002) G_GAN: 2.303 G_L1: 30.862 D_real: 0.777 D_fake: 0.043 
(epoch: 6, iters: 2100, time: 0.028, data: 0.003) G_GAN: 2.068 G_L1: 39.954 D_real: 0.005 D_fake: 0.500 
(epoch: 6, iters: 2120, time: 0.028, data: 0.003) G_GAN: 1.895 G_L1: 27.726 D_real: 0.013 D_fake: 0.286 
(epoch: 6, iters: 2140, time: 0.028, data: 0.003) G_GAN: 2.087 G_L1: 36.175 D_real: 0.030 D_fake: 0.234 
(epoch: 6, iters: 2160, time: 0.028, data: 0.003) G_GAN: 2.221 G_L1: 35.924 D_real: 0.011 D_fake: 0.170 
(epoch: 6, iters: 2180, time: 0.028, data: 0.002) G_GAN: 1.120 G_L1: 34.276 D_real: 0.006 D_fake: 0.644 
(epoch: 6, iters: 2200, time: 0.028, data: 0.002) G_GAN: 1.492 G_L1: 35.228 D_real: 0.533 D_fake: 0.066 
(epoch: 6, iters: 2220, time: 0.028, data: 0.003) G_GAN: 3.579 G_L1: 45.118 D_real: 0.004 D_fake: 0.048 
(epoch: 6, iters: 2240, time: 0.028, data: 0.002) G_GAN: 1.926 G_L1: 43.318 D_real: 0.004 D_fake: 0.556 
(epoch: 6, iters: 2260, time: 0.028, data: 0.002) G_GAN: 1.647 G_L1: 37.597 D_real: 0.018 D_fake: 0.406 
(epoch: 6, iters: 2280, time: 0.028, data: 0.002) G_GAN: 2.670 G_L1: 23.866 D_real: 0.447 D_fake: 0.067 
(epoch: 6, iters: 2300, time: 0.028, data: 0.003) G_GAN: 2.676 G_L1: 29.625 D_real: 0.132 D_fake: 0.102 
(epoch: 6, iters: 2320, time: 0.028, data: 0.002) G_GAN: 2.779 G_L1: 53.632 D_real: 0.009 D_fake: 0.234 
(epoch: 6, iters: 2340, time: 0.029, data: 0.002) G_GAN: 1.941 G_L1: 31.687 D_real: 0.034 D_fake: 0.163 
(epoch: 6, iters: 2360, time: 0.029, data: 0.002) G_GAN: 2.584 G_L1: 33.420 D_real: 0.017 D_fake: 0.124 
(epoch: 6, iters: 2380, time: 0.028, data: 0.002) G_GAN: 3.606 G_L1: 27.997 D_real: 0.095 D_fake: 0.031 
(epoch: 6, iters: 2400, time: 0.028, data: 0.003) G_GAN: 2.089 G_L1: 35.571 D_real: 0.572 D_fake: 0.073 
(epoch: 6, iters: 2420, time: 0.028, data: 0.002) G_GAN: 1.273 G_L1: 30.931 D_real: 0.020 D_fake: 0.647 
(epoch: 6, iters: 2440, time: 0.029, data: 0.003) G_GAN: 1.560 G_L1: 26.777 D_real: 0.225 D_fake: 0.322 
(epoch: 6, iters: 2460, time: 0.028, data: 0.002) G_GAN: 2.446 G_L1: 32.198 D_real: 0.002 D_fake: 0.252 
(epoch: 6, iters: 2480, time: 0.028, data: 0.002) G_GAN: 2.356 G_L1: 36.032 D_real: 0.011 D_fake: 0.317 
(epoch: 6, iters: 2500, time: 0.028, data: 0.002) G_GAN: 0.399 G_L1: 32.694 D_real: 1.123 D_fake: 0.161 
(epoch: 6, iters: 2520, time: 0.028, data: 0.002) G_GAN: 2.250 G_L1: 28.809 D_real: 0.021 D_fake: 0.115 
(epoch: 6, iters: 2540, time: 0.029, data: 0.002) G_GAN: 3.503 G_L1: 36.429 D_real: 0.024 D_fake: 0.047 
(epoch: 6, iters: 2560, time: 0.028, data: 0.002) G_GAN: 1.919 G_L1: 40.080 D_real: 0.001 D_fake: 0.464 
(epoch: 6, iters: 2580, time: 0.029, data: 0.002) G_GAN: 2.461 G_L1: 38.223 D_real: 0.172 D_fake: 0.068 
(epoch: 6, iters: 2600, time: 0.029, data: 0.002) G_GAN: 1.719 G_L1: 29.909 D_real: 2.936 D_fake: 0.078 
(epoch: 6, iters: 2620, time: 0.028, data: 0.002) G_GAN: 4.176 G_L1: 33.002 D_real: 0.043 D_fake: 0.023 
(epoch: 6, iters: 2640, time: 0.028, data: 0.003) G_GAN: 2.243 G_L1: 37.125 D_real: 0.017 D_fake: 0.158 
(epoch: 6, iters: 2660, time: 0.029, data: 0.002) G_GAN: 2.288 G_L1: 25.726 D_real: 0.200 D_fake: 0.134 
(epoch: 6, iters: 2680, time: 0.028, data: 0.002) G_GAN: 2.298 G_L1: 28.229 D_real: 0.015 D_fake: 0.495 
(epoch: 6, iters: 2700, time: 0.028, data: 0.002) G_GAN: 2.114 G_L1: 27.278 D_real: 0.035 D_fake: 0.252 
(epoch: 6, iters: 2720, time: 0.028, data: 0.003) G_GAN: 2.437 G_L1: 30.572 D_real: 0.050 D_fake: 0.941 
(epoch: 6, iters: 2740, time: 0.028, data: 0.003) G_GAN: 2.184 G_L1: 43.798 D_real: 0.000 D_fake: 0.205 
(epoch: 6, iters: 2760, time: 0.028, data: 0.002) G_GAN: 1.025 G_L1: 36.226 D_real: 0.646 D_fake: 0.455 
(epoch: 6, iters: 2780, time: 0.029, data: 0.003) G_GAN: 1.785 G_L1: 25.807 D_real: 0.129 D_fake: 0.371 
(epoch: 6, iters: 2800, time: 0.028, data: 0.003) G_GAN: 3.537 G_L1: 40.944 D_real: 0.020 D_fake: 0.048 
(epoch: 6, iters: 2820, time: 0.028, data: 0.002) G_GAN: 1.526 G_L1: 34.380 D_real: 0.076 D_fake: 0.418 
(epoch: 6, iters: 2840, time: 0.028, data: 0.002) G_GAN: 1.278 G_L1: 33.803 D_real: 1.305 D_fake: 0.087 
(epoch: 6, iters: 2860, time: 0.028, data: 0.002) G_GAN: 1.143 G_L1: 37.499 D_real: 0.589 D_fake: 0.662 
(epoch: 6, iters: 2880, time: 0.028, data: 0.002) G_GAN: 1.840 G_L1: 28.830 D_real: 0.096 D_fake: 0.359 
(epoch: 6, iters: 2900, time: 0.028, data: 0.002) G_GAN: 2.284 G_L1: 31.653 D_real: 0.014 D_fake: 0.197 
(epoch: 6, iters: 2920, time: 0.028, data: 0.003) G_GAN: 1.818 G_L1: 33.941 D_real: 0.005 D_fake: 0.592 
(epoch: 6, iters: 2940, time: 0.028, data: 0.002) G_GAN: 1.884 G_L1: 29.886 D_real: 0.063 D_fake: 0.402 
(epoch: 6, iters: 2960, time: 0.028, data: 0.002) G_GAN: 1.809 G_L1: 36.557 D_real: 0.041 D_fake: 0.438 
(epoch: 6, iters: 2980, time: 0.028, data: 0.002) G_GAN: 1.201 G_L1: 33.513 D_real: 0.095 D_fake: 0.975 
(epoch: 6, iters: 3000, time: 0.028, data: 0.002) G_GAN: 3.214 G_L1: 35.426 D_real: 0.041 D_fake: 0.031 
(epoch: 6, iters: 3020, time: 0.028, data: 0.003) G_GAN: 2.305 G_L1: 37.949 D_real: 0.021 D_fake: 0.440 
(epoch: 6, iters: 3040, time: 0.028, data: 0.002) G_GAN: 3.532 G_L1: 32.483 D_real: 1.200 D_fake: 0.009 
(epoch: 6, iters: 3060, time: 0.029, data: 0.002) G_GAN: 1.776 G_L1: 27.020 D_real: 2.301 D_fake: 0.072 
(epoch: 6, iters: 3080, time: 0.028, data: 0.002) G_GAN: 0.517 G_L1: 23.929 D_real: 2.000 D_fake: 0.135 
(epoch: 6, iters: 3100, time: 0.029, data: 0.002) G_GAN: 1.732 G_L1: 42.013 D_real: 0.069 D_fake: 0.199 
(epoch: 6, iters: 3120, time: 0.029, data: 0.003) G_GAN: 2.029 G_L1: 36.512 D_real: 0.013 D_fake: 0.512 
(epoch: 6, iters: 3140, time: 0.029, data: 0.002) G_GAN: 1.845 G_L1: 35.168 D_real: 0.004 D_fake: 0.793 
(epoch: 6, iters: 3160, time: 0.029, data: 0.002) G_GAN: 0.849 G_L1: 34.883 D_real: 0.030 D_fake: 1.239 
(epoch: 6, iters: 3180, time: 0.028, data: 0.002) G_GAN: 3.708 G_L1: 33.831 D_real: 0.521 D_fake: 0.015 
(epoch: 6, iters: 3200, time: 0.029, data: 0.002) G_GAN: 4.343 G_L1: 36.935 D_real: 0.322 D_fake: 0.022 
(epoch: 6, iters: 3220, time: 0.029, data: 0.002) G_GAN: 0.811 G_L1: 28.561 D_real: 1.418 D_fake: 0.352 
(epoch: 6, iters: 3240, time: 0.029, data: 0.002) G_GAN: 2.804 G_L1: 37.207 D_real: 0.015 D_fake: 0.157 
(epoch: 6, iters: 3260, time: 0.039, data: 0.003) G_GAN: 3.343 G_L1: 37.254 D_real: 0.028 D_fake: 0.075 
saving the latest model (epoch 6, total_iters 20000)
(epoch: 6, iters: 3280, time: 0.028, data: 0.002) G_GAN: 1.381 G_L1: 39.937 D_real: 0.003 D_fake: 0.299 
(epoch: 6, iters: 3300, time: 0.029, data: 0.002) G_GAN: 3.726 G_L1: 48.670 D_real: 0.000 D_fake: 0.043 
(epoch: 6, iters: 3320, time: 0.029, data: 0.002) G_GAN: 2.484 G_L1: 23.654 D_real: 1.232 D_fake: 0.025 
(epoch: 6, iters: 3340, time: 0.028, data: 0.002) G_GAN: 0.908 G_L1: 23.393 D_real: 1.943 D_fake: 0.083 
(epoch: 6, iters: 3360, time: 0.028, data: 0.002) G_GAN: 3.519 G_L1: 36.052 D_real: 0.505 D_fake: 0.134 
(epoch: 6, iters: 3380, time: 0.027, data: 0.006) G_GAN: 2.092 G_L1: 31.639 D_real: 0.033 D_fake: 0.770 
(epoch: 6, iters: 3400, time: 0.024, data: 0.007) G_GAN: 1.891 G_L1: 41.049 D_real: 0.000 D_fake: 0.961 
(epoch: 6, iters: 3420, time: 0.027, data: 0.009) G_GAN: 2.741 G_L1: 31.010 D_real: 0.122 D_fake: 0.071 
(epoch: 6, iters: 3440, time: 0.028, data: 0.006) G_GAN: 1.913 G_L1: 43.106 D_real: 0.002 D_fake: 0.281 
(epoch: 6, iters: 3460, time: 0.028, data: 0.003) G_GAN: 1.958 G_L1: 30.184 D_real: 1.667 D_fake: 0.043 
(epoch: 6, iters: 3480, time: 0.029, data: 0.002) G_GAN: 1.790 G_L1: 34.518 D_real: 0.031 D_fake: 0.401 
(epoch: 6, iters: 3500, time: 0.029, data: 0.002) G_GAN: 0.589 G_L1: 29.218 D_real: 0.870 D_fake: 0.189 
(epoch: 6, iters: 3520, time: 0.029, data: 0.002) G_GAN: 2.644 G_L1: 25.200 D_real: 0.056 D_fake: 0.196 
(epoch: 6, iters: 3540, time: 0.028, data: 0.002) G_GAN: 0.421 G_L1: 23.397 D_real: 1.363 D_fake: 0.652 
(epoch: 6, iters: 3560, time: 0.028, data: 0.002) G_GAN: 2.538 G_L1: 24.407 D_real: 0.533 D_fake: 0.072 
(epoch: 6, iters: 3580, time: 0.029, data: 0.002) G_GAN: 1.873 G_L1: 30.360 D_real: 0.017 D_fake: 0.471 
(epoch: 6, iters: 3600, time: 0.028, data: 0.002) G_GAN: 0.893 G_L1: 28.644 D_real: 1.864 D_fake: 1.298 
(epoch: 6, iters: 3620, time: 0.028, data: 0.003) G_GAN: 3.312 G_L1: 27.899 D_real: 0.076 D_fake: 0.378 
(epoch: 6, iters: 3640, time: 0.028, data: 0.002) G_GAN: 3.549 G_L1: 44.057 D_real: 0.001 D_fake: 0.034 
(epoch: 6, iters: 3660, time: 0.028, data: 0.002) G_GAN: 3.863 G_L1: 34.550 D_real: 0.245 D_fake: 0.018 
(epoch: 6, iters: 3680, time: 0.028, data: 0.003) G_GAN: 2.534 G_L1: 26.174 D_real: 0.034 D_fake: 0.167 
(epoch: 6, iters: 3700, time: 0.028, data: 0.002) G_GAN: 5.010 G_L1: 35.653 D_real: 0.022 D_fake: 0.010 
(epoch: 6, iters: 3720, time: 0.029, data: 0.002) G_GAN: 3.217 G_L1: 44.362 D_real: 0.009 D_fake: 0.049 
(epoch: 6, iters: 3740, time: 0.028, data: 0.003) G_GAN: 3.333 G_L1: 30.289 D_real: 0.121 D_fake: 0.046 
(epoch: 6, iters: 3760, time: 0.029, data: 0.003) G_GAN: 1.954 G_L1: 35.349 D_real: 0.002 D_fake: 0.541 
(epoch: 6, iters: 3780, time: 0.029, data: 0.003) G_GAN: 1.800 G_L1: 36.595 D_real: 0.023 D_fake: 0.403 
(epoch: 6, iters: 3800, time: 0.029, data: 0.002) G_GAN: 1.501 G_L1: 33.874 D_real: 0.160 D_fake: 0.293 
(epoch: 6, iters: 3820, time: 0.028, data: 0.002) G_GAN: 2.576 G_L1: 31.907 D_real: 0.091 D_fake: 0.104 
(epoch: 6, iters: 3840, time: 0.028, data: 0.002) G_GAN: 3.565 G_L1: 37.248 D_real: 0.047 D_fake: 0.042 
(epoch: 6, iters: 3860, time: 0.028, data: 0.002) G_GAN: 2.712 G_L1: 43.789 D_real: 0.078 D_fake: 0.121 
(epoch: 6, iters: 3880, time: 0.028, data: 0.003) G_GAN: 1.936 G_L1: 30.810 D_real: 0.020 D_fake: 1.670 
(epoch: 6, iters: 3900, time: 0.028, data: 0.002) G_GAN: 1.526 G_L1: 30.048 D_real: 0.629 D_fake: 0.107 
(epoch: 6, iters: 3920, time: 0.028, data: 0.003) G_GAN: 1.951 G_L1: 26.957 D_real: 1.766 D_fake: 0.116 
(epoch: 6, iters: 3940, time: 0.028, data: 0.002) G_GAN: 2.148 G_L1: 41.357 D_real: 0.041 D_fake: 0.506 
(epoch: 6, iters: 3960, time: 0.028, data: 0.002) G_GAN: 2.828 G_L1: 36.462 D_real: 0.155 D_fake: 0.048 
(epoch: 6, iters: 3980, time: 0.028, data: 0.003) G_GAN: 3.707 G_L1: 31.616 D_real: 0.407 D_fake: 0.023 
(epoch: 6, iters: 4000, time: 0.028, data: 0.003) G_GAN: 0.892 G_L1: 27.882 D_real: 0.894 D_fake: 0.353 
(epoch: 6, iters: 4020, time: 0.028, data: 0.002) G_GAN: 1.746 G_L1: 34.474 D_real: 0.482 D_fake: 0.150 
(epoch: 6, iters: 4040, time: 0.028, data: 0.003) G_GAN: 1.737 G_L1: 37.101 D_real: 0.154 D_fake: 0.211 
(epoch: 6, iters: 4060, time: 0.028, data: 0.002) G_GAN: 3.117 G_L1: 38.093 D_real: 0.918 D_fake: 0.019 
(epoch: 6, iters: 4080, time: 0.029, data: 0.002) G_GAN: 4.354 G_L1: 44.925 D_real: 0.033 D_fake: 0.034 
(epoch: 6, iters: 4100, time: 0.028, data: 0.003) G_GAN: 2.998 G_L1: 35.159 D_real: 0.003 D_fake: 0.071 
(epoch: 6, iters: 4120, time: 0.028, data: 0.003) G_GAN: 1.945 G_L1: 32.851 D_real: 1.704 D_fake: 0.035 
(epoch: 6, iters: 4140, time: 0.028, data: 0.002) G_GAN: 1.445 G_L1: 32.482 D_real: 0.305 D_fake: 0.341 
(epoch: 6, iters: 4160, time: 0.028, data: 0.002) G_GAN: 2.525 G_L1: 36.776 D_real: 0.022 D_fake: 0.063 
(epoch: 6, iters: 4180, time: 0.028, data: 0.002) G_GAN: 2.284 G_L1: 29.639 D_real: 0.275 D_fake: 0.090 
(epoch: 6, iters: 4200, time: 0.028, data: 0.002) G_GAN: 0.629 G_L1: 30.088 D_real: 1.122 D_fake: 1.158 
(epoch: 6, iters: 4220, time: 0.029, data: 0.002) G_GAN: 3.935 G_L1: 33.701 D_real: 2.877 D_fake: 0.007 
(epoch: 6, iters: 4240, time: 0.028, data: 0.003) G_GAN: 2.277 G_L1: 33.279 D_real: 0.832 D_fake: 0.112 
(epoch: 6, iters: 4260, time: 0.029, data: 0.002) G_GAN: 2.353 G_L1: 31.995 D_real: 0.045 D_fake: 0.138 
(epoch: 6, iters: 4280, time: 0.029, data: 0.002) G_GAN: 3.959 G_L1: 34.806 D_real: 0.185 D_fake: 0.039 
(epoch: 6, iters: 4300, time: 0.028, data: 0.003) G_GAN: 1.418 G_L1: 33.558 D_real: 0.007 D_fake: 0.696 
(epoch: 6, iters: 4320, time: 0.028, data: 0.002) G_GAN: 1.737 G_L1: 35.603 D_real: 0.089 D_fake: 0.214 
(epoch: 6, iters: 4340, time: 0.029, data: 0.002) G_GAN: 0.779 G_L1: 24.525 D_real: 2.431 D_fake: 0.427 
(epoch: 6, iters: 4360, time: 0.029, data: 0.002) G_GAN: 3.127 G_L1: 35.443 D_real: 0.299 D_fake: 0.041 
(epoch: 6, iters: 4380, time: 0.028, data: 0.002) G_GAN: 2.738 G_L1: 24.698 D_real: 0.374 D_fake: 0.055 
(epoch: 6, iters: 4400, time: 0.028, data: 0.002) G_GAN: 3.418 G_L1: 43.505 D_real: 0.001 D_fake: 0.068 
(epoch: 6, iters: 4420, time: 0.028, data: 0.002) G_GAN: 2.867 G_L1: 39.680 D_real: 0.005 D_fake: 0.083 
(epoch: 6, iters: 4440, time: 0.028, data: 0.002) G_GAN: 2.187 G_L1: 33.994 D_real: 0.022 D_fake: 0.204 
(epoch: 6, iters: 4460, time: 0.028, data: 0.002) G_GAN: 2.040 G_L1: 26.894 D_real: 0.409 D_fake: 0.134 
(epoch: 6, iters: 4480, time: 0.028, data: 0.002) G_GAN: 2.509 G_L1: 34.655 D_real: 0.177 D_fake: 0.131 
(epoch: 6, iters: 4500, time: 0.029, data: 0.002) G_GAN: 2.161 G_L1: 41.436 D_real: 0.030 D_fake: 0.268 
(epoch: 6, iters: 4520, time: 0.029, data: 0.002) G_GAN: 1.192 G_L1: 30.287 D_real: 0.011 D_fake: 2.869 
(epoch: 6, iters: 4540, time: 0.029, data: 0.002) G_GAN: 1.968 G_L1: 34.182 D_real: 0.301 D_fake: 0.167 
(epoch: 6, iters: 4560, time: 0.029, data: 0.002) G_GAN: 1.466 G_L1: 36.083 D_real: 0.021 D_fake: 0.615 
(epoch: 6, iters: 4580, time: 0.028, data: 0.002) G_GAN: 2.054 G_L1: 29.447 D_real: 0.032 D_fake: 0.329 
(epoch: 6, iters: 4600, time: 0.028, data: 0.002) G_GAN: 2.722 G_L1: 43.569 D_real: 0.001 D_fake: 0.107 
(epoch: 6, iters: 4620, time: 0.028, data: 0.002) G_GAN: 3.930 G_L1: 27.877 D_real: 0.051 D_fake: 0.022 
(epoch: 6, iters: 4640, time: 0.028, data: 0.002) G_GAN: 1.558 G_L1: 31.190 D_real: 0.431 D_fake: 0.134 
(epoch: 6, iters: 4660, time: 0.028, data: 0.002) G_GAN: 1.689 G_L1: 28.457 D_real: 0.040 D_fake: 0.154 
(epoch: 6, iters: 4680, time: 0.028, data: 0.002) G_GAN: 2.259 G_L1: 44.326 D_real: 0.002 D_fake: 0.195 
(epoch: 6, iters: 4700, time: 0.028, data: 0.002) G_GAN: 1.369 G_L1: 35.560 D_real: 0.002 D_fake: 0.281 
(epoch: 6, iters: 4720, time: 0.028, data: 0.002) G_GAN: 1.800 G_L1: 40.675 D_real: 0.001 D_fake: 0.276 
(epoch: 6, iters: 4740, time: 0.028, data: 0.002) G_GAN: 3.914 G_L1: 43.599 D_real: 0.001 D_fake: 0.024 
(epoch: 6, iters: 4760, time: 0.028, data: 0.002) G_GAN: 2.221 G_L1: 28.715 D_real: 0.021 D_fake: 1.553 
(epoch: 6, iters: 4780, time: 0.028, data: 0.002) G_GAN: 2.165 G_L1: 31.794 D_real: 0.003 D_fake: 0.755 
(epoch: 6, iters: 4800, time: 0.029, data: 0.002) G_GAN: 1.847 G_L1: 39.185 D_real: 0.132 D_fake: 0.109 
(epoch: 6, iters: 4820, time: 0.029, data: 0.002) G_GAN: 1.939 G_L1: 25.532 D_real: 0.093 D_fake: 0.145 
(epoch: 6, iters: 4840, time: 0.028, data: 0.002) G_GAN: 2.175 G_L1: 31.476 D_real: 0.025 D_fake: 0.266 
(epoch: 6, iters: 4860, time: 0.029, data: 0.002) G_GAN: 1.402 G_L1: 32.886 D_real: 0.123 D_fake: 0.312 
(epoch: 6, iters: 4880, time: 0.028, data: 0.002) G_GAN: 2.203 G_L1: 29.728 D_real: 1.054 D_fake: 0.043 
(epoch: 6, iters: 4900, time: 0.029, data: 0.002) G_GAN: 2.726 G_L1: 40.857 D_real: 0.006 D_fake: 0.093 
(epoch: 6, iters: 4920, time: 0.028, data: 0.002) G_GAN: 2.931 G_L1: 28.986 D_real: 0.054 D_fake: 0.038 
(epoch: 6, iters: 4940, time: 0.028, data: 0.002) G_GAN: 3.516 G_L1: 36.607 D_real: 0.085 D_fake: 0.035 
(epoch: 6, iters: 4960, time: 0.028, data: 0.002) G_GAN: 2.447 G_L1: 21.757 D_real: 0.175 D_fake: 0.316 
(epoch: 6, iters: 4980, time: 0.029, data: 0.002) G_GAN: 1.862 G_L1: 29.796 D_real: 0.125 D_fake: 0.235 
(epoch: 6, iters: 5000, time: 0.028, data: 0.002) G_GAN: 3.437 G_L1: 31.889 D_real: 0.347 D_fake: 0.029 
(epoch: 6, iters: 5020, time: 0.028, data: 0.002) G_GAN: 2.055 G_L1: 36.519 D_real: 0.022 D_fake: 0.212 
(epoch: 6, iters: 5040, time: 0.028, data: 0.002) G_GAN: 1.940 G_L1: 31.157 D_real: 0.001 D_fake: 0.634 
(epoch: 6, iters: 5060, time: 0.028, data: 0.002) G_GAN: 2.060 G_L1: 40.438 D_real: 0.139 D_fake: 0.187 
(epoch: 6, iters: 5080, time: 0.029, data: 0.002) G_GAN: 3.008 G_L1: 32.240 D_real: 0.452 D_fake: 0.034 
(epoch: 6, iters: 5100, time: 0.029, data: 0.002) G_GAN: 1.743 G_L1: 40.443 D_real: 0.010 D_fake: 0.738 
(epoch: 6, iters: 5120, time: 0.028, data: 0.002) G_GAN: 2.645 G_L1: 42.432 D_real: 0.026 D_fake: 0.161 
(epoch: 6, iters: 5140, time: 0.029, data: 0.002) G_GAN: 2.167 G_L1: 30.446 D_real: 0.091 D_fake: 0.329 
(epoch: 6, iters: 5160, time: 0.028, data: 0.002) G_GAN: 1.009 G_L1: 27.306 D_real: 0.805 D_fake: 0.280 
(epoch: 6, iters: 5180, time: 0.029, data: 0.002) G_GAN: 2.879 G_L1: 39.553 D_real: 0.043 D_fake: 0.072 
(epoch: 6, iters: 5200, time: 0.028, data: 0.003) G_GAN: 1.903 G_L1: 35.569 D_real: 0.010 D_fake: 0.272 
(epoch: 6, iters: 5220, time: 0.029, data: 0.003) G_GAN: 2.362 G_L1: 28.176 D_real: 0.073 D_fake: 0.105 
(epoch: 6, iters: 5240, time: 0.029, data: 0.002) G_GAN: 3.249 G_L1: 36.730 D_real: 0.007 D_fake: 0.057 
(epoch: 6, iters: 5260, time: 0.041, data: 0.003) G_GAN: 2.599 G_L1: 49.286 D_real: 0.000 D_fake: 0.092 
(epoch: 6, iters: 5280, time: 0.028, data: 0.003) G_GAN: 1.981 G_L1: 33.321 D_real: 0.056 D_fake: 0.185 
(epoch: 6, iters: 5300, time: 0.028, data: 0.002) G_GAN: 2.706 G_L1: 30.982 D_real: 0.471 D_fake: 0.045 
(epoch: 6, iters: 5320, time: 0.029, data: 0.002) G_GAN: 1.821 G_L1: 26.028 D_real: 1.557 D_fake: 0.054 
(epoch: 6, iters: 5340, time: 0.029, data: 0.002) G_GAN: 1.939 G_L1: 39.185 D_real: 0.000 D_fake: 0.413 
(epoch: 6, iters: 5360, time: 0.029, data: 0.002) G_GAN: 1.387 G_L1: 26.646 D_real: 1.088 D_fake: 0.075 
(epoch: 6, iters: 5380, time: 0.029, data: 0.002) G_GAN: 2.266 G_L1: 35.600 D_real: 0.018 D_fake: 0.238 
(epoch: 6, iters: 5400, time: 0.029, data: 0.002) G_GAN: 1.512 G_L1: 37.283 D_real: 0.085 D_fake: 0.256 
(epoch: 6, iters: 5420, time: 0.029, data: 0.002) G_GAN: 2.403 G_L1: 44.711 D_real: 0.001 D_fake: 0.226 
(epoch: 6, iters: 5440, time: 0.029, data: 0.002) G_GAN: 0.862 G_L1: 30.654 D_real: 1.229 D_fake: 0.095 
(epoch: 6, iters: 5460, time: 0.028, data: 0.002) G_GAN: 1.695 G_L1: 36.662 D_real: 0.123 D_fake: 0.259 
(epoch: 6, iters: 5480, time: 0.028, data: 0.002) G_GAN: 1.850 G_L1: 32.269 D_real: 0.020 D_fake: 0.275 
(epoch: 6, iters: 5500, time: 0.029, data: 0.003) G_GAN: 1.503 G_L1: 30.999 D_real: 0.320 D_fake: 0.349 
(epoch: 6, iters: 5520, time: 0.029, data: 0.003) G_GAN: 2.772 G_L1: 25.610 D_real: 2.645 D_fake: 0.019 
(epoch: 6, iters: 5540, time: 0.028, data: 0.003) G_GAN: 2.035 G_L1: 21.827 D_real: 1.099 D_fake: 0.075 
(epoch: 6, iters: 5560, time: 0.029, data: 0.002) G_GAN: 2.844 G_L1: 34.544 D_real: 0.012 D_fake: 0.200 
(epoch: 6, iters: 5580, time: 0.021, data: 0.002) G_GAN: 3.606 G_L1: 45.678 D_real: 0.000 D_fake: 0.032 
saving the model at the end of epoch 6, iters 22320
End of epoch 6 / 20      Time Taken: 90 sec
learning rate 0.0001000 -> 0.0001000
(epoch: 7, iters: 20, time: 0.027, data: 0.320) G_GAN: 2.221 G_L1: 36.217 D_real: 0.006 D_fake: 0.186 
(epoch: 7, iters: 40, time: 0.028, data: 0.001) G_GAN: 2.320 G_L1: 41.018 D_real: 0.009 D_fake: 0.149 
(epoch: 7, iters: 60, time: 0.029, data: 0.002) G_GAN: 3.591 G_L1: 38.143 D_real: 0.003 D_fake: 0.042 
(epoch: 7, iters: 80, time: 0.044, data: 0.002) G_GAN: 2.652 G_L1: 38.743 D_real: 0.015 D_fake: 0.082 
(epoch: 7, iters: 100, time: 0.028, data: 0.002) G_GAN: 2.331 G_L1: 28.292 D_real: 0.016 D_fake: 0.302 
(epoch: 7, iters: 120, time: 0.028, data: 0.002) G_GAN: 1.738 G_L1: 29.681 D_real: 0.036 D_fake: 0.266 
(epoch: 7, iters: 140, time: 0.029, data: 0.002) G_GAN: 2.428 G_L1: 40.814 D_real: 0.004 D_fake: 0.590 
(epoch: 7, iters: 160, time: 0.028, data: 0.002) G_GAN: 1.548 G_L1: 32.151 D_real: 0.319 D_fake: 0.136 
(epoch: 7, iters: 180, time: 0.028, data: 0.002) G_GAN: 1.769 G_L1: 40.108 D_real: 0.008 D_fake: 0.466 
(epoch: 7, iters: 200, time: 0.028, data: 0.002) G_GAN: 1.542 G_L1: 32.796 D_real: 1.685 D_fake: 0.019 
(epoch: 7, iters: 220, time: 0.028, data: 0.003) G_GAN: 1.722 G_L1: 33.616 D_real: 2.622 D_fake: 0.068 
(epoch: 7, iters: 240, time: 0.028, data: 0.003) G_GAN: 1.133 G_L1: 39.398 D_real: 0.099 D_fake: 0.582 
(epoch: 7, iters: 260, time: 0.028, data: 0.002) G_GAN: 0.432 G_L1: 27.022 D_real: 2.556 D_fake: 0.566 
(epoch: 7, iters: 280, time: 0.027, data: 0.002) G_GAN: 2.707 G_L1: 36.545 D_real: 0.004 D_fake: 0.101 
(epoch: 7, iters: 300, time: 0.028, data: 0.003) G_GAN: 1.235 G_L1: 29.095 D_real: 0.007 D_fake: 1.268 
(epoch: 7, iters: 320, time: 0.028, data: 0.003) G_GAN: 1.992 G_L1: 30.631 D_real: 0.170 D_fake: 0.215 
(epoch: 7, iters: 340, time: 0.028, data: 0.002) G_GAN: 0.864 G_L1: 27.943 D_real: 1.978 D_fake: 0.533 
(epoch: 7, iters: 360, time: 0.028, data: 0.002) G_GAN: 4.361 G_L1: 35.797 D_real: 0.016 D_fake: 0.020 
(epoch: 7, iters: 380, time: 0.028, data: 0.002) G_GAN: 2.780 G_L1: 44.370 D_real: 0.003 D_fake: 0.145 
(epoch: 7, iters: 400, time: 0.028, data: 0.003) G_GAN: 3.437 G_L1: 32.155 D_real: 0.107 D_fake: 0.044 
(epoch: 7, iters: 420, time: 0.028, data: 0.002) G_GAN: 1.896 G_L1: 39.317 D_real: 0.037 D_fake: 0.335 
(epoch: 7, iters: 440, time: 0.028, data: 0.002) G_GAN: 2.615 G_L1: 32.240 D_real: 0.042 D_fake: 0.111 
(epoch: 7, iters: 460, time: 0.029, data: 0.003) G_GAN: 2.239 G_L1: 38.314 D_real: 0.009 D_fake: 0.462 
(epoch: 7, iters: 480, time: 0.029, data: 0.002) G_GAN: 1.782 G_L1: 28.296 D_real: 0.696 D_fake: 0.151 
(epoch: 7, iters: 500, time: 0.028, data: 0.002) G_GAN: 2.054 G_L1: 29.023 D_real: 0.185 D_fake: 0.207 
(epoch: 7, iters: 520, time: 0.029, data: 0.002) G_GAN: 3.010 G_L1: 30.607 D_real: 0.084 D_fake: 0.059 
(epoch: 7, iters: 540, time: 0.029, data: 0.002) G_GAN: 2.439 G_L1: 38.336 D_real: 0.046 D_fake: 0.128 
(epoch: 7, iters: 560, time: 0.028, data: 0.002) G_GAN: 2.275 G_L1: 33.164 D_real: 0.075 D_fake: 0.181 
(epoch: 7, iters: 580, time: 0.028, data: 0.002) G_GAN: 1.794 G_L1: 28.542 D_real: 0.264 D_fake: 0.211 
(epoch: 7, iters: 600, time: 0.029, data: 0.002) G_GAN: 1.558 G_L1: 29.503 D_real: 0.714 D_fake: 0.125 
(epoch: 7, iters: 620, time: 0.028, data: 0.002) G_GAN: 1.805 G_L1: 39.373 D_real: 0.085 D_fake: 1.680 
(epoch: 7, iters: 640, time: 0.028, data: 0.002) G_GAN: 3.431 G_L1: 31.938 D_real: 0.124 D_fake: 0.031 
(epoch: 7, iters: 660, time: 0.028, data: 0.003) G_GAN: 2.013 G_L1: 36.248 D_real: 0.017 D_fake: 0.229 
(epoch: 7, iters: 680, time: 0.028, data: 0.002) G_GAN: 2.117 G_L1: 29.284 D_real: 0.092 D_fake: 0.169 
(epoch: 7, iters: 700, time: 0.028, data: 0.003) G_GAN: 0.637 G_L1: 30.282 D_real: 0.944 D_fake: 0.195 
(epoch: 7, iters: 720, time: 0.028, data: 0.002) G_GAN: 2.648 G_L1: 26.358 D_real: 0.130 D_fake: 0.048 
(epoch: 7, iters: 740, time: 0.028, data: 0.002) G_GAN: 2.063 G_L1: 40.023 D_real: 0.000 D_fake: 0.944 
(epoch: 7, iters: 760, time: 0.028, data: 0.003) G_GAN: 2.292 G_L1: 40.039 D_real: 0.006 D_fake: 0.268 
(epoch: 7, iters: 780, time: 0.028, data: 0.003) G_GAN: 1.346 G_L1: 34.421 D_real: 0.003 D_fake: 1.527 
(epoch: 7, iters: 800, time: 0.028, data: 0.005) G_GAN: 1.171 G_L1: 26.330 D_real: 0.020 D_fake: 0.756 
(epoch: 7, iters: 820, time: 0.028, data: 0.003) G_GAN: 1.607 G_L1: 26.706 D_real: 0.122 D_fake: 0.364 
(epoch: 7, iters: 840, time: 0.028, data: 0.002) G_GAN: 2.397 G_L1: 32.470 D_real: 0.075 D_fake: 0.160 
(epoch: 7, iters: 860, time: 0.028, data: 0.002) G_GAN: 3.042 G_L1: 39.830 D_real: 0.015 D_fake: 0.052 
(epoch: 7, iters: 880, time: 0.028, data: 0.002) G_GAN: 3.554 G_L1: 36.339 D_real: 0.086 D_fake: 0.032 
(epoch: 7, iters: 900, time: 0.028, data: 0.002) G_GAN: 1.624 G_L1: 37.425 D_real: 0.009 D_fake: 0.693 
(epoch: 7, iters: 920, time: 0.028, data: 0.003) G_GAN: 1.806 G_L1: 32.401 D_real: 0.157 D_fake: 0.213 
(epoch: 7, iters: 940, time: 0.028, data: 0.003) G_GAN: 2.844 G_L1: 31.358 D_real: 0.043 D_fake: 0.080 
(epoch: 7, iters: 960, time: 0.028, data: 0.003) G_GAN: 2.248 G_L1: 23.563 D_real: 0.331 D_fake: 0.094 
(epoch: 7, iters: 980, time: 0.028, data: 0.002) G_GAN: 2.197 G_L1: 23.420 D_real: 1.966 D_fake: 0.053 
(epoch: 7, iters: 1000, time: 0.028, data: 0.002) G_GAN: 2.201 G_L1: 35.215 D_real: 0.047 D_fake: 0.252 
(epoch: 7, iters: 1020, time: 0.028, data: 0.003) G_GAN: 2.572 G_L1: 38.582 D_real: 0.285 D_fake: 0.082 
(epoch: 7, iters: 1040, time: 0.028, data: 0.003) G_GAN: 1.179 G_L1: 32.066 D_real: 0.386 D_fake: 0.401 
(epoch: 7, iters: 1060, time: 0.028, data: 0.003) G_GAN: 3.765 G_L1: 41.059 D_real: 0.048 D_fake: 0.028 
(epoch: 7, iters: 1080, time: 0.028, data: 0.002) G_GAN: 4.598 G_L1: 38.214 D_real: 0.096 D_fake: 0.011 
(epoch: 7, iters: 1100, time: 0.028, data: 0.003) G_GAN: 2.883 G_L1: 30.362 D_real: 0.206 D_fake: 0.105 
(epoch: 7, iters: 1120, time: 0.028, data: 0.002) G_GAN: 2.538 G_L1: 43.808 D_real: 0.031 D_fake: 0.090 
(epoch: 7, iters: 1140, time: 0.028, data: 0.002) G_GAN: 1.798 G_L1: 26.538 D_real: 0.537 D_fake: 0.059 
(epoch: 7, iters: 1160, time: 0.028, data: 0.003) G_GAN: 0.815 G_L1: 17.852 D_real: 2.362 D_fake: 0.046 
(epoch: 7, iters: 1180, time: 0.028, data: 0.003) G_GAN: 2.802 G_L1: 44.602 D_real: 0.005 D_fake: 0.157 
(epoch: 7, iters: 1200, time: 0.028, data: 0.002) G_GAN: 4.157 G_L1: 42.563 D_real: 0.033 D_fake: 0.028 
(epoch: 7, iters: 1220, time: 0.028, data: 0.004) G_GAN: 2.270 G_L1: 32.344 D_real: 0.094 D_fake: 0.165 
(epoch: 7, iters: 1240, time: 0.028, data: 0.002) G_GAN: 1.277 G_L1: 38.195 D_real: 0.001 D_fake: 0.680 
(epoch: 7, iters: 1260, time: 0.029, data: 0.003) G_GAN: 2.061 G_L1: 27.584 D_real: 0.061 D_fake: 0.344 
(epoch: 7, iters: 1280, time: 0.028, data: 0.003) G_GAN: 1.753 G_L1: 31.729 D_real: 0.011 D_fake: 0.973 
(epoch: 7, iters: 1300, time: 0.028, data: 0.003) G_GAN: 1.434 G_L1: 53.833 D_real: 0.000 D_fake: 0.621 
(epoch: 7, iters: 1320, time: 0.028, data: 0.003) G_GAN: 2.509 G_L1: 38.092 D_real: 0.011 D_fake: 0.182 
(epoch: 7, iters: 1340, time: 0.028, data: 0.003) G_GAN: 1.800 G_L1: 36.528 D_real: 0.027 D_fake: 0.369 
(epoch: 7, iters: 1360, time: 0.028, data: 0.003) G_GAN: 1.970 G_L1: 42.208 D_real: 0.003 D_fake: 0.123 
(epoch: 7, iters: 1380, time: 0.028, data: 0.002) G_GAN: 0.856 G_L1: 27.887 D_real: 1.620 D_fake: 0.476 
(epoch: 7, iters: 1400, time: 0.028, data: 0.003) G_GAN: 1.161 G_L1: 27.137 D_real: 0.202 D_fake: 0.287 
(epoch: 7, iters: 1420, time: 0.028, data: 0.003) G_GAN: 4.235 G_L1: 39.315 D_real: 0.004 D_fake: 0.024 
(epoch: 7, iters: 1440, time: 0.028, data: 0.002) G_GAN: 2.551 G_L1: 43.377 D_real: 0.003 D_fake: 0.142 
(epoch: 7, iters: 1460, time: 0.028, data: 0.002) G_GAN: 2.825 G_L1: 39.116 D_real: 0.008 D_fake: 0.129 
(epoch: 7, iters: 1480, time: 0.028, data: 0.002) G_GAN: 3.022 G_L1: 42.556 D_real: 0.002 D_fake: 0.063 
(epoch: 7, iters: 1500, time: 0.029, data: 0.002) G_GAN: 1.668 G_L1: 26.682 D_real: 1.099 D_fake: 0.112 
(epoch: 7, iters: 1520, time: 0.028, data: 0.003) G_GAN: 2.286 G_L1: 35.174 D_real: 0.007 D_fake: 0.173 
(epoch: 7, iters: 1540, time: 0.028, data: 0.003) G_GAN: 1.013 G_L1: 22.170 D_real: 3.119 D_fake: 0.039 
(epoch: 7, iters: 1560, time: 0.028, data: 0.003) G_GAN: 1.218 G_L1: 30.189 D_real: 0.666 D_fake: 0.782 
(epoch: 7, iters: 1580, time: 0.028, data: 0.003) G_GAN: 2.085 G_L1: 32.438 D_real: 0.081 D_fake: 0.084 
(epoch: 7, iters: 1600, time: 0.028, data: 0.003) G_GAN: 1.451 G_L1: 29.990 D_real: 0.512 D_fake: 0.127 
(epoch: 7, iters: 1620, time: 0.028, data: 0.003) G_GAN: 2.604 G_L1: 22.851 D_real: 3.946 D_fake: 0.031 
(epoch: 7, iters: 1640, time: 0.028, data: 0.002) G_GAN: 1.898 G_L1: 37.691 D_real: 0.012 D_fake: 0.389 
(epoch: 7, iters: 1660, time: 0.028, data: 0.003) G_GAN: 1.277 G_L1: 21.489 D_real: 1.516 D_fake: 0.141 
(epoch: 7, iters: 1680, time: 0.040, data: 0.003) G_GAN: 3.712 G_L1: 30.759 D_real: 0.007 D_fake: 0.030 
(epoch: 7, iters: 1700, time: 0.028, data: 0.002) G_GAN: 2.686 G_L1: 33.120 D_real: 1.101 D_fake: 0.027 
(epoch: 7, iters: 1720, time: 0.028, data: 0.002) G_GAN: 2.079 G_L1: 32.812 D_real: 0.007 D_fake: 0.405 
(epoch: 7, iters: 1740, time: 0.029, data: 0.003) G_GAN: 1.650 G_L1: 23.805 D_real: 0.530 D_fake: 0.179 
(epoch: 7, iters: 1760, time: 0.028, data: 0.002) G_GAN: 3.480 G_L1: 26.578 D_real: 1.106 D_fake: 0.016 
(epoch: 7, iters: 1780, time: 0.028, data: 0.003) G_GAN: 1.775 G_L1: 27.791 D_real: 0.015 D_fake: 0.551 
(epoch: 7, iters: 1800, time: 0.028, data: 0.002) G_GAN: 3.696 G_L1: 43.339 D_real: 0.012 D_fake: 0.020 
(epoch: 7, iters: 1820, time: 0.028, data: 0.003) G_GAN: 2.556 G_L1: 26.875 D_real: 0.070 D_fake: 0.090 
(epoch: 7, iters: 1840, time: 0.028, data: 0.003) G_GAN: 2.912 G_L1: 34.660 D_real: 0.056 D_fake: 0.053 
(epoch: 7, iters: 1860, time: 0.028, data: 0.002) G_GAN: 2.318 G_L1: 37.248 D_real: 0.011 D_fake: 0.087 
(epoch: 7, iters: 1880, time: 0.028, data: 0.002) G_GAN: 3.332 G_L1: 41.468 D_real: 0.005 D_fake: 0.040 
(epoch: 7, iters: 1900, time: 0.028, data: 0.003) G_GAN: 1.871 G_L1: 27.175 D_real: 0.022 D_fake: 0.254 
(epoch: 7, iters: 1920, time: 0.028, data: 0.003) G_GAN: 1.762 G_L1: 40.855 D_real: 0.001 D_fake: 0.310 
(epoch: 7, iters: 1940, time: 0.028, data: 0.003) G_GAN: 1.853 G_L1: 31.769 D_real: 0.589 D_fake: 0.143 
(epoch: 7, iters: 1960, time: 0.028, data: 0.003) G_GAN: 0.604 G_L1: 31.583 D_real: 0.691 D_fake: 0.653 
(epoch: 7, iters: 1980, time: 0.028, data: 0.003) G_GAN: 2.572 G_L1: 39.337 D_real: 0.019 D_fake: 0.152 
(epoch: 7, iters: 2000, time: 0.028, data: 0.003) G_GAN: 3.679 G_L1: 39.379 D_real: 0.017 D_fake: 0.049 
(epoch: 7, iters: 2020, time: 0.028, data: 0.002) G_GAN: 2.519 G_L1: 32.773 D_real: 0.478 D_fake: 0.034 
(epoch: 7, iters: 2040, time: 0.028, data: 0.003) G_GAN: 3.822 G_L1: 31.906 D_real: 0.043 D_fake: 0.028 
(epoch: 7, iters: 2060, time: 0.028, data: 0.003) G_GAN: 2.391 G_L1: 38.172 D_real: 0.102 D_fake: 0.101 
(epoch: 7, iters: 2080, time: 0.028, data: 0.003) G_GAN: 2.827 G_L1: 38.694 D_real: 0.003 D_fake: 0.096 
(epoch: 7, iters: 2100, time: 0.028, data: 0.002) G_GAN: 0.724 G_L1: 29.739 D_real: 2.001 D_fake: 0.174 
(epoch: 7, iters: 2120, time: 0.029, data: 0.002) G_GAN: 3.477 G_L1: 33.663 D_real: 0.152 D_fake: 0.047 
(epoch: 7, iters: 2140, time: 0.028, data: 0.002) G_GAN: 1.278 G_L1: 29.563 D_real: 1.015 D_fake: 0.135 
(epoch: 7, iters: 2160, time: 0.028, data: 0.002) G_GAN: 2.205 G_L1: 29.076 D_real: 0.089 D_fake: 0.281 
(epoch: 7, iters: 2180, time: 0.028, data: 0.002) G_GAN: 2.454 G_L1: 38.027 D_real: 0.064 D_fake: 0.186 
(epoch: 7, iters: 2200, time: 0.028, data: 0.002) G_GAN: 1.932 G_L1: 29.988 D_real: 0.005 D_fake: 1.041 
(epoch: 7, iters: 2220, time: 0.028, data: 0.003) G_GAN: 2.883 G_L1: 37.779 D_real: 0.025 D_fake: 0.068 
(epoch: 7, iters: 2240, time: 0.028, data: 0.003) G_GAN: 2.585 G_L1: 33.047 D_real: 1.266 D_fake: 0.020 
(epoch: 7, iters: 2260, time: 0.028, data: 0.003) G_GAN: 2.273 G_L1: 28.901 D_real: 1.239 D_fake: 0.111 
(epoch: 7, iters: 2280, time: 0.028, data: 0.002) G_GAN: 1.237 G_L1: 31.832 D_real: 0.782 D_fake: 0.169 
(epoch: 7, iters: 2300, time: 0.028, data: 0.002) G_GAN: 3.502 G_L1: 34.855 D_real: 0.036 D_fake: 0.027 
(epoch: 7, iters: 2320, time: 0.028, data: 0.003) G_GAN: 2.493 G_L1: 37.118 D_real: 0.010 D_fake: 0.181 
(epoch: 7, iters: 2340, time: 0.028, data: 0.002) G_GAN: 2.846 G_L1: 38.927 D_real: 0.001 D_fake: 0.066 
(epoch: 7, iters: 2360, time: 0.028, data: 0.002) G_GAN: 3.474 G_L1: 31.363 D_real: 0.623 D_fake: 0.020 
(epoch: 7, iters: 2380, time: 0.028, data: 0.002) G_GAN: 3.609 G_L1: 40.969 D_real: 0.011 D_fake: 0.096 
(epoch: 7, iters: 2400, time: 0.028, data: 0.002) G_GAN: 1.526 G_L1: 33.661 D_real: 0.090 D_fake: 0.960 
(epoch: 7, iters: 2420, time: 0.028, data: 0.002) G_GAN: 2.957 G_L1: 31.656 D_real: 0.042 D_fake: 0.049 
(epoch: 7, iters: 2440, time: 0.028, data: 0.002) G_GAN: 2.711 G_L1: 26.734 D_real: 2.397 D_fake: 0.050 
(epoch: 7, iters: 2460, time: 0.028, data: 0.002) G_GAN: 2.652 G_L1: 34.116 D_real: 0.128 D_fake: 0.088 
(epoch: 7, iters: 2480, time: 0.028, data: 0.002) G_GAN: 1.909 G_L1: 29.729 D_real: 0.197 D_fake: 0.375 
(epoch: 7, iters: 2500, time: 0.028, data: 0.002) G_GAN: 2.230 G_L1: 31.839 D_real: 0.064 D_fake: 0.143 
(epoch: 7, iters: 2520, time: 0.028, data: 0.002) G_GAN: 2.804 G_L1: 48.835 D_real: 0.000 D_fake: 0.135 
(epoch: 7, iters: 2540, time: 0.028, data: 0.003) G_GAN: 3.002 G_L1: 40.648 D_real: 0.005 D_fake: 0.115 
(epoch: 7, iters: 2560, time: 0.028, data: 0.002) G_GAN: 1.461 G_L1: 36.339 D_real: 0.004 D_fake: 0.575 
(epoch: 7, iters: 2580, time: 0.028, data: 0.002) G_GAN: 1.052 G_L1: 30.140 D_real: 1.068 D_fake: 0.102 
(epoch: 7, iters: 2600, time: 0.029, data: 0.002) G_GAN: 2.820 G_L1: 36.402 D_real: 0.028 D_fake: 0.107 
(epoch: 7, iters: 2620, time: 0.029, data: 0.002) G_GAN: 1.678 G_L1: 31.841 D_real: 0.033 D_fake: 0.874 
(epoch: 7, iters: 2640, time: 0.028, data: 0.002) G_GAN: 2.087 G_L1: 39.857 D_real: 0.006 D_fake: 0.203 
(epoch: 7, iters: 2660, time: 0.028, data: 0.002) G_GAN: 1.080 G_L1: 32.251 D_real: 0.004 D_fake: 0.750 
(epoch: 7, iters: 2680, time: 0.029, data: 0.002) G_GAN: 3.285 G_L1: 36.283 D_real: 0.241 D_fake: 0.037 
saving the latest model (epoch 7, total_iters 25000)
(epoch: 7, iters: 2700, time: 0.028, data: 0.003) G_GAN: 2.431 G_L1: 32.585 D_real: 0.065 D_fake: 0.116 
(epoch: 7, iters: 2720, time: 0.028, data: 0.002) G_GAN: 1.864 G_L1: 32.194 D_real: 0.040 D_fake: 1.081 
(epoch: 7, iters: 2740, time: 0.029, data: 0.002) G_GAN: 1.581 G_L1: 38.869 D_real: 0.603 D_fake: 0.142 
(epoch: 7, iters: 2760, time: 0.028, data: 0.002) G_GAN: 4.899 G_L1: 43.159 D_real: 0.001 D_fake: 0.028 
(epoch: 7, iters: 2780, time: 0.028, data: 0.002) G_GAN: 1.995 G_L1: 42.959 D_real: 0.000 D_fake: 0.808 
(epoch: 7, iters: 2800, time: 0.027, data: 0.003) G_GAN: 1.877 G_L1: 41.064 D_real: 0.562 D_fake: 0.195 
(epoch: 7, iters: 2820, time: 0.028, data: 0.002) G_GAN: 2.171 G_L1: 32.779 D_real: 0.652 D_fake: 0.044 
(epoch: 7, iters: 2840, time: 0.029, data: 0.002) G_GAN: 2.093 G_L1: 33.967 D_real: 0.110 D_fake: 0.184 
(epoch: 7, iters: 2860, time: 0.029, data: 0.003) G_GAN: 1.800 G_L1: 34.354 D_real: 0.003 D_fake: 0.467 
(epoch: 7, iters: 2880, time: 0.028, data: 0.002) G_GAN: 1.954 G_L1: 23.957 D_real: 0.095 D_fake: 0.164 
(epoch: 7, iters: 2900, time: 0.028, data: 0.002) G_GAN: 1.417 G_L1: 31.480 D_real: 0.033 D_fake: 0.780 
(epoch: 7, iters: 2920, time: 0.029, data: 0.002) G_GAN: 4.006 G_L1: 37.188 D_real: 0.004 D_fake: 0.019 
(epoch: 7, iters: 2940, time: 0.028, data: 0.002) G_GAN: 1.796 G_L1: 28.588 D_real: 0.160 D_fake: 0.365 
(epoch: 7, iters: 2960, time: 0.029, data: 0.002) G_GAN: 0.120 G_L1: 20.873 D_real: 2.714 D_fake: 0.167 
(epoch: 7, iters: 2980, time: 0.028, data: 0.002) G_GAN: 2.041 G_L1: 30.241 D_real: 1.503 D_fake: 0.040 
(epoch: 7, iters: 3000, time: 0.028, data: 0.002) G_GAN: 1.146 G_L1: 26.581 D_real: 1.194 D_fake: 0.137 
(epoch: 7, iters: 3020, time: 0.029, data: 0.003) G_GAN: 2.887 G_L1: 28.746 D_real: 0.120 D_fake: 0.056 
(epoch: 7, iters: 3040, time: 0.029, data: 0.002) G_GAN: 3.337 G_L1: 37.128 D_real: 0.053 D_fake: 0.045 
(epoch: 7, iters: 3060, time: 0.029, data: 0.002) G_GAN: 2.930 G_L1: 40.449 D_real: 0.127 D_fake: 0.090 
(epoch: 7, iters: 3080, time: 0.029, data: 0.002) G_GAN: 3.618 G_L1: 29.467 D_real: 0.450 D_fake: 0.014 
(epoch: 7, iters: 3100, time: 0.029, data: 0.002) G_GAN: 3.617 G_L1: 33.018 D_real: 0.020 D_fake: 0.040 
(epoch: 7, iters: 3120, time: 0.029, data: 0.002) G_GAN: 2.071 G_L1: 31.760 D_real: 0.048 D_fake: 0.254 
(epoch: 7, iters: 3140, time: 0.028, data: 0.002) G_GAN: 2.874 G_L1: 35.625 D_real: 0.070 D_fake: 0.144 
(epoch: 7, iters: 3160, time: 0.028, data: 0.002) G_GAN: 2.699 G_L1: 30.625 D_real: 0.039 D_fake: 0.089 
(epoch: 7, iters: 3180, time: 0.028, data: 0.002) G_GAN: 2.911 G_L1: 42.153 D_real: 0.009 D_fake: 0.080 
(epoch: 7, iters: 3200, time: 0.028, data: 0.002) G_GAN: 2.641 G_L1: 35.238 D_real: 0.086 D_fake: 0.267 
(epoch: 7, iters: 3220, time: 0.028, data: 0.002) G_GAN: 3.372 G_L1: 36.503 D_real: 0.004 D_fake: 0.054 
(epoch: 7, iters: 3240, time: 0.028, data: 0.002) G_GAN: 1.695 G_L1: 38.635 D_real: 0.080 D_fake: 0.373 
(epoch: 7, iters: 3260, time: 0.028, data: 0.002) G_GAN: 1.477 G_L1: 31.744 D_real: 0.228 D_fake: 0.358 
(epoch: 7, iters: 3280, time: 0.028, data: 0.002) G_GAN: 0.728 G_L1: 31.953 D_real: 0.765 D_fake: 0.210 
(epoch: 7, iters: 3300, time: 0.028, data: 0.002) G_GAN: 2.164 G_L1: 33.502 D_real: 0.621 D_fake: 0.124 
(epoch: 7, iters: 3320, time: 0.028, data: 0.002) G_GAN: 2.672 G_L1: 31.720 D_real: 0.571 D_fake: 0.047 
(epoch: 7, iters: 3340, time: 0.029, data: 0.003) G_GAN: 1.935 G_L1: 42.559 D_real: 0.014 D_fake: 0.275 
(epoch: 7, iters: 3360, time: 0.029, data: 0.002) G_GAN: 1.464 G_L1: 28.677 D_real: 1.383 D_fake: 0.058 
(epoch: 7, iters: 3380, time: 0.029, data: 0.002) G_GAN: 1.578 G_L1: 30.431 D_real: 0.194 D_fake: 0.425 
(epoch: 7, iters: 3400, time: 0.029, data: 0.002) G_GAN: 2.409 G_L1: 31.450 D_real: 0.049 D_fake: 0.312 
(epoch: 7, iters: 3420, time: 0.028, data: 0.002) G_GAN: 1.851 G_L1: 34.752 D_real: 0.051 D_fake: 0.462 
(epoch: 7, iters: 3440, time: 0.028, data: 0.002) G_GAN: 1.715 G_L1: 35.338 D_real: 0.049 D_fake: 0.302 
(epoch: 7, iters: 3460, time: 0.029, data: 0.002) G_GAN: 1.996 G_L1: 33.594 D_real: 0.889 D_fake: 0.066 
(epoch: 7, iters: 3480, time: 0.029, data: 0.002) G_GAN: 3.306 G_L1: 28.250 D_real: 0.104 D_fake: 0.043 
(epoch: 7, iters: 3500, time: 0.029, data: 0.002) G_GAN: 1.858 G_L1: 38.246 D_real: 0.042 D_fake: 0.497 
(epoch: 7, iters: 3520, time: 0.028, data: 0.003) G_GAN: 2.482 G_L1: 31.833 D_real: 0.351 D_fake: 0.116 
(epoch: 7, iters: 3540, time: 0.029, data: 0.002) G_GAN: 1.428 G_L1: 30.411 D_real: 1.089 D_fake: 0.092 
(epoch: 7, iters: 3560, time: 0.028, data: 0.002) G_GAN: 0.940 G_L1: 31.589 D_real: 0.843 D_fake: 0.220 
(epoch: 7, iters: 3580, time: 0.029, data: 0.002) G_GAN: 1.655 G_L1: 30.526 D_real: 0.082 D_fake: 0.214 
(epoch: 7, iters: 3600, time: 0.028, data: 0.002) G_GAN: 2.515 G_L1: 39.166 D_real: 0.002 D_fake: 0.098 
(epoch: 7, iters: 3620, time: 0.029, data: 0.002) G_GAN: 1.419 G_L1: 38.440 D_real: 0.015 D_fake: 1.250 
(epoch: 7, iters: 3640, time: 0.028, data: 0.003) G_GAN: 1.828 G_L1: 31.799 D_real: 0.313 D_fake: 0.157 
(epoch: 7, iters: 3660, time: 0.028, data: 0.002) G_GAN: 1.852 G_L1: 32.787 D_real: 0.095 D_fake: 0.307 
(epoch: 7, iters: 3680, time: 0.040, data: 0.002) G_GAN: 2.910 G_L1: 29.837 D_real: 0.361 D_fake: 0.037 
(epoch: 7, iters: 3700, time: 0.028, data: 0.002) G_GAN: 2.447 G_L1: 40.418 D_real: 0.026 D_fake: 0.123 
(epoch: 7, iters: 3720, time: 0.028, data: 0.002) G_GAN: 2.244 G_L1: 26.635 D_real: 0.061 D_fake: 0.409 
(epoch: 7, iters: 3740, time: 0.029, data: 0.002) G_GAN: 1.495 G_L1: 27.178 D_real: 0.174 D_fake: 0.494 
(epoch: 7, iters: 3760, time: 0.028, data: 0.002) G_GAN: 2.324 G_L1: 37.796 D_real: 0.002 D_fake: 0.183 
(epoch: 7, iters: 3780, time: 0.028, data: 0.002) G_GAN: 4.093 G_L1: 42.080 D_real: 0.001 D_fake: 0.020 
(epoch: 7, iters: 3800, time: 0.029, data: 0.002) G_GAN: 1.305 G_L1: 22.788 D_real: 1.685 D_fake: 0.138 
(epoch: 7, iters: 3820, time: 0.028, data: 0.002) G_GAN: 1.349 G_L1: 34.565 D_real: 0.322 D_fake: 0.314 
(epoch: 7, iters: 3840, time: 0.029, data: 0.002) G_GAN: 2.419 G_L1: 37.592 D_real: 0.056 D_fake: 0.318 
(epoch: 7, iters: 3860, time: 0.029, data: 0.002) G_GAN: 4.349 G_L1: 35.023 D_real: 0.028 D_fake: 0.018 
(epoch: 7, iters: 3880, time: 0.029, data: 0.002) G_GAN: 1.925 G_L1: 42.831 D_real: 0.122 D_fake: 0.202 
(epoch: 7, iters: 3900, time: 0.028, data: 0.002) G_GAN: 1.620 G_L1: 36.652 D_real: 0.033 D_fake: 0.442 
(epoch: 7, iters: 3920, time: 0.029, data: 0.002) G_GAN: 1.637 G_L1: 36.571 D_real: 0.019 D_fake: 0.505 
(epoch: 7, iters: 3940, time: 0.028, data: 0.002) G_GAN: 2.747 G_L1: 33.892 D_real: 0.956 D_fake: 0.042 
(epoch: 7, iters: 3960, time: 0.028, data: 0.007) G_GAN: 0.497 G_L1: 28.799 D_real: 2.260 D_fake: 0.358 
(epoch: 7, iters: 3980, time: 0.026, data: 0.002) G_GAN: 3.708 G_L1: 38.680 D_real: 0.029 D_fake: 0.033 
(epoch: 7, iters: 4000, time: 0.028, data: 0.007) G_GAN: 1.492 G_L1: 22.584 D_real: 0.053 D_fake: 0.327 
(epoch: 7, iters: 4020, time: 0.028, data: 0.003) G_GAN: 2.623 G_L1: 36.434 D_real: 0.497 D_fake: 0.127 
(epoch: 7, iters: 4040, time: 0.028, data: 0.002) G_GAN: 1.532 G_L1: 29.179 D_real: 0.127 D_fake: 0.262 
(epoch: 7, iters: 4060, time: 0.029, data: 0.002) G_GAN: 1.236 G_L1: 36.720 D_real: 0.069 D_fake: 0.487 
(epoch: 7, iters: 4080, time: 0.028, data: 0.003) G_GAN: 1.466 G_L1: 33.081 D_real: 0.005 D_fake: 1.150 
(epoch: 7, iters: 4100, time: 0.028, data: 0.002) G_GAN: 0.764 G_L1: 21.725 D_real: 1.145 D_fake: 0.318 
(epoch: 7, iters: 4120, time: 0.029, data: 0.002) G_GAN: 2.286 G_L1: 22.189 D_real: 0.005 D_fake: 0.263 
(epoch: 7, iters: 4140, time: 0.029, data: 0.002) G_GAN: 1.328 G_L1: 43.095 D_real: 0.000 D_fake: 0.788 
(epoch: 7, iters: 4160, time: 0.028, data: 0.002) G_GAN: 2.464 G_L1: 33.615 D_real: 0.109 D_fake: 0.115 
(epoch: 7, iters: 4180, time: 0.029, data: 0.002) G_GAN: 1.385 G_L1: 31.607 D_real: 1.185 D_fake: 0.127 
(epoch: 7, iters: 4200, time: 0.028, data: 0.002) G_GAN: 2.204 G_L1: 29.805 D_real: 0.036 D_fake: 0.199 
(epoch: 7, iters: 4220, time: 0.029, data: 0.002) G_GAN: 2.142 G_L1: 27.104 D_real: 0.112 D_fake: 0.166 
(epoch: 7, iters: 4240, time: 0.029, data: 0.002) G_GAN: 2.306 G_L1: 37.764 D_real: 0.006 D_fake: 0.623 
(epoch: 7, iters: 4260, time: 0.028, data: 0.002) G_GAN: 2.338 G_L1: 36.848 D_real: 0.008 D_fake: 0.201 
(epoch: 7, iters: 4280, time: 0.028, data: 0.002) G_GAN: 1.655 G_L1: 28.330 D_real: 0.567 D_fake: 0.191 
(epoch: 7, iters: 4300, time: 0.028, data: 0.002) G_GAN: 1.624 G_L1: 30.759 D_real: 0.036 D_fake: 0.805 
(epoch: 7, iters: 4320, time: 0.028, data: 0.002) G_GAN: 0.765 G_L1: 25.069 D_real: 3.037 D_fake: 0.127 
(epoch: 7, iters: 4340, time: 0.028, data: 0.002) G_GAN: 2.668 G_L1: 30.593 D_real: 0.207 D_fake: 0.092 
(epoch: 7, iters: 4360, time: 0.028, data: 0.002) G_GAN: 2.060 G_L1: 30.688 D_real: 0.143 D_fake: 0.164 
(epoch: 7, iters: 4380, time: 0.028, data: 0.002) G_GAN: 2.133 G_L1: 31.496 D_real: 0.124 D_fake: 0.119 
(epoch: 7, iters: 4400, time: 0.028, data: 0.002) G_GAN: 1.851 G_L1: 38.543 D_real: 0.128 D_fake: 0.167 
(epoch: 7, iters: 4420, time: 0.028, data: 0.002) G_GAN: 1.299 G_L1: 38.129 D_real: 0.002 D_fake: 0.805 
(epoch: 7, iters: 4440, time: 0.028, data: 0.002) G_GAN: 2.105 G_L1: 40.158 D_real: 0.072 D_fake: 0.102 
(epoch: 7, iters: 4460, time: 0.028, data: 0.002) G_GAN: 2.598 G_L1: 38.577 D_real: 0.071 D_fake: 0.090 
(epoch: 7, iters: 4480, time: 0.028, data: 0.003) G_GAN: 2.675 G_L1: 29.926 D_real: 0.886 D_fake: 0.035 
(epoch: 7, iters: 4500, time: 0.028, data: 0.003) G_GAN: 2.738 G_L1: 37.873 D_real: 0.000 D_fake: 0.167 
(epoch: 7, iters: 4520, time: 0.028, data: 0.002) G_GAN: 2.508 G_L1: 34.897 D_real: 0.278 D_fake: 0.054 
(epoch: 7, iters: 4540, time: 0.029, data: 0.002) G_GAN: 1.330 G_L1: 34.560 D_real: 0.024 D_fake: 0.856 
(epoch: 7, iters: 4560, time: 0.028, data: 0.002) G_GAN: 3.473 G_L1: 32.962 D_real: 0.153 D_fake: 0.033 
(epoch: 7, iters: 4580, time: 0.028, data: 0.002) G_GAN: 2.393 G_L1: 35.516 D_real: 0.010 D_fake: 0.113 
(epoch: 7, iters: 4600, time: 0.028, data: 0.002) G_GAN: 3.812 G_L1: 36.647 D_real: 0.031 D_fake: 0.018 
(epoch: 7, iters: 4620, time: 0.028, data: 0.003) G_GAN: 3.370 G_L1: 36.812 D_real: 0.034 D_fake: 0.022 
(epoch: 7, iters: 4640, time: 0.028, data: 0.003) G_GAN: 3.146 G_L1: 34.934 D_real: 0.201 D_fake: 0.102 
(epoch: 7, iters: 4660, time: 0.029, data: 0.002) G_GAN: 3.061 G_L1: 31.761 D_real: 0.017 D_fake: 0.079 
(epoch: 7, iters: 4680, time: 0.029, data: 0.002) G_GAN: 1.192 G_L1: 36.683 D_real: 0.354 D_fake: 0.337 
(epoch: 7, iters: 4700, time: 0.029, data: 0.002) G_GAN: 3.619 G_L1: 39.492 D_real: 0.103 D_fake: 0.027 
(epoch: 7, iters: 4720, time: 0.028, data: 0.002) G_GAN: 2.479 G_L1: 27.971 D_real: 1.928 D_fake: 0.041 
(epoch: 7, iters: 4740, time: 0.028, data: 0.002) G_GAN: 2.845 G_L1: 25.835 D_real: 0.061 D_fake: 0.082 
(epoch: 7, iters: 4760, time: 0.028, data: 0.002) G_GAN: 3.602 G_L1: 31.809 D_real: 0.021 D_fake: 0.037 
(epoch: 7, iters: 4780, time: 0.029, data: 0.002) G_GAN: 1.923 G_L1: 37.673 D_real: 0.001 D_fake: 0.292 
(epoch: 7, iters: 4800, time: 0.028, data: 0.002) G_GAN: 2.244 G_L1: 38.376 D_real: 0.000 D_fake: 0.182 
(epoch: 7, iters: 4820, time: 0.028, data: 0.002) G_GAN: 3.244 G_L1: 35.597 D_real: 0.252 D_fake: 0.034 
(epoch: 7, iters: 4840, time: 0.028, data: 0.003) G_GAN: 1.106 G_L1: 38.838 D_real: 0.000 D_fake: 0.587 
(epoch: 7, iters: 4860, time: 0.029, data: 0.002) G_GAN: 2.596 G_L1: 26.729 D_real: 0.045 D_fake: 0.144 
(epoch: 7, iters: 4880, time: 0.028, data: 0.002) G_GAN: 1.608 G_L1: 31.170 D_real: 1.329 D_fake: 0.087 
(epoch: 7, iters: 4900, time: 0.029, data: 0.002) G_GAN: 1.967 G_L1: 24.774 D_real: 0.160 D_fake: 0.151 
(epoch: 7, iters: 4920, time: 0.028, data: 0.002) G_GAN: 1.392 G_L1: 37.597 D_real: 0.005 D_fake: 1.174 
(epoch: 7, iters: 4940, time: 0.028, data: 0.002) G_GAN: 1.393 G_L1: 40.121 D_real: 0.006 D_fake: 0.450 
(epoch: 7, iters: 4960, time: 0.028, data: 0.002) G_GAN: 2.384 G_L1: 35.753 D_real: 0.013 D_fake: 0.424 
(epoch: 7, iters: 4980, time: 0.028, data: 0.002) G_GAN: 1.724 G_L1: 27.306 D_real: 0.622 D_fake: 0.103 
(epoch: 7, iters: 5000, time: 0.028, data: 0.003) G_GAN: 2.402 G_L1: 37.370 D_real: 0.003 D_fake: 0.144 
(epoch: 7, iters: 5020, time: 0.028, data: 0.003) G_GAN: 3.286 G_L1: 40.352 D_real: 0.003 D_fake: 0.052 
(epoch: 7, iters: 5040, time: 0.028, data: 0.003) G_GAN: 1.429 G_L1: 35.947 D_real: 0.011 D_fake: 0.441 
(epoch: 7, iters: 5060, time: 0.028, data: 0.002) G_GAN: 1.242 G_L1: 26.158 D_real: 0.761 D_fake: 0.283 
(epoch: 7, iters: 5080, time: 0.028, data: 0.002) G_GAN: 2.722 G_L1: 34.530 D_real: 0.001 D_fake: 0.128 
(epoch: 7, iters: 5100, time: 0.028, data: 0.002) G_GAN: 2.371 G_L1: 32.765 D_real: 0.024 D_fake: 0.213 
(epoch: 7, iters: 5120, time: 0.028, data: 0.002) G_GAN: 1.929 G_L1: 56.846 D_real: 0.000 D_fake: 0.708 
(epoch: 7, iters: 5140, time: 0.028, data: 0.002) G_GAN: 1.812 G_L1: 38.600 D_real: 0.002 D_fake: 0.308 
(epoch: 7, iters: 5160, time: 0.029, data: 0.002) G_GAN: 2.089 G_L1: 41.562 D_real: 0.040 D_fake: 0.524 
(epoch: 7, iters: 5180, time: 0.028, data: 0.003) G_GAN: 2.471 G_L1: 29.001 D_real: 0.177 D_fake: 0.157 
(epoch: 7, iters: 5200, time: 0.028, data: 0.002) G_GAN: 1.442 G_L1: 24.420 D_real: 0.757 D_fake: 0.163 
(epoch: 7, iters: 5220, time: 0.028, data: 0.002) G_GAN: 1.579 G_L1: 31.808 D_real: 0.003 D_fake: 0.472 
(epoch: 7, iters: 5240, time: 0.028, data: 0.002) G_GAN: 2.802 G_L1: 29.697 D_real: 0.007 D_fake: 0.126 
(epoch: 7, iters: 5260, time: 0.028, data: 0.002) G_GAN: 3.354 G_L1: 33.806 D_real: 0.096 D_fake: 0.040 
(epoch: 7, iters: 5280, time: 0.028, data: 0.002) G_GAN: 1.757 G_L1: 25.075 D_real: 2.013 D_fake: 0.031 
(epoch: 7, iters: 5300, time: 0.029, data: 0.002) G_GAN: 4.659 G_L1: 34.897 D_real: 0.064 D_fake: 0.013 
(epoch: 7, iters: 5320, time: 0.029, data: 0.002) G_GAN: 1.230 G_L1: 34.367 D_real: 0.001 D_fake: 1.978 
(epoch: 7, iters: 5340, time: 0.029, data: 0.002) G_GAN: 1.710 G_L1: 31.785 D_real: 0.053 D_fake: 0.168 
(epoch: 7, iters: 5360, time: 0.028, data: 0.002) G_GAN: 2.466 G_L1: 45.654 D_real: 0.000 D_fake: 0.243 
(epoch: 7, iters: 5380, time: 0.029, data: 0.002) G_GAN: 1.350 G_L1: 38.223 D_real: 0.006 D_fake: 1.092 
(epoch: 7, iters: 5400, time: 0.029, data: 0.002) G_GAN: 2.134 G_L1: 38.063 D_real: 0.002 D_fake: 0.131 
(epoch: 7, iters: 5420, time: 0.028, data: 0.003) G_GAN: 1.098 G_L1: 37.787 D_real: 0.001 D_fake: 0.418 
(epoch: 7, iters: 5440, time: 0.028, data: 0.002) G_GAN: 2.497 G_L1: 26.681 D_real: 0.225 D_fake: 0.051 
(epoch: 7, iters: 5460, time: 0.028, data: 0.002) G_GAN: 1.551 G_L1: 33.885 D_real: 0.703 D_fake: 0.118 
(epoch: 7, iters: 5480, time: 0.029, data: 0.003) G_GAN: 4.039 G_L1: 40.822 D_real: 0.026 D_fake: 0.025 
(epoch: 7, iters: 5500, time: 0.028, data: 0.002) G_GAN: 1.880 G_L1: 48.932 D_real: 0.000 D_fake: 0.343 
(epoch: 7, iters: 5520, time: 0.028, data: 0.002) G_GAN: 2.657 G_L1: 44.955 D_real: 0.001 D_fake: 0.117 
(epoch: 7, iters: 5540, time: 0.029, data: 0.003) G_GAN: 2.417 G_L1: 35.900 D_real: 0.157 D_fake: 0.132 
(epoch: 7, iters: 5560, time: 0.029, data: 0.002) G_GAN: 1.361 G_L1: 46.124 D_real: 0.003 D_fake: 1.569 
(epoch: 7, iters: 5580, time: 0.021, data: 0.002) G_GAN: 2.353 G_L1: 44.530 D_real: 0.032 D_fake: 0.209 
saving the model at the end of epoch 7, iters 27900
End of epoch 7 / 20      Time Taken: 90 sec
learning rate 0.0001000 -> 0.0001000
(epoch: 8, iters: 20, time: 0.028, data: 0.316) G_GAN: 1.695 G_L1: 28.222 D_real: 0.230 D_fake: 0.759 
(epoch: 8, iters: 40, time: 0.028, data: 0.001) G_GAN: 1.311 G_L1: 24.529 D_real: 0.332 D_fake: 0.324 
(epoch: 8, iters: 60, time: 0.029, data: 0.002) G_GAN: 2.807 G_L1: 34.265 D_real: 0.015 D_fake: 0.089 
(epoch: 8, iters: 80, time: 0.028, data: 0.003) G_GAN: 1.168 G_L1: 44.829 D_real: 0.000 D_fake: 0.419 
(epoch: 8, iters: 100, time: 0.044, data: 0.003) G_GAN: 1.399 G_L1: 24.552 D_real: 1.637 D_fake: 0.166 
(epoch: 8, iters: 120, time: 0.028, data: 0.002) G_GAN: 2.959 G_L1: 38.187 D_real: 0.009 D_fake: 0.101 
(epoch: 8, iters: 140, time: 0.028, data: 0.002) G_GAN: 2.518 G_L1: 28.862 D_real: 0.052 D_fake: 0.104 
(epoch: 8, iters: 160, time: 0.029, data: 0.002) G_GAN: 1.833 G_L1: 35.111 D_real: 0.009 D_fake: 0.343 
(epoch: 8, iters: 180, time: 0.028, data: 0.003) G_GAN: 1.247 G_L1: 21.009 D_real: 3.464 D_fake: 0.127 
(epoch: 8, iters: 200, time: 0.028, data: 0.003) G_GAN: 2.176 G_L1: 27.660 D_real: 0.350 D_fake: 0.083 
(epoch: 8, iters: 220, time: 0.028, data: 0.003) G_GAN: 1.473 G_L1: 24.706 D_real: 0.799 D_fake: 0.090 
(epoch: 8, iters: 240, time: 0.028, data: 0.002) G_GAN: 2.031 G_L1: 35.174 D_real: 0.003 D_fake: 0.371 
(epoch: 8, iters: 260, time: 0.029, data: 0.002) G_GAN: 2.004 G_L1: 25.093 D_real: 0.597 D_fake: 0.098 
(epoch: 8, iters: 280, time: 0.029, data: 0.002) G_GAN: 0.752 G_L1: 25.701 D_real: 1.071 D_fake: 0.172 
(epoch: 8, iters: 300, time: 0.028, data: 0.002) G_GAN: 2.574 G_L1: 37.640 D_real: 0.012 D_fake: 0.148 
(epoch: 8, iters: 320, time: 0.028, data: 0.002) G_GAN: 2.778 G_L1: 36.371 D_real: 0.001 D_fake: 0.058 
(epoch: 8, iters: 340, time: 0.028, data: 0.002) G_GAN: 3.881 G_L1: 33.369 D_real: 0.401 D_fake: 0.019 
(epoch: 8, iters: 360, time: 0.028, data: 0.002) G_GAN: 2.814 G_L1: 32.875 D_real: 0.029 D_fake: 0.078 
(epoch: 8, iters: 380, time: 0.028, data: 0.002) G_GAN: 1.129 G_L1: 25.890 D_real: 2.433 D_fake: 0.165 
(epoch: 8, iters: 400, time: 0.028, data: 0.002) G_GAN: 2.617 G_L1: 37.751 D_real: 0.003 D_fake: 0.140 
(epoch: 8, iters: 420, time: 0.028, data: 0.002) G_GAN: 3.198 G_L1: 34.016 D_real: 0.353 D_fake: 0.045 
(epoch: 8, iters: 440, time: 0.029, data: 0.002) G_GAN: 0.865 G_L1: 27.373 D_real: 0.006 D_fake: 1.997 
(epoch: 8, iters: 460, time: 0.028, data: 0.002) G_GAN: 1.353 G_L1: 28.246 D_real: 0.903 D_fake: 0.100 
(epoch: 8, iters: 480, time: 0.028, data: 0.002) G_GAN: 2.060 G_L1: 32.438 D_real: 0.013 D_fake: 0.200 
(epoch: 8, iters: 500, time: 0.029, data: 0.002) G_GAN: 2.697 G_L1: 35.509 D_real: 0.019 D_fake: 0.110 
(epoch: 8, iters: 520, time: 0.029, data: 0.002) G_GAN: 2.750 G_L1: 41.946 D_real: 0.001 D_fake: 0.081 
(epoch: 8, iters: 540, time: 0.028, data: 0.003) G_GAN: 2.574 G_L1: 41.527 D_real: 0.122 D_fake: 0.109 
(epoch: 8, iters: 560, time: 0.029, data: 0.002) G_GAN: 2.194 G_L1: 32.208 D_real: 0.010 D_fake: 0.177 
(epoch: 8, iters: 580, time: 0.028, data: 0.002) G_GAN: 1.824 G_L1: 27.900 D_real: 0.207 D_fake: 0.250 
(epoch: 8, iters: 600, time: 0.028, data: 0.002) G_GAN: 0.516 G_L1: 19.725 D_real: 1.735 D_fake: 0.751 
(epoch: 8, iters: 620, time: 0.028, data: 0.002) G_GAN: 3.111 G_L1: 44.398 D_real: 0.015 D_fake: 0.082 
(epoch: 8, iters: 640, time: 0.028, data: 0.002) G_GAN: 1.218 G_L1: 37.295 D_real: 0.484 D_fake: 0.130 
(epoch: 8, iters: 660, time: 0.028, data: 0.002) G_GAN: 1.237 G_L1: 41.084 D_real: 0.157 D_fake: 2.660 
(epoch: 8, iters: 680, time: 0.028, data: 0.002) G_GAN: 1.220 G_L1: 34.229 D_real: 0.044 D_fake: 0.338 
(epoch: 8, iters: 700, time: 0.028, data: 0.002) G_GAN: 2.992 G_L1: 35.325 D_real: 0.073 D_fake: 0.071 
(epoch: 8, iters: 720, time: 0.028, data: 0.002) G_GAN: 1.977 G_L1: 32.240 D_real: 0.007 D_fake: 0.708 
(epoch: 8, iters: 740, time: 0.028, data: 0.002) G_GAN: 2.569 G_L1: 35.635 D_real: 0.012 D_fake: 0.111 
(epoch: 8, iters: 760, time: 0.028, data: 0.002) G_GAN: 1.676 G_L1: 30.209 D_real: 0.999 D_fake: 0.126 
(epoch: 8, iters: 780, time: 0.028, data: 0.002) G_GAN: 3.086 G_L1: 32.897 D_real: 0.108 D_fake: 0.054 
(epoch: 8, iters: 800, time: 0.029, data: 0.002) G_GAN: 3.884 G_L1: 39.086 D_real: 0.027 D_fake: 0.024 
(epoch: 8, iters: 820, time: 0.028, data: 0.002) G_GAN: 2.225 G_L1: 26.602 D_real: 2.752 D_fake: 0.032 
(epoch: 8, iters: 840, time: 0.029, data: 0.002) G_GAN: 2.419 G_L1: 44.608 D_real: 0.000 D_fake: 0.446 
(epoch: 8, iters: 860, time: 0.029, data: 0.002) G_GAN: 1.144 G_L1: 35.018 D_real: 1.342 D_fake: 0.140 
(epoch: 8, iters: 880, time: 0.028, data: 0.002) G_GAN: 3.096 G_L1: 37.537 D_real: 0.141 D_fake: 0.084 
(epoch: 8, iters: 900, time: 0.028, data: 0.002) G_GAN: 0.743 G_L1: 26.400 D_real: 1.986 D_fake: 0.174 
(epoch: 8, iters: 920, time: 0.028, data: 0.002) G_GAN: 2.962 G_L1: 17.496 D_real: 2.686 D_fake: 0.022 
(epoch: 8, iters: 940, time: 0.028, data: 0.002) G_GAN: 1.402 G_L1: 35.688 D_real: 1.480 D_fake: 0.122 
(epoch: 8, iters: 960, time: 0.029, data: 0.002) G_GAN: 1.621 G_L1: 33.595 D_real: 0.210 D_fake: 0.407 
(epoch: 8, iters: 980, time: 0.029, data: 0.002) G_GAN: 2.643 G_L1: 31.780 D_real: 0.170 D_fake: 0.061 
(epoch: 8, iters: 1000, time: 0.029, data: 0.002) G_GAN: 2.681 G_L1: 21.076 D_real: 0.775 D_fake: 0.059 
(epoch: 8, iters: 1020, time: 0.028, data: 0.002) G_GAN: 2.063 G_L1: 47.003 D_real: 0.000 D_fake: 0.327 
(epoch: 8, iters: 1040, time: 0.028, data: 0.003) G_GAN: 0.890 G_L1: 29.765 D_real: 0.947 D_fake: 0.303 
(epoch: 8, iters: 1060, time: 0.028, data: 0.002) G_GAN: 2.457 G_L1: 25.219 D_real: 0.902 D_fake: 0.044 
(epoch: 8, iters: 1080, time: 0.028, data: 0.002) G_GAN: 2.394 G_L1: 37.096 D_real: 0.001 D_fake: 0.385 
(epoch: 8, iters: 1100, time: 0.028, data: 0.002) G_GAN: 2.693 G_L1: 41.705 D_real: 0.010 D_fake: 0.160 
(epoch: 8, iters: 1120, time: 0.028, data: 0.002) G_GAN: 2.059 G_L1: 46.758 D_real: 0.006 D_fake: 0.450 
(epoch: 8, iters: 1140, time: 0.028, data: 0.002) G_GAN: 1.399 G_L1: 38.360 D_real: 0.207 D_fake: 0.387 
(epoch: 8, iters: 1160, time: 0.028, data: 0.002) G_GAN: 2.313 G_L1: 34.990 D_real: 0.455 D_fake: 0.074 
(epoch: 8, iters: 1180, time: 0.028, data: 0.002) G_GAN: 1.697 G_L1: 29.247 D_real: 0.262 D_fake: 0.285 
(epoch: 8, iters: 1200, time: 0.028, data: 0.002) G_GAN: 0.957 G_L1: 27.137 D_real: 0.493 D_fake: 0.559 
(epoch: 8, iters: 1220, time: 0.028, data: 0.002) G_GAN: 2.710 G_L1: 34.458 D_real: 0.408 D_fake: 0.052 
(epoch: 8, iters: 1240, time: 0.029, data: 0.002) G_GAN: 0.508 G_L1: 35.041 D_real: 1.333 D_fake: 0.189 
(epoch: 8, iters: 1260, time: 0.028, data: 0.002) G_GAN: 2.772 G_L1: 31.639 D_real: 0.696 D_fake: 0.035 
(epoch: 8, iters: 1280, time: 0.029, data: 0.002) G_GAN: 2.424 G_L1: 33.488 D_real: 0.118 D_fake: 0.124 
(epoch: 8, iters: 1300, time: 0.028, data: 0.002) G_GAN: 2.304 G_L1: 40.959 D_real: 0.021 D_fake: 0.189 
(epoch: 8, iters: 1320, time: 0.029, data: 0.002) G_GAN: 1.274 G_L1: 37.883 D_real: 0.003 D_fake: 1.436 
(epoch: 8, iters: 1340, time: 0.028, data: 0.002) G_GAN: 1.548 G_L1: 25.733 D_real: 3.024 D_fake: 0.088 
(epoch: 8, iters: 1360, time: 0.028, data: 0.002) G_GAN: 1.376 G_L1: 28.112 D_real: 0.132 D_fake: 0.264 
(epoch: 8, iters: 1380, time: 0.028, data: 0.002) G_GAN: 4.532 G_L1: 34.108 D_real: 0.015 D_fake: 0.014 
(epoch: 8, iters: 1400, time: 0.028, data: 0.002) G_GAN: 1.381 G_L1: 33.767 D_real: 0.004 D_fake: 0.737 
(epoch: 8, iters: 1420, time: 0.028, data: 0.003) G_GAN: 3.566 G_L1: 28.780 D_real: 0.028 D_fake: 0.035 
(epoch: 8, iters: 1440, time: 0.028, data: 0.002) G_GAN: 1.787 G_L1: 35.303 D_real: 0.088 D_fake: 0.130 
(epoch: 8, iters: 1460, time: 0.028, data: 0.002) G_GAN: 1.264 G_L1: 35.099 D_real: 0.000 D_fake: 0.665 
(epoch: 8, iters: 1480, time: 0.028, data: 0.002) G_GAN: 1.330 G_L1: 41.661 D_real: 0.007 D_fake: 0.344 
(epoch: 8, iters: 1500, time: 0.028, data: 0.002) G_GAN: 3.960 G_L1: 33.948 D_real: 0.056 D_fake: 0.022 
(epoch: 8, iters: 1520, time: 0.028, data: 0.002) G_GAN: 2.434 G_L1: 32.566 D_real: 0.227 D_fake: 0.139 
(epoch: 8, iters: 1540, time: 0.028, data: 0.004) G_GAN: 1.375 G_L1: 39.034 D_real: 0.000 D_fake: 0.762 
(epoch: 8, iters: 1560, time: 0.028, data: 0.003) G_GAN: 3.004 G_L1: 41.137 D_real: 0.006 D_fake: 0.051 
(epoch: 8, iters: 1580, time: 0.028, data: 0.002) G_GAN: 2.102 G_L1: 32.746 D_real: 0.009 D_fake: 0.443 
(epoch: 8, iters: 1600, time: 0.028, data: 0.003) G_GAN: 2.459 G_L1: 43.275 D_real: 0.000 D_fake: 0.101 
(epoch: 8, iters: 1620, time: 0.028, data: 0.002) G_GAN: 1.804 G_L1: 29.688 D_real: 0.048 D_fake: 0.339 
(epoch: 8, iters: 1640, time: 0.028, data: 0.002) G_GAN: 2.282 G_L1: 29.978 D_real: 0.624 D_fake: 0.044 
(epoch: 8, iters: 1660, time: 0.028, data: 0.002) G_GAN: 2.594 G_L1: 40.180 D_real: 0.001 D_fake: 0.194 
(epoch: 8, iters: 1680, time: 0.028, data: 0.002) G_GAN: 1.408 G_L1: 34.077 D_real: 0.002 D_fake: 1.156 
(epoch: 8, iters: 1700, time: 0.028, data: 0.002) G_GAN: 1.060 G_L1: 25.178 D_real: 2.491 D_fake: 0.245 
(epoch: 8, iters: 1720, time: 0.028, data: 0.002) G_GAN: 2.366 G_L1: 32.224 D_real: 0.029 D_fake: 0.106 
(epoch: 8, iters: 1740, time: 0.028, data: 0.003) G_GAN: 1.718 G_L1: 32.968 D_real: 0.067 D_fake: 0.259 
(epoch: 8, iters: 1760, time: 0.028, data: 0.003) G_GAN: 2.760 G_L1: 23.688 D_real: 0.334 D_fake: 0.069 
(epoch: 8, iters: 1780, time: 0.028, data: 0.002) G_GAN: 1.163 G_L1: 29.455 D_real: 0.010 D_fake: 0.573 
(epoch: 8, iters: 1800, time: 0.028, data: 0.002) G_GAN: 0.478 G_L1: 29.145 D_real: 0.579 D_fake: 0.790 
(epoch: 8, iters: 1820, time: 0.028, data: 0.002) G_GAN: 3.452 G_L1: 38.914 D_real: 0.293 D_fake: 0.030 
(epoch: 8, iters: 1840, time: 0.028, data: 0.002) G_GAN: 1.573 G_L1: 22.632 D_real: 1.176 D_fake: 0.132 
(epoch: 8, iters: 1860, time: 0.028, data: 0.002) G_GAN: 2.529 G_L1: 32.887 D_real: 0.126 D_fake: 0.090 
(epoch: 8, iters: 1880, time: 0.028, data: 0.002) G_GAN: 2.316 G_L1: 31.507 D_real: 0.015 D_fake: 0.145 
(epoch: 8, iters: 1900, time: 0.028, data: 0.002) G_GAN: 3.185 G_L1: 27.803 D_real: 0.171 D_fake: 0.043 
(epoch: 8, iters: 1920, time: 0.028, data: 0.003) G_GAN: 3.087 G_L1: 28.039 D_real: 0.046 D_fake: 0.126 
(epoch: 8, iters: 1940, time: 0.029, data: 0.002) G_GAN: 0.663 G_L1: 37.760 D_real: 0.203 D_fake: 2.972 
(epoch: 8, iters: 1960, time: 0.029, data: 0.002) G_GAN: 1.844 G_L1: 27.457 D_real: 0.058 D_fake: 0.420 
(epoch: 8, iters: 1980, time: 0.029, data: 0.003) G_GAN: 2.337 G_L1: 38.507 D_real: 0.029 D_fake: 0.087 
(epoch: 8, iters: 2000, time: 0.028, data: 0.003) G_GAN: 2.862 G_L1: 36.695 D_real: 0.242 D_fake: 0.057 
(epoch: 8, iters: 2020, time: 0.028, data: 0.003) G_GAN: 2.085 G_L1: 24.306 D_real: 2.490 D_fake: 0.020 
(epoch: 8, iters: 2040, time: 0.029, data: 0.002) G_GAN: 1.155 G_L1: 32.165 D_real: 0.020 D_fake: 0.523 
(epoch: 8, iters: 2060, time: 0.029, data: 0.002) G_GAN: 3.141 G_L1: 40.453 D_real: 0.083 D_fake: 0.052 
(epoch: 8, iters: 2080, time: 0.029, data: 0.002) G_GAN: 2.418 G_L1: 34.706 D_real: 0.275 D_fake: 0.048 
(epoch: 8, iters: 2100, time: 0.040, data: 0.002) G_GAN: 1.680 G_L1: 38.470 D_real: 0.332 D_fake: 0.171 
saving the latest model (epoch 8, total_iters 30000)
(epoch: 8, iters: 2120, time: 0.028, data: 0.003) G_GAN: 0.630 G_L1: 30.316 D_real: 1.950 D_fake: 0.403 
(epoch: 8, iters: 2140, time: 0.028, data: 0.002) G_GAN: 1.417 G_L1: 33.201 D_real: 0.523 D_fake: 0.317 
(epoch: 8, iters: 2160, time: 0.030, data: 0.002) G_GAN: 2.105 G_L1: 36.380 D_real: 0.016 D_fake: 0.221 
(epoch: 8, iters: 2180, time: 0.028, data: 0.003) G_GAN: 2.411 G_L1: 34.931 D_real: 0.059 D_fake: 0.715 
(epoch: 8, iters: 2200, time: 0.028, data: 0.002) G_GAN: 0.782 G_L1: 28.601 D_real: 0.702 D_fake: 0.150 
(epoch: 8, iters: 2220, time: 0.029, data: 0.002) G_GAN: 2.242 G_L1: 35.087 D_real: 0.357 D_fake: 0.202 
(epoch: 8, iters: 2240, time: 0.028, data: 0.003) G_GAN: 3.087 G_L1: 38.616 D_real: 0.018 D_fake: 0.055 
(epoch: 8, iters: 2260, time: 0.028, data: 0.002) G_GAN: 1.133 G_L1: 30.091 D_real: 0.715 D_fake: 0.194 
(epoch: 8, iters: 2280, time: 0.028, data: 0.003) G_GAN: 1.898 G_L1: 34.538 D_real: 0.050 D_fake: 0.445 
(epoch: 8, iters: 2300, time: 0.029, data: 0.002) G_GAN: 1.737 G_L1: 29.213 D_real: 0.154 D_fake: 0.140 
(epoch: 8, iters: 2320, time: 0.029, data: 0.002) G_GAN: 3.255 G_L1: 33.371 D_real: 0.075 D_fake: 0.035 
(epoch: 8, iters: 2340, time: 0.028, data: 0.002) G_GAN: 2.515 G_L1: 43.907 D_real: 0.000 D_fake: 0.787 
(epoch: 8, iters: 2360, time: 0.029, data: 0.002) G_GAN: 1.574 G_L1: 29.976 D_real: 0.173 D_fake: 0.403 
(epoch: 8, iters: 2380, time: 0.028, data: 0.003) G_GAN: 1.338 G_L1: 25.919 D_real: 0.011 D_fake: 1.231 
(epoch: 8, iters: 2400, time: 0.028, data: 0.002) G_GAN: 0.902 G_L1: 34.819 D_real: 0.003 D_fake: 1.059 
(epoch: 8, iters: 2420, time: 0.028, data: 0.002) G_GAN: 1.481 G_L1: 41.883 D_real: 0.001 D_fake: 1.125 
(epoch: 8, iters: 2440, time: 0.028, data: 0.002) G_GAN: 2.863 G_L1: 32.978 D_real: 0.008 D_fake: 0.080 
(epoch: 8, iters: 2460, time: 0.028, data: 0.003) G_GAN: 1.866 G_L1: 29.552 D_real: 0.056 D_fake: 0.222 
(epoch: 8, iters: 2480, time: 0.028, data: 0.002) G_GAN: 2.689 G_L1: 28.548 D_real: 0.013 D_fake: 0.086 
(epoch: 8, iters: 2500, time: 0.028, data: 0.002) G_GAN: 2.015 G_L1: 24.610 D_real: 0.033 D_fake: 0.362 
(epoch: 8, iters: 2520, time: 0.028, data: 0.003) G_GAN: 1.309 G_L1: 31.732 D_real: 0.023 D_fake: 0.181 
(epoch: 8, iters: 2540, time: 0.028, data: 0.003) G_GAN: 2.949 G_L1: 38.631 D_real: 0.191 D_fake: 0.041 
(epoch: 8, iters: 2560, time: 0.028, data: 0.003) G_GAN: 3.228 G_L1: 33.152 D_real: 0.056 D_fake: 0.050 
(epoch: 8, iters: 2580, time: 0.028, data: 0.002) G_GAN: 2.398 G_L1: 31.038 D_real: 0.779 D_fake: 0.027 
(epoch: 8, iters: 2600, time: 0.028, data: 0.002) G_GAN: 3.411 G_L1: 34.481 D_real: 0.060 D_fake: 0.068 
(epoch: 8, iters: 2620, time: 0.028, data: 0.002) G_GAN: 3.351 G_L1: 35.262 D_real: 0.019 D_fake: 0.042 
(epoch: 8, iters: 2640, time: 0.028, data: 0.002) G_GAN: 2.735 G_L1: 32.622 D_real: 0.391 D_fake: 0.033 
(epoch: 8, iters: 2660, time: 0.028, data: 0.002) G_GAN: 1.879 G_L1: 35.106 D_real: 0.005 D_fake: 0.292 
(epoch: 8, iters: 2680, time: 0.028, data: 0.002) G_GAN: 2.610 G_L1: 37.309 D_real: 0.309 D_fake: 0.113 
(epoch: 8, iters: 2700, time: 0.028, data: 0.003) G_GAN: 2.281 G_L1: 32.889 D_real: 0.024 D_fake: 0.622 
(epoch: 8, iters: 2720, time: 0.028, data: 0.002) G_GAN: 3.071 G_L1: 31.060 D_real: 0.026 D_fake: 0.052 
(epoch: 8, iters: 2740, time: 0.028, data: 0.002) G_GAN: 3.226 G_L1: 23.052 D_real: 0.595 D_fake: 0.036 
(epoch: 8, iters: 2760, time: 0.028, data: 0.002) G_GAN: 1.950 G_L1: 38.170 D_real: 0.498 D_fake: 0.126 
(epoch: 8, iters: 2780, time: 0.028, data: 0.002) G_GAN: 2.375 G_L1: 33.774 D_real: 0.146 D_fake: 0.276 
(epoch: 8, iters: 2800, time: 0.028, data: 0.003) G_GAN: 1.986 G_L1: 47.507 D_real: 0.000 D_fake: 0.150 
(epoch: 8, iters: 2820, time: 0.028, data: 0.002) G_GAN: 6.552 G_L1: 29.528 D_real: 0.286 D_fake: 0.001 
(epoch: 8, iters: 2840, time: 0.029, data: 0.002) G_GAN: 2.074 G_L1: 32.834 D_real: 0.006 D_fake: 0.823 
(epoch: 8, iters: 2860, time: 0.028, data: 0.002) G_GAN: 5.490 G_L1: 22.764 D_real: 1.716 D_fake: 0.002 
(epoch: 8, iters: 2880, time: 0.029, data: 0.003) G_GAN: 1.731 G_L1: 23.774 D_real: 0.298 D_fake: 0.126 
(epoch: 8, iters: 2900, time: 0.029, data: 0.002) G_GAN: 2.407 G_L1: 38.219 D_real: 0.003 D_fake: 0.204 
(epoch: 8, iters: 2920, time: 0.028, data: 0.002) G_GAN: 3.403 G_L1: 27.499 D_real: 0.035 D_fake: 0.026 
(epoch: 8, iters: 2940, time: 0.029, data: 0.003) G_GAN: 2.713 G_L1: 30.695 D_real: 4.363 D_fake: 0.022 
(epoch: 8, iters: 2960, time: 0.028, data: 0.002) G_GAN: 1.089 G_L1: 30.524 D_real: 0.219 D_fake: 0.536 
(epoch: 8, iters: 2980, time: 0.028, data: 0.002) G_GAN: 4.269 G_L1: 41.220 D_real: 0.048 D_fake: 0.022 
(epoch: 8, iters: 3000, time: 0.029, data: 0.002) G_GAN: 1.141 G_L1: 32.119 D_real: 0.027 D_fake: 0.657 
(epoch: 8, iters: 3020, time: 0.029, data: 0.002) G_GAN: 3.022 G_L1: 37.031 D_real: 0.245 D_fake: 0.047 
(epoch: 8, iters: 3040, time: 0.028, data: 0.002) G_GAN: 0.900 G_L1: 32.969 D_real: 0.006 D_fake: 1.642 
(epoch: 8, iters: 3060, time: 0.029, data: 0.002) G_GAN: 2.528 G_L1: 29.225 D_real: 0.261 D_fake: 0.098 
(epoch: 8, iters: 3080, time: 0.028, data: 0.002) G_GAN: 2.352 G_L1: 45.260 D_real: 0.001 D_fake: 0.624 
(epoch: 8, iters: 3100, time: 0.029, data: 0.002) G_GAN: 5.839 G_L1: 32.213 D_real: 0.093 D_fake: 0.003 
(epoch: 8, iters: 3120, time: 0.028, data: 0.003) G_GAN: 2.574 G_L1: 34.980 D_real: 0.015 D_fake: 0.117 
(epoch: 8, iters: 3140, time: 0.029, data: 0.002) G_GAN: 2.735 G_L1: 30.661 D_real: 0.000 D_fake: 0.085 
(epoch: 8, iters: 3160, time: 0.028, data: 0.002) G_GAN: 2.098 G_L1: 32.397 D_real: 0.056 D_fake: 0.215 
(epoch: 8, iters: 3180, time: 0.028, data: 0.002) G_GAN: 0.469 G_L1: 24.608 D_real: 2.485 D_fake: 0.372 
(epoch: 8, iters: 3200, time: 0.028, data: 0.003) G_GAN: 1.626 G_L1: 33.533 D_real: 0.081 D_fake: 0.737 
(epoch: 8, iters: 3220, time: 0.028, data: 0.003) G_GAN: 2.723 G_L1: 37.374 D_real: 0.751 D_fake: 0.052 
(epoch: 8, iters: 3240, time: 0.028, data: 0.002) G_GAN: 2.194 G_L1: 38.385 D_real: 0.028 D_fake: 0.254 
(epoch: 8, iters: 3260, time: 0.028, data: 0.002) G_GAN: 1.306 G_L1: 37.945 D_real: 0.357 D_fake: 0.437 
(epoch: 8, iters: 3280, time: 0.028, data: 0.002) G_GAN: 1.684 G_L1: 48.299 D_real: 0.000 D_fake: 0.223 
(epoch: 8, iters: 3300, time: 0.028, data: 0.002) G_GAN: 1.977 G_L1: 31.023 D_real: 0.004 D_fake: 0.347 
(epoch: 8, iters: 3320, time: 0.028, data: 0.002) G_GAN: 1.968 G_L1: 37.474 D_real: 0.028 D_fake: 0.192 
(epoch: 8, iters: 3340, time: 0.028, data: 0.002) G_GAN: 1.320 G_L1: 35.483 D_real: 0.078 D_fake: 0.704 
(epoch: 8, iters: 3360, time: 0.028, data: 0.002) G_GAN: 1.619 G_L1: 32.372 D_real: 0.566 D_fake: 0.094 
(epoch: 8, iters: 3380, time: 0.028, data: 0.002) G_GAN: 3.360 G_L1: 33.227 D_real: 0.572 D_fake: 0.020 
(epoch: 8, iters: 3400, time: 0.028, data: 0.002) G_GAN: 1.213 G_L1: 32.167 D_real: 0.000 D_fake: 0.375 
(epoch: 8, iters: 3420, time: 0.028, data: 0.003) G_GAN: 4.678 G_L1: 36.358 D_real: 0.008 D_fake: 0.013 
(epoch: 8, iters: 3440, time: 0.028, data: 0.003) G_GAN: 1.868 G_L1: 28.471 D_real: 0.035 D_fake: 0.230 
(epoch: 8, iters: 3460, time: 0.028, data: 0.003) G_GAN: 2.511 G_L1: 25.629 D_real: 0.859 D_fake: 0.042 
(epoch: 8, iters: 3480, time: 0.028, data: 0.002) G_GAN: 1.593 G_L1: 43.517 D_real: 0.000 D_fake: 1.260 
(epoch: 8, iters: 3500, time: 0.028, data: 0.002) G_GAN: 1.534 G_L1: 40.315 D_real: 0.001 D_fake: 2.317 
(epoch: 8, iters: 3520, time: 0.028, data: 0.003) G_GAN: 0.302 G_L1: 21.002 D_real: 1.221 D_fake: 0.773 
(epoch: 8, iters: 3540, time: 0.028, data: 0.002) G_GAN: 1.620 G_L1: 34.637 D_real: 2.059 D_fake: 0.057 
(epoch: 8, iters: 3560, time: 0.028, data: 0.002) G_GAN: 2.597 G_L1: 38.087 D_real: 0.531 D_fake: 0.053 
(epoch: 8, iters: 3580, time: 0.028, data: 0.002) G_GAN: 1.485 G_L1: 28.283 D_real: 0.064 D_fake: 1.033 
(epoch: 8, iters: 3600, time: 0.028, data: 0.002) G_GAN: 1.065 G_L1: 38.386 D_real: 0.633 D_fake: 0.205 
(epoch: 8, iters: 3620, time: 0.028, data: 0.002) G_GAN: 1.887 G_L1: 35.741 D_real: 0.518 D_fake: 0.236 
(epoch: 8, iters: 3640, time: 0.028, data: 0.002) G_GAN: 1.268 G_L1: 30.195 D_real: 0.327 D_fake: 0.533 
(epoch: 8, iters: 3660, time: 0.028, data: 0.002) G_GAN: 2.856 G_L1: 40.963 D_real: 0.080 D_fake: 0.066 
(epoch: 8, iters: 3680, time: 0.028, data: 0.002) G_GAN: 2.094 G_L1: 38.329 D_real: 0.013 D_fake: 0.218 
(epoch: 8, iters: 3700, time: 0.028, data: 0.002) G_GAN: 1.408 G_L1: 34.954 D_real: 0.039 D_fake: 0.588 
(epoch: 8, iters: 3720, time: 0.029, data: 0.002) G_GAN: 1.140 G_L1: 29.766 D_real: 3.021 D_fake: 0.198 
(epoch: 8, iters: 3740, time: 0.029, data: 0.002) G_GAN: 1.811 G_L1: 39.080 D_real: 0.026 D_fake: 0.982 
(epoch: 8, iters: 3760, time: 0.028, data: 0.002) G_GAN: 1.786 G_L1: 37.079 D_real: 0.463 D_fake: 0.081 
(epoch: 8, iters: 3780, time: 0.029, data: 0.002) G_GAN: 3.286 G_L1: 42.061 D_real: 0.064 D_fake: 0.042 
(epoch: 8, iters: 3800, time: 0.028, data: 0.002) G_GAN: 1.939 G_L1: 34.497 D_real: 0.113 D_fake: 0.243 
(epoch: 8, iters: 3820, time: 0.028, data: 0.002) G_GAN: 1.672 G_L1: 30.741 D_real: 0.004 D_fake: 0.702 
(epoch: 8, iters: 3840, time: 0.029, data: 0.002) G_GAN: 2.666 G_L1: 18.987 D_real: 1.868 D_fake: 0.022 
(epoch: 8, iters: 3860, time: 0.028, data: 0.002) G_GAN: 2.238 G_L1: 35.617 D_real: 0.002 D_fake: 0.309 
(epoch: 8, iters: 3880, time: 0.028, data: 0.002) G_GAN: 1.098 G_L1: 37.193 D_real: 0.006 D_fake: 1.091 
(epoch: 8, iters: 3900, time: 0.028, data: 0.002) G_GAN: 2.930 G_L1: 34.523 D_real: 0.008 D_fake: 0.063 
(epoch: 8, iters: 3920, time: 0.029, data: 0.003) G_GAN: 1.878 G_L1: 31.062 D_real: 1.758 D_fake: 0.020 
(epoch: 8, iters: 3940, time: 0.029, data: 0.002) G_GAN: 1.909 G_L1: 31.528 D_real: 0.077 D_fake: 0.217 
(epoch: 8, iters: 3960, time: 0.028, data: 0.002) G_GAN: 3.263 G_L1: 49.446 D_real: 0.006 D_fake: 0.053 
(epoch: 8, iters: 3980, time: 0.028, data: 0.002) G_GAN: 2.694 G_L1: 37.272 D_real: 0.057 D_fake: 0.077 
(epoch: 8, iters: 4000, time: 0.028, data: 0.003) G_GAN: 1.686 G_L1: 33.504 D_real: 0.092 D_fake: 0.277 
(epoch: 8, iters: 4020, time: 0.028, data: 0.003) G_GAN: 2.263 G_L1: 31.295 D_real: 0.040 D_fake: 0.309 
(epoch: 8, iters: 4040, time: 0.028, data: 0.002) G_GAN: 0.728 G_L1: 31.654 D_real: 1.386 D_fake: 1.245 
(epoch: 8, iters: 4060, time: 0.028, data: 0.003) G_GAN: 2.910 G_L1: 48.270 D_real: 0.012 D_fake: 0.102 
(epoch: 8, iters: 4080, time: 0.028, data: 0.002) G_GAN: 0.359 G_L1: 31.198 D_real: 1.451 D_fake: 0.915 
(epoch: 8, iters: 4100, time: 0.044, data: 0.003) G_GAN: 2.729 G_L1: 29.190 D_real: 0.003 D_fake: 0.057 
(epoch: 8, iters: 4120, time: 0.028, data: 0.002) G_GAN: 1.524 G_L1: 32.136 D_real: 0.057 D_fake: 0.416 
(epoch: 8, iters: 4140, time: 0.028, data: 0.003) G_GAN: 1.814 G_L1: 31.812 D_real: 0.278 D_fake: 0.206 
(epoch: 8, iters: 4160, time: 0.029, data: 0.003) G_GAN: 3.130 G_L1: 33.384 D_real: 0.012 D_fake: 0.077 
(epoch: 8, iters: 4180, time: 0.028, data: 0.002) G_GAN: 2.085 G_L1: 33.036 D_real: 0.006 D_fake: 0.567 
(epoch: 8, iters: 4200, time: 0.028, data: 0.003) G_GAN: 1.456 G_L1: 31.518 D_real: 1.807 D_fake: 0.179 
(epoch: 8, iters: 4220, time: 0.028, data: 0.002) G_GAN: 2.774 G_L1: 28.911 D_real: 0.117 D_fake: 0.115 
(epoch: 8, iters: 4240, time: 0.028, data: 0.003) G_GAN: 2.225 G_L1: 25.596 D_real: 0.276 D_fake: 0.128 
(epoch: 8, iters: 4260, time: 0.028, data: 0.002) G_GAN: 2.520 G_L1: 26.630 D_real: 0.124 D_fake: 0.131 
(epoch: 8, iters: 4280, time: 0.028, data: 0.003) G_GAN: 1.018 G_L1: 30.977 D_real: 1.228 D_fake: 0.162 
(epoch: 8, iters: 4300, time: 0.028, data: 0.003) G_GAN: 1.792 G_L1: 30.592 D_real: 0.001 D_fake: 0.312 
(epoch: 8, iters: 4320, time: 0.028, data: 0.003) G_GAN: 3.996 G_L1: 48.268 D_real: 0.000 D_fake: 0.021 
(epoch: 8, iters: 4340, time: 0.028, data: 0.002) G_GAN: 2.509 G_L1: 37.031 D_real: 0.001 D_fake: 0.097 
(epoch: 8, iters: 4360, time: 0.029, data: 0.002) G_GAN: 2.543 G_L1: 21.644 D_real: 0.338 D_fake: 0.054 
(epoch: 8, iters: 4380, time: 0.029, data: 0.002) G_GAN: 2.458 G_L1: 37.580 D_real: 0.027 D_fake: 0.137 
(epoch: 8, iters: 4400, time: 0.029, data: 0.002) G_GAN: 1.607 G_L1: 29.434 D_real: 0.086 D_fake: 0.704 
(epoch: 8, iters: 4420, time: 0.029, data: 0.002) G_GAN: 1.209 G_L1: 20.051 D_real: 0.392 D_fake: 0.269 
(epoch: 8, iters: 4440, time: 0.029, data: 0.003) G_GAN: 2.491 G_L1: 31.583 D_real: 0.593 D_fake: 0.063 
(epoch: 8, iters: 4460, time: 0.028, data: 0.002) G_GAN: 1.527 G_L1: 44.980 D_real: 0.001 D_fake: 0.463 
(epoch: 8, iters: 4480, time: 0.029, data: 0.002) G_GAN: 0.873 G_L1: 28.340 D_real: 2.570 D_fake: 0.096 
(epoch: 8, iters: 4500, time: 0.029, data: 0.002) G_GAN: 2.246 G_L1: 30.668 D_real: 0.820 D_fake: 0.081 
(epoch: 8, iters: 4520, time: 0.029, data: 0.002) G_GAN: 3.299 G_L1: 39.513 D_real: 0.045 D_fake: 0.055 
(epoch: 8, iters: 4540, time: 0.028, data: 0.003) G_GAN: 1.928 G_L1: 34.517 D_real: 0.059 D_fake: 0.247 
(epoch: 8, iters: 4560, time: 0.028, data: 0.003) G_GAN: 1.844 G_L1: 29.738 D_real: 0.017 D_fake: 0.875 
(epoch: 8, iters: 4580, time: 0.029, data: 0.002) G_GAN: 2.341 G_L1: 30.994 D_real: 0.192 D_fake: 0.197 
(epoch: 8, iters: 4600, time: 0.028, data: 0.002) G_GAN: 2.481 G_L1: 32.833 D_real: 0.001 D_fake: 0.096 
(epoch: 8, iters: 4620, time: 0.028, data: 0.002) G_GAN: 1.407 G_L1: 24.679 D_real: 0.200 D_fake: 0.446 
(epoch: 8, iters: 4640, time: 0.028, data: 0.003) G_GAN: 2.460 G_L1: 30.039 D_real: 0.444 D_fake: 0.060 
(epoch: 8, iters: 4660, time: 0.028, data: 0.002) G_GAN: 2.485 G_L1: 27.883 D_real: 0.011 D_fake: 0.125 
(epoch: 8, iters: 4680, time: 0.028, data: 0.002) G_GAN: 2.053 G_L1: 34.834 D_real: 0.014 D_fake: 0.168 
(epoch: 8, iters: 4700, time: 0.028, data: 0.003) G_GAN: 1.714 G_L1: 31.174 D_real: 0.006 D_fake: 0.452 
(epoch: 8, iters: 4720, time: 0.028, data: 0.003) G_GAN: 2.326 G_L1: 37.366 D_real: 0.002 D_fake: 0.130 
(epoch: 8, iters: 4740, time: 0.028, data: 0.002) G_GAN: 0.426 G_L1: 24.181 D_real: 0.646 D_fake: 1.146 
(epoch: 8, iters: 4760, time: 0.028, data: 0.002) G_GAN: 1.626 G_L1: 28.241 D_real: 0.092 D_fake: 0.673 
(epoch: 8, iters: 4780, time: 0.028, data: 0.003) G_GAN: 1.234 G_L1: 41.925 D_real: 0.010 D_fake: 0.734 
(epoch: 8, iters: 4800, time: 0.028, data: 0.002) G_GAN: 1.622 G_L1: 43.549 D_real: 0.001 D_fake: 0.479 
(epoch: 8, iters: 4820, time: 0.028, data: 0.002) G_GAN: 4.114 G_L1: 34.035 D_real: 0.076 D_fake: 0.014 
(epoch: 8, iters: 4840, time: 0.028, data: 0.002) G_GAN: 2.513 G_L1: 47.819 D_real: 0.002 D_fake: 0.149 
(epoch: 8, iters: 4860, time: 0.028, data: 0.002) G_GAN: 2.305 G_L1: 24.307 D_real: 0.009 D_fake: 1.145 
(epoch: 8, iters: 4880, time: 0.029, data: 0.003) G_GAN: 1.288 G_L1: 32.581 D_real: 0.648 D_fake: 0.232 
(epoch: 8, iters: 4900, time: 0.028, data: 0.003) G_GAN: 0.519 G_L1: 25.210 D_real: 2.038 D_fake: 0.264 
(epoch: 8, iters: 4920, time: 0.028, data: 0.002) G_GAN: 2.476 G_L1: 29.381 D_real: 0.316 D_fake: 0.111 
(epoch: 8, iters: 4940, time: 0.029, data: 0.002) G_GAN: 1.699 G_L1: 28.966 D_real: 2.233 D_fake: 0.045 
(epoch: 8, iters: 4960, time: 0.028, data: 0.002) G_GAN: 2.014 G_L1: 36.362 D_real: 0.397 D_fake: 0.130 
(epoch: 8, iters: 4980, time: 0.028, data: 0.002) G_GAN: 1.947 G_L1: 39.448 D_real: 0.004 D_fake: 0.323 
(epoch: 8, iters: 5000, time: 0.028, data: 0.002) G_GAN: 3.603 G_L1: 34.311 D_real: 0.312 D_fake: 0.022 
(epoch: 8, iters: 5020, time: 0.028, data: 0.002) G_GAN: 2.025 G_L1: 42.341 D_real: 0.000 D_fake: 0.123 
(epoch: 8, iters: 5040, time: 0.028, data: 0.002) G_GAN: 2.574 G_L1: 31.009 D_real: 0.061 D_fake: 0.126 
(epoch: 8, iters: 5060, time: 0.028, data: 0.003) G_GAN: 1.655 G_L1: 40.279 D_real: 0.013 D_fake: 0.405 
(epoch: 8, iters: 5080, time: 0.028, data: 0.002) G_GAN: 2.540 G_L1: 31.768 D_real: 0.117 D_fake: 0.105 
(epoch: 8, iters: 5100, time: 0.028, data: 0.003) G_GAN: 3.620 G_L1: 34.063 D_real: 0.153 D_fake: 0.032 
(epoch: 8, iters: 5120, time: 0.029, data: 0.002) G_GAN: 1.126 G_L1: 40.221 D_real: 0.001 D_fake: 0.403 
(epoch: 8, iters: 5140, time: 0.028, data: 0.004) G_GAN: 0.308 G_L1: 33.748 D_real: 2.624 D_fake: 0.340 
(epoch: 8, iters: 5160, time: 0.028, data: 0.002) G_GAN: 3.819 G_L1: 29.682 D_real: 0.201 D_fake: 0.026 
(epoch: 8, iters: 5180, time: 0.028, data: 0.003) G_GAN: 1.035 G_L1: 21.034 D_real: 1.525 D_fake: 0.169 
(epoch: 8, iters: 5200, time: 0.028, data: 0.002) G_GAN: 1.692 G_L1: 30.129 D_real: 0.967 D_fake: 0.067 
(epoch: 8, iters: 5220, time: 0.028, data: 0.002) G_GAN: 1.290 G_L1: 27.735 D_real: 1.793 D_fake: 0.130 
(epoch: 8, iters: 5240, time: 0.028, data: 0.002) G_GAN: 2.405 G_L1: 40.923 D_real: 0.001 D_fake: 0.101 
(epoch: 8, iters: 5260, time: 0.028, data: 0.003) G_GAN: 2.442 G_L1: 34.680 D_real: 0.029 D_fake: 0.110 
(epoch: 8, iters: 5280, time: 0.028, data: 0.002) G_GAN: 2.000 G_L1: 41.417 D_real: 0.008 D_fake: 0.223 
(epoch: 8, iters: 5300, time: 0.028, data: 0.002) G_GAN: 4.117 G_L1: 33.010 D_real: 0.064 D_fake: 0.018 
(epoch: 8, iters: 5320, time: 0.028, data: 0.002) G_GAN: 2.106 G_L1: 35.765 D_real: 0.699 D_fake: 0.085 
(epoch: 8, iters: 5340, time: 0.028, data: 0.003) G_GAN: 2.133 G_L1: 38.572 D_real: 0.001 D_fake: 0.286 
(epoch: 8, iters: 5360, time: 0.028, data: 0.002) G_GAN: 3.187 G_L1: 33.178 D_real: 0.084 D_fake: 0.113 
(epoch: 8, iters: 5380, time: 0.028, data: 0.002) G_GAN: 4.212 G_L1: 38.368 D_real: 0.024 D_fake: 0.030 
(epoch: 8, iters: 5400, time: 0.028, data: 0.002) G_GAN: 2.328 G_L1: 28.413 D_real: 0.061 D_fake: 0.345 
(epoch: 8, iters: 5420, time: 0.028, data: 0.003) G_GAN: 0.670 G_L1: 27.107 D_real: 2.543 D_fake: 0.573 
(epoch: 8, iters: 5440, time: 0.028, data: 0.002) G_GAN: 3.073 G_L1: 30.407 D_real: 0.130 D_fake: 0.074 
(epoch: 8, iters: 5460, time: 0.029, data: 0.002) G_GAN: 1.424 G_L1: 40.903 D_real: 0.000 D_fake: 0.422 
(epoch: 8, iters: 5480, time: 0.028, data: 0.002) G_GAN: 1.481 G_L1: 28.770 D_real: 0.772 D_fake: 0.085 
(epoch: 8, iters: 5500, time: 0.028, data: 0.003) G_GAN: 3.251 G_L1: 34.835 D_real: 0.145 D_fake: 0.048 
(epoch: 8, iters: 5520, time: 0.028, data: 0.003) G_GAN: 1.226 G_L1: 33.036 D_real: 0.007 D_fake: 0.469 
(epoch: 8, iters: 5540, time: 0.028, data: 0.003) G_GAN: 1.938 G_L1: 25.256 D_real: 2.345 D_fake: 0.050 
(epoch: 8, iters: 5560, time: 0.028, data: 0.003) G_GAN: 2.318 G_L1: 26.576 D_real: 0.319 D_fake: 0.155 
(epoch: 8, iters: 5580, time: 0.021, data: 0.002) G_GAN: 2.214 G_L1: 60.386 D_real: 0.000 D_fake: 1.167 
saving the model at the end of epoch 8, iters 33480
End of epoch 8 / 20      Time Taken: 90 sec
learning rate 0.0001000 -> 0.0001000
(epoch: 9, iters: 20, time: 0.027, data: 0.336) G_GAN: 2.746 G_L1: 32.987 D_real: 0.187 D_fake: 0.075 
(epoch: 9, iters: 40, time: 0.028, data: 0.003) G_GAN: 0.761 G_L1: 20.324 D_real: 0.707 D_fake: 0.279 
(epoch: 9, iters: 60, time: 0.029, data: 0.003) G_GAN: 3.436 G_L1: 42.311 D_real: 0.000 D_fake: 0.053 
(epoch: 9, iters: 80, time: 0.027, data: 0.003) G_GAN: 1.705 G_L1: 27.396 D_real: 0.091 D_fake: 0.330 
(epoch: 9, iters: 100, time: 0.028, data: 0.003) G_GAN: 2.933 G_L1: 30.322 D_real: 0.002 D_fake: 0.072 
(epoch: 9, iters: 120, time: 0.041, data: 0.002) G_GAN: 2.561 G_L1: 46.093 D_real: 0.000 D_fake: 0.130 
(epoch: 9, iters: 140, time: 0.028, data: 0.002) G_GAN: 0.530 G_L1: 25.182 D_real: 2.199 D_fake: 0.550 
(epoch: 9, iters: 160, time: 0.028, data: 0.003) G_GAN: 1.897 G_L1: 33.096 D_real: 0.058 D_fake: 0.316 
(epoch: 9, iters: 180, time: 0.029, data: 0.002) G_GAN: 3.103 G_L1: 33.598 D_real: 0.023 D_fake: 0.062 
(epoch: 9, iters: 200, time: 0.028, data: 0.002) G_GAN: 2.325 G_L1: 35.485 D_real: 0.003 D_fake: 0.243 
(epoch: 9, iters: 220, time: 0.028, data: 0.003) G_GAN: 0.676 G_L1: 29.450 D_real: 0.957 D_fake: 0.583 
(epoch: 9, iters: 240, time: 0.029, data: 0.002) G_GAN: 2.170 G_L1: 24.939 D_real: 0.134 D_fake: 0.177 
(epoch: 9, iters: 260, time: 0.028, data: 0.003) G_GAN: 1.934 G_L1: 36.861 D_real: 0.800 D_fake: 0.070 
(epoch: 9, iters: 280, time: 0.028, data: 0.003) G_GAN: 3.204 G_L1: 33.762 D_real: 0.009 D_fake: 0.114 
(epoch: 9, iters: 300, time: 0.028, data: 0.002) G_GAN: 1.452 G_L1: 32.195 D_real: 0.131 D_fake: 0.222 
(epoch: 9, iters: 320, time: 0.028, data: 0.003) G_GAN: 1.077 G_L1: 38.373 D_real: 0.016 D_fake: 0.868 
(epoch: 9, iters: 340, time: 0.028, data: 0.002) G_GAN: 1.382 G_L1: 47.905 D_real: 0.000 D_fake: 0.553 
(epoch: 9, iters: 360, time: 0.028, data: 0.003) G_GAN: 1.176 G_L1: 34.262 D_real: 0.968 D_fake: 0.127 
(epoch: 9, iters: 380, time: 0.028, data: 0.002) G_GAN: 1.205 G_L1: 37.707 D_real: 0.001 D_fake: 0.566 
(epoch: 9, iters: 400, time: 0.028, data: 0.003) G_GAN: 1.667 G_L1: 27.600 D_real: 0.184 D_fake: 0.145 
(epoch: 9, iters: 420, time: 0.028, data: 0.002) G_GAN: 1.945 G_L1: 25.836 D_real: 0.373 D_fake: 0.176 
(epoch: 9, iters: 440, time: 0.028, data: 0.002) G_GAN: 2.429 G_L1: 23.901 D_real: 0.164 D_fake: 0.159 
(epoch: 9, iters: 460, time: 0.028, data: 0.002) G_GAN: 1.764 G_L1: 34.300 D_real: 1.304 D_fake: 0.060 
(epoch: 9, iters: 480, time: 0.028, data: 0.002) G_GAN: 2.654 G_L1: 28.585 D_real: 0.298 D_fake: 0.063 
(epoch: 9, iters: 500, time: 0.028, data: 0.003) G_GAN: 2.365 G_L1: 46.979 D_real: 0.000 D_fake: 0.290 
(epoch: 9, iters: 520, time: 0.042, data: 0.002) G_GAN: 1.279 G_L1: 27.088 D_real: 1.335 D_fake: 0.178 
(epoch: 9, iters: 540, time: 0.028, data: 0.003) G_GAN: 3.261 G_L1: 23.382 D_real: 0.552 D_fake: 0.035 
(epoch: 9, iters: 560, time: 0.028, data: 0.002) G_GAN: 2.199 G_L1: 35.576 D_real: 0.002 D_fake: 0.172 
(epoch: 9, iters: 580, time: 0.029, data: 0.002) G_GAN: 1.236 G_L1: 32.420 D_real: 0.003 D_fake: 1.256 
(epoch: 9, iters: 600, time: 0.028, data: 0.002) G_GAN: 2.430 G_L1: 34.299 D_real: 0.067 D_fake: 0.123 
(epoch: 9, iters: 620, time: 0.028, data: 0.003) G_GAN: 2.973 G_L1: 41.995 D_real: 0.001 D_fake: 0.059 
(epoch: 9, iters: 640, time: 0.028, data: 0.002) G_GAN: 3.383 G_L1: 22.384 D_real: 1.028 D_fake: 0.020 
(epoch: 9, iters: 660, time: 0.028, data: 0.002) G_GAN: 1.865 G_L1: 24.291 D_real: 0.089 D_fake: 0.325 
(epoch: 9, iters: 680, time: 0.028, data: 0.002) G_GAN: 1.152 G_L1: 34.454 D_real: 1.171 D_fake: 0.153 
(epoch: 9, iters: 700, time: 0.028, data: 0.003) G_GAN: 3.387 G_L1: 34.680 D_real: 0.811 D_fake: 0.014 
(epoch: 9, iters: 720, time: 0.028, data: 0.002) G_GAN: 1.472 G_L1: 25.437 D_real: 1.443 D_fake: 0.105 
(epoch: 9, iters: 740, time: 0.028, data: 0.003) G_GAN: 3.260 G_L1: 34.966 D_real: 0.587 D_fake: 0.044 
(epoch: 9, iters: 760, time: 0.028, data: 0.002) G_GAN: 1.874 G_L1: 43.434 D_real: 0.001 D_fake: 0.515 
(epoch: 9, iters: 780, time: 0.029, data: 0.002) G_GAN: 2.067 G_L1: 30.657 D_real: 0.005 D_fake: 0.667 
(epoch: 9, iters: 800, time: 0.028, data: 0.002) G_GAN: 0.753 G_L1: 30.071 D_real: 2.973 D_fake: 0.522 
(epoch: 9, iters: 820, time: 0.028, data: 0.003) G_GAN: 1.964 G_L1: 30.955 D_real: 0.804 D_fake: 0.043 
(epoch: 9, iters: 840, time: 0.029, data: 0.002) G_GAN: 2.379 G_L1: 37.916 D_real: 0.002 D_fake: 0.210 
(epoch: 9, iters: 860, time: 0.028, data: 0.002) G_GAN: 5.567 G_L1: 43.781 D_real: 0.001 D_fake: 0.006 
(epoch: 9, iters: 880, time: 0.028, data: 0.003) G_GAN: 2.193 G_L1: 31.101 D_real: 0.026 D_fake: 0.171 
(epoch: 9, iters: 900, time: 0.028, data: 0.002) G_GAN: 2.846 G_L1: 37.006 D_real: 0.002 D_fake: 0.076 
(epoch: 9, iters: 920, time: 0.028, data: 0.003) G_GAN: 2.676 G_L1: 21.975 D_real: 0.035 D_fake: 1.053 
(epoch: 9, iters: 940, time: 0.028, data: 0.002) G_GAN: 1.350 G_L1: 37.092 D_real: 0.367 D_fake: 0.280 
(epoch: 9, iters: 960, time: 0.028, data: 0.003) G_GAN: 2.384 G_L1: 41.910 D_real: 0.004 D_fake: 0.125 
(epoch: 9, iters: 980, time: 0.028, data: 0.002) G_GAN: 1.777 G_L1: 35.741 D_real: 0.001 D_fake: 0.411 
(epoch: 9, iters: 1000, time: 0.028, data: 0.003) G_GAN: 2.514 G_L1: 37.028 D_real: 0.005 D_fake: 0.139 
(epoch: 9, iters: 1020, time: 0.028, data: 0.003) G_GAN: 1.869 G_L1: 21.549 D_real: 2.017 D_fake: 0.077 
(epoch: 9, iters: 1040, time: 0.028, data: 0.003) G_GAN: 2.222 G_L1: 31.910 D_real: 0.009 D_fake: 0.234 
(epoch: 9, iters: 1060, time: 0.028, data: 0.003) G_GAN: 0.914 G_L1: 29.467 D_real: 0.675 D_fake: 0.265 
(epoch: 9, iters: 1080, time: 0.028, data: 0.003) G_GAN: 1.664 G_L1: 21.628 D_real: 1.120 D_fake: 0.117 
(epoch: 9, iters: 1100, time: 0.029, data: 0.003) G_GAN: 1.745 G_L1: 43.158 D_real: 0.000 D_fake: 0.659 
(epoch: 9, iters: 1120, time: 0.028, data: 0.003) G_GAN: 1.478 G_L1: 31.660 D_real: 1.068 D_fake: 0.095 
(epoch: 9, iters: 1140, time: 0.028, data: 0.003) G_GAN: 1.186 G_L1: 32.470 D_real: 0.164 D_fake: 0.879 
(epoch: 9, iters: 1160, time: 0.028, data: 0.003) G_GAN: 3.462 G_L1: 36.634 D_real: 0.022 D_fake: 0.031 
(epoch: 9, iters: 1180, time: 0.028, data: 0.002) G_GAN: 1.887 G_L1: 30.609 D_real: 0.010 D_fake: 2.130 
(epoch: 9, iters: 1200, time: 0.028, data: 0.003) G_GAN: 2.667 G_L1: 37.321 D_real: 0.104 D_fake: 0.057 
(epoch: 9, iters: 1220, time: 0.028, data: 0.003) G_GAN: 2.415 G_L1: 34.297 D_real: 0.003 D_fake: 0.127 
(epoch: 9, iters: 1240, time: 0.028, data: 0.002) G_GAN: 1.204 G_L1: 27.036 D_real: 0.544 D_fake: 1.260 
(epoch: 9, iters: 1260, time: 0.028, data: 0.002) G_GAN: 2.366 G_L1: 40.977 D_real: 0.002 D_fake: 0.159 
(epoch: 9, iters: 1280, time: 0.028, data: 0.003) G_GAN: 1.632 G_L1: 37.771 D_real: 0.011 D_fake: 0.651 
(epoch: 9, iters: 1300, time: 0.028, data: 0.002) G_GAN: 2.679 G_L1: 35.134 D_real: 0.045 D_fake: 0.078 
(epoch: 9, iters: 1320, time: 0.028, data: 0.002) G_GAN: 3.255 G_L1: 30.336 D_real: 0.074 D_fake: 0.044 
(epoch: 9, iters: 1340, time: 0.028, data: 0.002) G_GAN: 2.172 G_L1: 30.365 D_real: 0.062 D_fake: 0.139 
(epoch: 9, iters: 1360, time: 0.028, data: 0.003) G_GAN: 2.610 G_L1: 35.266 D_real: 0.025 D_fake: 0.137 
(epoch: 9, iters: 1380, time: 0.028, data: 0.003) G_GAN: 1.858 G_L1: 34.563 D_real: 0.001 D_fake: 0.541 
(epoch: 9, iters: 1400, time: 0.028, data: 0.003) G_GAN: 2.498 G_L1: 32.535 D_real: 0.047 D_fake: 0.065 
(epoch: 9, iters: 1420, time: 0.028, data: 0.002) G_GAN: 1.952 G_L1: 31.370 D_real: 1.733 D_fake: 0.040 
(epoch: 9, iters: 1440, time: 0.028, data: 0.003) G_GAN: 1.514 G_L1: 30.544 D_real: 0.031 D_fake: 0.673 
(epoch: 9, iters: 1460, time: 0.028, data: 0.003) G_GAN: 1.199 G_L1: 21.776 D_real: 2.694 D_fake: 0.097 
(epoch: 9, iters: 1480, time: 0.028, data: 0.002) G_GAN: 0.929 G_L1: 28.141 D_real: 0.230 D_fake: 0.503 
(epoch: 9, iters: 1500, time: 0.028, data: 0.002) G_GAN: 1.616 G_L1: 30.449 D_real: 0.353 D_fake: 0.156 
(epoch: 9, iters: 1520, time: 0.028, data: 0.003) G_GAN: 2.437 G_L1: 36.179 D_real: 0.008 D_fake: 0.121 
saving the latest model (epoch 9, total_iters 35000)
(epoch: 9, iters: 1540, time: 0.028, data: 0.003) G_GAN: 2.087 G_L1: 32.766 D_real: 0.007 D_fake: 0.265 
(epoch: 9, iters: 1560, time: 0.028, data: 0.003) G_GAN: 1.242 G_L1: 25.030 D_real: 0.223 D_fake: 0.335 
(epoch: 9, iters: 1580, time: 0.029, data: 0.003) G_GAN: 2.958 G_L1: 35.104 D_real: 0.079 D_fake: 0.087 
(epoch: 9, iters: 1600, time: 0.028, data: 0.003) G_GAN: 1.750 G_L1: 39.145 D_real: 0.001 D_fake: 0.261 
(epoch: 9, iters: 1620, time: 0.028, data: 0.002) G_GAN: 2.032 G_L1: 33.439 D_real: 1.087 D_fake: 0.037 
(epoch: 9, iters: 1640, time: 0.028, data: 0.002) G_GAN: 1.153 G_L1: 33.969 D_real: 1.195 D_fake: 0.299 
(epoch: 9, iters: 1660, time: 0.028, data: 0.003) G_GAN: 2.664 G_L1: 34.844 D_real: 0.078 D_fake: 0.597 
(epoch: 9, iters: 1680, time: 0.029, data: 0.002) G_GAN: 2.570 G_L1: 28.206 D_real: 0.609 D_fake: 0.030 
(epoch: 9, iters: 1700, time: 0.028, data: 0.002) G_GAN: 1.576 G_L1: 42.549 D_real: 0.005 D_fake: 0.237 
(epoch: 9, iters: 1720, time: 0.028, data: 0.002) G_GAN: 1.631 G_L1: 36.794 D_real: 0.027 D_fake: 0.685 
(epoch: 9, iters: 1740, time: 0.029, data: 0.003) G_GAN: 2.070 G_L1: 45.300 D_real: 0.008 D_fake: 0.194 
(epoch: 9, iters: 1760, time: 0.028, data: 0.002) G_GAN: 2.536 G_L1: 35.424 D_real: 0.018 D_fake: 0.085 
(epoch: 9, iters: 1780, time: 0.028, data: 0.002) G_GAN: 1.556 G_L1: 28.329 D_real: 0.009 D_fake: 1.510 
(epoch: 9, iters: 1800, time: 0.029, data: 0.002) G_GAN: 2.132 G_L1: 38.444 D_real: 0.003 D_fake: 0.073 
(epoch: 9, iters: 1820, time: 0.028, data: 0.002) G_GAN: 2.579 G_L1: 33.536 D_real: 0.006 D_fake: 0.164 
(epoch: 9, iters: 1840, time: 0.029, data: 0.002) G_GAN: 2.359 G_L1: 41.471 D_real: 0.088 D_fake: 0.137 
(epoch: 9, iters: 1860, time: 0.028, data: 0.002) G_GAN: 2.244 G_L1: 39.210 D_real: 0.011 D_fake: 0.225 
(epoch: 9, iters: 1880, time: 0.028, data: 0.002) G_GAN: 1.600 G_L1: 31.328 D_real: 0.042 D_fake: 0.216 
(epoch: 9, iters: 1900, time: 0.028, data: 0.002) G_GAN: 2.846 G_L1: 38.073 D_real: 0.001 D_fake: 0.058 
(epoch: 9, iters: 1920, time: 0.028, data: 0.003) G_GAN: 3.716 G_L1: 31.483 D_real: 0.075 D_fake: 0.047 
(epoch: 9, iters: 1940, time: 0.028, data: 0.003) G_GAN: 1.158 G_L1: 23.156 D_real: 2.138 D_fake: 0.122 
(epoch: 9, iters: 1960, time: 0.028, data: 0.002) G_GAN: 1.852 G_L1: 38.818 D_real: 0.009 D_fake: 0.215 
(epoch: 9, iters: 1980, time: 0.029, data: 0.002) G_GAN: 3.762 G_L1: 38.316 D_real: 0.340 D_fake: 0.027 
(epoch: 9, iters: 2000, time: 0.028, data: 0.003) G_GAN: 0.986 G_L1: 34.270 D_real: 0.003 D_fake: 1.127 
(epoch: 9, iters: 2020, time: 0.028, data: 0.003) G_GAN: 1.598 G_L1: 42.296 D_real: 0.118 D_fake: 0.489 
(epoch: 9, iters: 2040, time: 0.028, data: 0.002) G_GAN: 1.839 G_L1: 36.463 D_real: 0.000 D_fake: 0.833 
(epoch: 9, iters: 2060, time: 0.029, data: 0.002) G_GAN: 1.602 G_L1: 46.558 D_real: 0.000 D_fake: 0.538 
(epoch: 9, iters: 2080, time: 0.028, data: 0.002) G_GAN: 1.513 G_L1: 35.518 D_real: 0.003 D_fake: 0.721 
(epoch: 9, iters: 2100, time: 0.028, data: 0.002) G_GAN: 2.812 G_L1: 35.616 D_real: 0.021 D_fake: 0.092 
(epoch: 9, iters: 2120, time: 0.028, data: 0.002) G_GAN: 1.683 G_L1: 29.183 D_real: 0.542 D_fake: 0.198 
(epoch: 9, iters: 2140, time: 0.028, data: 0.002) G_GAN: 2.922 G_L1: 37.816 D_real: 0.003 D_fake: 0.055 
(epoch: 9, iters: 2160, time: 0.028, data: 0.003) G_GAN: 2.924 G_L1: 27.551 D_real: 0.163 D_fake: 0.071 
(epoch: 9, iters: 2180, time: 0.028, data: 0.002) G_GAN: 1.547 G_L1: 24.167 D_real: 4.541 D_fake: 0.084 
(epoch: 9, iters: 2200, time: 0.028, data: 0.002) G_GAN: 5.106 G_L1: 36.129 D_real: 0.084 D_fake: 0.008 
(epoch: 9, iters: 2220, time: 0.028, data: 0.002) G_GAN: 0.603 G_L1: 23.521 D_real: 0.697 D_fake: 0.728 
(epoch: 9, iters: 2240, time: 0.028, data: 0.003) G_GAN: 3.180 G_L1: 34.501 D_real: 0.206 D_fake: 0.045 
(epoch: 9, iters: 2260, time: 0.028, data: 0.002) G_GAN: 1.706 G_L1: 35.482 D_real: 0.138 D_fake: 0.161 
(epoch: 9, iters: 2280, time: 0.028, data: 0.003) G_GAN: 2.024 G_L1: 32.269 D_real: 0.018 D_fake: 0.247 
(epoch: 9, iters: 2300, time: 0.028, data: 0.002) G_GAN: 2.504 G_L1: 28.337 D_real: 0.923 D_fake: 0.053 
(epoch: 9, iters: 2320, time: 0.028, data: 0.003) G_GAN: 2.327 G_L1: 41.437 D_real: 0.000 D_fake: 0.160 
(epoch: 9, iters: 2340, time: 0.028, data: 0.003) G_GAN: 1.796 G_L1: 26.729 D_real: 0.219 D_fake: 0.330 
(epoch: 9, iters: 2360, time: 0.028, data: 0.003) G_GAN: 3.857 G_L1: 38.991 D_real: 0.002 D_fake: 0.025 
(epoch: 9, iters: 2380, time: 0.028, data: 0.003) G_GAN: 2.367 G_L1: 40.241 D_real: 0.100 D_fake: 0.350 
(epoch: 9, iters: 2400, time: 0.028, data: 0.003) G_GAN: 1.406 G_L1: 34.525 D_real: 0.011 D_fake: 1.406 
(epoch: 9, iters: 2420, time: 0.028, data: 0.002) G_GAN: 1.884 G_L1: 41.879 D_real: 0.027 D_fake: 0.147 
(epoch: 9, iters: 2440, time: 0.028, data: 0.003) G_GAN: 2.196 G_L1: 39.540 D_real: 0.320 D_fake: 0.057 
(epoch: 9, iters: 2460, time: 0.028, data: 0.002) G_GAN: 1.182 G_L1: 36.600 D_real: 1.010 D_fake: 0.157 
(epoch: 9, iters: 2480, time: 0.028, data: 0.003) G_GAN: 2.163 G_L1: 27.122 D_real: 0.357 D_fake: 0.125 
(epoch: 9, iters: 2500, time: 0.028, data: 0.002) G_GAN: 2.016 G_L1: 39.039 D_real: 0.032 D_fake: 0.425 
(epoch: 9, iters: 2520, time: 0.041, data: 0.002) G_GAN: 1.510 G_L1: 37.725 D_real: 0.004 D_fake: 0.448 
(epoch: 9, iters: 2540, time: 0.028, data: 0.002) G_GAN: 0.861 G_L1: 27.296 D_real: 1.878 D_fake: 0.162 
(epoch: 9, iters: 2560, time: 0.028, data: 0.004) G_GAN: 3.256 G_L1: 36.073 D_real: 0.020 D_fake: 0.070 
(epoch: 9, iters: 2580, time: 0.029, data: 0.002) G_GAN: 2.221 G_L1: 43.490 D_real: 0.003 D_fake: 0.417 
(epoch: 9, iters: 2600, time: 0.028, data: 0.002) G_GAN: 0.934 G_L1: 31.396 D_real: 0.313 D_fake: 0.544 
(epoch: 9, iters: 2620, time: 0.028, data: 0.002) G_GAN: 3.910 G_L1: 35.404 D_real: 0.704 D_fake: 0.020 
(epoch: 9, iters: 2640, time: 0.029, data: 0.003) G_GAN: 2.144 G_L1: 34.975 D_real: 0.005 D_fake: 1.170 
(epoch: 9, iters: 2660, time: 0.029, data: 0.003) G_GAN: 1.454 G_L1: 41.723 D_real: 0.000 D_fake: 2.564 
(epoch: 9, iters: 2680, time: 0.028, data: 0.003) G_GAN: 1.271 G_L1: 35.705 D_real: 0.000 D_fake: 0.792 
(epoch: 9, iters: 2700, time: 0.029, data: 0.003) G_GAN: 3.276 G_L1: 20.796 D_real: 3.876 D_fake: 0.015 
(epoch: 9, iters: 2720, time: 0.029, data: 0.003) G_GAN: 2.433 G_L1: 23.175 D_real: 0.673 D_fake: 0.067 
(epoch: 9, iters: 2740, time: 0.028, data: 0.002) G_GAN: 2.480 G_L1: 39.794 D_real: 0.005 D_fake: 0.113 
(epoch: 9, iters: 2760, time: 0.029, data: 0.003) G_GAN: 2.151 G_L1: 32.215 D_real: 0.002 D_fake: 0.210 
(epoch: 9, iters: 2780, time: 0.029, data: 0.002) G_GAN: 4.456 G_L1: 42.980 D_real: 0.006 D_fake: 0.024 
(epoch: 9, iters: 2800, time: 0.028, data: 0.003) G_GAN: 2.327 G_L1: 34.100 D_real: 0.036 D_fake: 0.128 
(epoch: 9, iters: 2820, time: 0.028, data: 0.003) G_GAN: 1.247 G_L1: 37.434 D_real: 0.544 D_fake: 0.214 
(epoch: 9, iters: 2840, time: 0.028, data: 0.002) G_GAN: 2.514 G_L1: 34.916 D_real: 0.140 D_fake: 0.083 
(epoch: 9, iters: 2860, time: 0.029, data: 0.002) G_GAN: 1.936 G_L1: 29.535 D_real: 0.586 D_fake: 0.110 
(epoch: 9, iters: 2880, time: 0.029, data: 0.002) G_GAN: 0.376 G_L1: 17.120 D_real: 1.361 D_fake: 1.248 
(epoch: 9, iters: 2900, time: 0.028, data: 0.002) G_GAN: 1.934 G_L1: 34.034 D_real: 0.003 D_fake: 0.311 
(epoch: 9, iters: 2920, time: 0.029, data: 0.002) G_GAN: 2.302 G_L1: 28.972 D_real: 0.498 D_fake: 0.066 
(epoch: 9, iters: 2940, time: 0.029, data: 0.002) G_GAN: 2.282 G_L1: 36.780 D_real: 0.006 D_fake: 0.273 
(epoch: 9, iters: 2960, time: 0.028, data: 0.002) G_GAN: 1.658 G_L1: 35.855 D_real: 0.001 D_fake: 0.256 
(epoch: 9, iters: 2980, time: 0.028, data: 0.003) G_GAN: 1.413 G_L1: 31.163 D_real: 1.150 D_fake: 0.069 
(epoch: 9, iters: 3000, time: 0.028, data: 0.002) G_GAN: 2.118 G_L1: 29.424 D_real: 0.002 D_fake: 0.505 
(epoch: 9, iters: 3020, time: 0.028, data: 0.002) G_GAN: 3.052 G_L1: 31.329 D_real: 0.016 D_fake: 0.054 
(epoch: 9, iters: 3040, time: 0.028, data: 0.002) G_GAN: 2.003 G_L1: 37.701 D_real: 0.013 D_fake: 0.216 
(epoch: 9, iters: 3060, time: 0.028, data: 0.002) G_GAN: 2.150 G_L1: 36.359 D_real: 0.028 D_fake: 0.230 
(epoch: 9, iters: 3080, time: 0.028, data: 0.003) G_GAN: 2.637 G_L1: 32.698 D_real: 0.001 D_fake: 0.050 
(epoch: 9, iters: 3100, time: 0.028, data: 0.003) G_GAN: 2.656 G_L1: 38.906 D_real: 0.055 D_fake: 0.081 
(epoch: 9, iters: 3120, time: 0.028, data: 0.003) G_GAN: 2.261 G_L1: 31.388 D_real: 0.004 D_fake: 0.484 
(epoch: 9, iters: 3140, time: 0.029, data: 0.002) G_GAN: 2.893 G_L1: 37.647 D_real: 0.006 D_fake: 0.060 
(epoch: 9, iters: 3160, time: 0.028, data: 0.002) G_GAN: 3.519 G_L1: 26.463 D_real: 0.356 D_fake: 0.025 
(epoch: 9, iters: 3180, time: 0.028, data: 0.002) G_GAN: 2.257 G_L1: 25.800 D_real: 0.017 D_fake: 0.155 
(epoch: 9, iters: 3200, time: 0.028, data: 0.002) G_GAN: 1.398 G_L1: 27.451 D_real: 0.024 D_fake: 0.405 
(epoch: 9, iters: 3220, time: 0.028, data: 0.003) G_GAN: 1.810 G_L1: 29.681 D_real: 0.408 D_fake: 0.168 
(epoch: 9, iters: 3240, time: 0.028, data: 0.002) G_GAN: 1.584 G_L1: 30.462 D_real: 0.166 D_fake: 0.539 
(epoch: 9, iters: 3260, time: 0.028, data: 0.002) G_GAN: 2.218 G_L1: 30.696 D_real: 0.012 D_fake: 0.137 
(epoch: 9, iters: 3280, time: 0.028, data: 0.003) G_GAN: 2.001 G_L1: 42.073 D_real: 0.001 D_fake: 0.237 
(epoch: 9, iters: 3300, time: 0.028, data: 0.003) G_GAN: 3.199 G_L1: 33.553 D_real: 0.033 D_fake: 0.040 
(epoch: 9, iters: 3320, time: 0.029, data: 0.002) G_GAN: 2.834 G_L1: 33.490 D_real: 0.954 D_fake: 0.064 
(epoch: 9, iters: 3340, time: 0.028, data: 0.002) G_GAN: 1.633 G_L1: 42.267 D_real: 0.109 D_fake: 0.283 
(epoch: 9, iters: 3360, time: 0.028, data: 0.002) G_GAN: 4.404 G_L1: 33.549 D_real: 0.015 D_fake: 0.014 
(epoch: 9, iters: 3380, time: 0.028, data: 0.003) G_GAN: 3.545 G_L1: 41.227 D_real: 0.009 D_fake: 0.029 
(epoch: 9, iters: 3400, time: 0.028, data: 0.003) G_GAN: 2.794 G_L1: 38.076 D_real: 0.000 D_fake: 0.131 
(epoch: 9, iters: 3420, time: 0.028, data: 0.002) G_GAN: 0.698 G_L1: 30.382 D_real: 0.576 D_fake: 0.492 
(epoch: 9, iters: 3440, time: 0.028, data: 0.003) G_GAN: 2.370 G_L1: 29.900 D_real: 0.012 D_fake: 0.144 
(epoch: 9, iters: 3460, time: 0.028, data: 0.003) G_GAN: 1.331 G_L1: 31.732 D_real: 0.009 D_fake: 0.616 
(epoch: 9, iters: 3480, time: 0.028, data: 0.003) G_GAN: 1.671 G_L1: 27.061 D_real: 1.169 D_fake: 0.084 
(epoch: 9, iters: 3500, time: 0.028, data: 0.003) G_GAN: 1.830 G_L1: 36.785 D_real: 0.009 D_fake: 0.332 
(epoch: 9, iters: 3520, time: 0.028, data: 0.003) G_GAN: 1.871 G_L1: 36.336 D_real: 0.006 D_fake: 0.532 
(epoch: 9, iters: 3540, time: 0.028, data: 0.002) G_GAN: 1.620 G_L1: 26.870 D_real: 0.010 D_fake: 0.934 
(epoch: 9, iters: 3560, time: 0.028, data: 0.003) G_GAN: 3.021 G_L1: 31.186 D_real: 0.061 D_fake: 0.099 
(epoch: 9, iters: 3580, time: 0.028, data: 0.002) G_GAN: 2.506 G_L1: 28.556 D_real: 1.508 D_fake: 0.028 
(epoch: 9, iters: 3600, time: 0.028, data: 0.002) G_GAN: 3.120 G_L1: 32.879 D_real: 0.041 D_fake: 0.105 
(epoch: 9, iters: 3620, time: 0.028, data: 0.002) G_GAN: 3.002 G_L1: 38.696 D_real: 0.004 D_fake: 0.058 
(epoch: 9, iters: 3640, time: 0.028, data: 0.002) G_GAN: 3.147 G_L1: 38.753 D_real: 0.018 D_fake: 0.048 
(epoch: 9, iters: 3660, time: 0.028, data: 0.003) G_GAN: 2.013 G_L1: 34.859 D_real: 0.092 D_fake: 0.284 
(epoch: 9, iters: 3680, time: 0.028, data: 0.002) G_GAN: 1.886 G_L1: 39.803 D_real: 0.037 D_fake: 0.441 
(epoch: 9, iters: 3700, time: 0.028, data: 0.003) G_GAN: 1.689 G_L1: 41.220 D_real: 0.003 D_fake: 0.181 
(epoch: 9, iters: 3720, time: 0.028, data: 0.003) G_GAN: 1.037 G_L1: 23.189 D_real: 1.010 D_fake: 0.263 
(epoch: 9, iters: 3740, time: 0.028, data: 0.002) G_GAN: 2.544 G_L1: 39.634 D_real: 0.012 D_fake: 0.181 
(epoch: 9, iters: 3760, time: 0.028, data: 0.003) G_GAN: 3.167 G_L1: 31.295 D_real: 0.063 D_fake: 0.067 
(epoch: 9, iters: 3780, time: 0.028, data: 0.002) G_GAN: 2.005 G_L1: 34.913 D_real: 0.027 D_fake: 0.143 
(epoch: 9, iters: 3800, time: 0.028, data: 0.002) G_GAN: 2.744 G_L1: 30.979 D_real: 0.029 D_fake: 0.868 
(epoch: 9, iters: 3820, time: 0.028, data: 0.002) G_GAN: 2.062 G_L1: 35.689 D_real: 0.102 D_fake: 0.157 
(epoch: 9, iters: 3840, time: 0.028, data: 0.002) G_GAN: 2.235 G_L1: 30.290 D_real: 0.004 D_fake: 0.169 
(epoch: 9, iters: 3860, time: 0.028, data: 0.002) G_GAN: 2.396 G_L1: 43.238 D_real: 0.003 D_fake: 0.195 
(epoch: 9, iters: 3880, time: 0.028, data: 0.002) G_GAN: 2.466 G_L1: 37.040 D_real: 0.003 D_fake: 0.120 
(epoch: 9, iters: 3900, time: 0.028, data: 0.002) G_GAN: 2.270 G_L1: 34.215 D_real: 0.001 D_fake: 0.213 
(epoch: 9, iters: 3920, time: 0.028, data: 0.002) G_GAN: 1.107 G_L1: 23.063 D_real: 0.712 D_fake: 0.173 
(epoch: 9, iters: 3940, time: 0.028, data: 0.002) G_GAN: 3.275 G_L1: 40.119 D_real: 0.009 D_fake: 0.038 
(epoch: 9, iters: 3960, time: 0.028, data: 0.002) G_GAN: 2.188 G_L1: 48.271 D_real: 0.000 D_fake: 0.258 
(epoch: 9, iters: 3980, time: 0.028, data: 0.002) G_GAN: 1.433 G_L1: 26.712 D_real: 0.647 D_fake: 0.120 
(epoch: 9, iters: 4000, time: 0.028, data: 0.002) G_GAN: 3.552 G_L1: 28.050 D_real: 1.403 D_fake: 0.020 
(epoch: 9, iters: 4020, time: 0.028, data: 0.002) G_GAN: 2.025 G_L1: 36.289 D_real: 0.071 D_fake: 0.174 
(epoch: 9, iters: 4040, time: 0.028, data: 0.002) G_GAN: 1.955 G_L1: 22.559 D_real: 1.260 D_fake: 0.041 
(epoch: 9, iters: 4060, time: 0.028, data: 0.002) G_GAN: 3.734 G_L1: 33.059 D_real: 0.025 D_fake: 0.051 
(epoch: 9, iters: 4080, time: 0.029, data: 0.002) G_GAN: 1.993 G_L1: 27.481 D_real: 0.595 D_fake: 0.120 
(epoch: 9, iters: 4100, time: 0.028, data: 0.002) G_GAN: 2.776 G_L1: 29.827 D_real: 0.172 D_fake: 0.060 
(epoch: 9, iters: 4120, time: 0.029, data: 0.002) G_GAN: 3.377 G_L1: 38.843 D_real: 0.001 D_fake: 0.046 
(epoch: 9, iters: 4140, time: 0.029, data: 0.002) G_GAN: 2.567 G_L1: 34.659 D_real: 0.002 D_fake: 0.154 
(epoch: 9, iters: 4160, time: 0.028, data: 0.002) G_GAN: 2.039 G_L1: 32.234 D_real: 1.445 D_fake: 0.060 
(epoch: 9, iters: 4180, time: 0.028, data: 0.002) G_GAN: 2.260 G_L1: 42.512 D_real: 0.002 D_fake: 0.391 
(epoch: 9, iters: 4200, time: 0.028, data: 0.002) G_GAN: 3.179 G_L1: 26.846 D_real: 0.410 D_fake: 0.026 
(epoch: 9, iters: 4220, time: 0.029, data: 0.002) G_GAN: 1.816 G_L1: 31.793 D_real: 0.205 D_fake: 0.218 
(epoch: 9, iters: 4240, time: 0.028, data: 0.002) G_GAN: 2.552 G_L1: 51.585 D_real: 0.010 D_fake: 0.124 
(epoch: 9, iters: 4260, time: 0.028, data: 0.002) G_GAN: 1.406 G_L1: 24.763 D_real: 1.699 D_fake: 0.139 
(epoch: 9, iters: 4280, time: 0.028, data: 0.002) G_GAN: 1.574 G_L1: 31.110 D_real: 0.044 D_fake: 0.976 
(epoch: 9, iters: 4300, time: 0.029, data: 0.002) G_GAN: 1.844 G_L1: 15.722 D_real: 0.054 D_fake: 0.245 
(epoch: 9, iters: 4320, time: 0.028, data: 0.002) G_GAN: 2.527 G_L1: 32.895 D_real: 0.076 D_fake: 0.130 
(epoch: 9, iters: 4340, time: 0.028, data: 0.003) G_GAN: 3.972 G_L1: 37.333 D_real: 0.005 D_fake: 0.021 
(epoch: 9, iters: 4360, time: 0.028, data: 0.002) G_GAN: 3.005 G_L1: 41.437 D_real: 0.105 D_fake: 0.070 
(epoch: 9, iters: 4380, time: 0.028, data: 0.002) G_GAN: 2.255 G_L1: 22.954 D_real: 0.046 D_fake: 0.164 
(epoch: 9, iters: 4400, time: 0.028, data: 0.003) G_GAN: 2.091 G_L1: 30.073 D_real: 0.182 D_fake: 0.802 
(epoch: 9, iters: 4420, time: 0.028, data: 0.002) G_GAN: 2.342 G_L1: 31.714 D_real: 0.018 D_fake: 0.473 
(epoch: 9, iters: 4440, time: 0.028, data: 0.003) G_GAN: 2.652 G_L1: 37.628 D_real: 0.045 D_fake: 0.154 
(epoch: 9, iters: 4460, time: 0.028, data: 0.003) G_GAN: 1.260 G_L1: 30.545 D_real: 0.634 D_fake: 0.251 
(epoch: 9, iters: 4480, time: 0.028, data: 0.002) G_GAN: 2.873 G_L1: 34.117 D_real: 0.960 D_fake: 0.035 
(epoch: 9, iters: 4500, time: 0.028, data: 0.002) G_GAN: 0.910 G_L1: 35.028 D_real: 1.106 D_fake: 0.802 
(epoch: 9, iters: 4520, time: 0.040, data: 0.003) G_GAN: 2.088 G_L1: 32.478 D_real: 0.117 D_fake: 0.086 
(epoch: 9, iters: 4540, time: 0.028, data: 0.002) G_GAN: 1.376 G_L1: 28.391 D_real: 1.872 D_fake: 0.108 
(epoch: 9, iters: 4560, time: 0.028, data: 0.002) G_GAN: 2.389 G_L1: 32.405 D_real: 0.219 D_fake: 0.105 
(epoch: 9, iters: 4580, time: 0.029, data: 0.003) G_GAN: 1.997 G_L1: 37.108 D_real: 0.031 D_fake: 0.227 
(epoch: 9, iters: 4600, time: 0.028, data: 0.002) G_GAN: 1.448 G_L1: 35.638 D_real: 0.014 D_fake: 0.629 
(epoch: 9, iters: 4620, time: 0.028, data: 0.002) G_GAN: 3.792 G_L1: 36.833 D_real: 0.067 D_fake: 0.027 
(epoch: 9, iters: 4640, time: 0.029, data: 0.003) G_GAN: 2.102 G_L1: 42.596 D_real: 0.000 D_fake: 0.609 
(epoch: 9, iters: 4660, time: 0.028, data: 0.003) G_GAN: 1.253 G_L1: 26.313 D_real: 0.766 D_fake: 0.387 
(epoch: 9, iters: 4680, time: 0.028, data: 0.003) G_GAN: 1.332 G_L1: 34.366 D_real: 0.418 D_fake: 0.343 
(epoch: 9, iters: 4700, time: 0.028, data: 0.002) G_GAN: 1.951 G_L1: 41.340 D_real: 0.023 D_fake: 0.198 
(epoch: 9, iters: 4720, time: 0.028, data: 0.002) G_GAN: 3.403 G_L1: 40.692 D_real: 0.000 D_fake: 0.060 
(epoch: 9, iters: 4740, time: 0.028, data: 0.002) G_GAN: 1.804 G_L1: 42.659 D_real: 0.080 D_fake: 0.429 
(epoch: 9, iters: 4760, time: 0.028, data: 0.002) G_GAN: 2.344 G_L1: 40.694 D_real: 0.000 D_fake: 0.182 
(epoch: 9, iters: 4780, time: 0.028, data: 0.002) G_GAN: 1.437 G_L1: 27.262 D_real: 0.426 D_fake: 0.690 
(epoch: 9, iters: 4800, time: 0.028, data: 0.002) G_GAN: 1.856 G_L1: 35.299 D_real: 0.217 D_fake: 0.168 
(epoch: 9, iters: 4820, time: 0.029, data: 0.003) G_GAN: 2.265 G_L1: 36.551 D_real: 0.011 D_fake: 0.112 
(epoch: 9, iters: 4840, time: 0.029, data: 0.002) G_GAN: 4.985 G_L1: 31.465 D_real: 0.103 D_fake: 0.007 
(epoch: 9, iters: 4860, time: 0.028, data: 0.003) G_GAN: 1.640 G_L1: 41.385 D_real: 0.011 D_fake: 0.226 
(epoch: 9, iters: 4880, time: 0.028, data: 0.003) G_GAN: 2.219 G_L1: 31.843 D_real: 0.573 D_fake: 0.067 
(epoch: 9, iters: 4900, time: 0.028, data: 0.002) G_GAN: 2.323 G_L1: 44.250 D_real: 0.060 D_fake: 0.296 
(epoch: 9, iters: 4920, time: 0.028, data: 0.002) G_GAN: 1.759 G_L1: 27.300 D_real: 0.074 D_fake: 0.236 
(epoch: 9, iters: 4940, time: 0.028, data: 0.003) G_GAN: 0.894 G_L1: 34.849 D_real: 0.238 D_fake: 0.571 
(epoch: 9, iters: 4960, time: 0.028, data: 0.002) G_GAN: 3.158 G_L1: 29.004 D_real: 0.005 D_fake: 0.063 
(epoch: 9, iters: 4980, time: 0.028, data: 0.002) G_GAN: 2.512 G_L1: 40.670 D_real: 0.002 D_fake: 0.129 
(epoch: 9, iters: 5000, time: 0.028, data: 0.002) G_GAN: 2.483 G_L1: 53.222 D_real: 0.000 D_fake: 0.134 
(epoch: 9, iters: 5020, time: 0.028, data: 0.002) G_GAN: 0.665 G_L1: 30.168 D_real: 0.947 D_fake: 0.281 
(epoch: 9, iters: 5040, time: 0.028, data: 0.003) G_GAN: 2.579 G_L1: 31.728 D_real: 0.080 D_fake: 0.105 
(epoch: 9, iters: 5060, time: 0.028, data: 0.002) G_GAN: 2.636 G_L1: 38.528 D_real: 0.001 D_fake: 0.113 
(epoch: 9, iters: 5080, time: 0.028, data: 0.002) G_GAN: 2.151 G_L1: 35.608 D_real: 0.009 D_fake: 0.387 
(epoch: 9, iters: 5100, time: 0.028, data: 0.002) G_GAN: 1.847 G_L1: 31.791 D_real: 0.332 D_fake: 0.313 
(epoch: 9, iters: 5120, time: 0.028, data: 0.002) G_GAN: 2.224 G_L1: 28.695 D_real: 0.021 D_fake: 0.283 
(epoch: 9, iters: 5140, time: 0.028, data: 0.002) G_GAN: 1.758 G_L1: 45.629 D_real: 0.001 D_fake: 1.485 
(epoch: 9, iters: 5160, time: 0.028, data: 0.002) G_GAN: 2.566 G_L1: 34.336 D_real: 0.012 D_fake: 0.138 
(epoch: 9, iters: 5180, time: 0.029, data: 0.002) G_GAN: 1.548 G_L1: 37.295 D_real: 0.194 D_fake: 0.288 
(epoch: 9, iters: 5200, time: 0.028, data: 0.002) G_GAN: 2.859 G_L1: 28.505 D_real: 0.009 D_fake: 2.704 
(epoch: 9, iters: 5220, time: 0.029, data: 0.002) G_GAN: 1.782 G_L1: 25.863 D_real: 0.168 D_fake: 0.224 
(epoch: 9, iters: 5240, time: 0.029, data: 0.002) G_GAN: 1.690 G_L1: 36.376 D_real: 0.091 D_fake: 0.184 
(epoch: 9, iters: 5260, time: 0.029, data: 0.002) G_GAN: 3.044 G_L1: 34.185 D_real: 0.388 D_fake: 0.033 
(epoch: 9, iters: 5280, time: 0.028, data: 0.002) G_GAN: 1.679 G_L1: 25.183 D_real: 3.187 D_fake: 0.101 
(epoch: 9, iters: 5300, time: 0.029, data: 0.003) G_GAN: 2.607 G_L1: 37.664 D_real: 0.051 D_fake: 0.208 
(epoch: 9, iters: 5320, time: 0.029, data: 0.002) G_GAN: 1.610 G_L1: 35.475 D_real: 0.017 D_fake: 0.360 
(epoch: 9, iters: 5340, time: 0.028, data: 0.002) G_GAN: 2.657 G_L1: 42.101 D_real: 0.037 D_fake: 0.122 
(epoch: 9, iters: 5360, time: 0.029, data: 0.003) G_GAN: 1.322 G_L1: 31.941 D_real: 0.753 D_fake: 0.237 
(epoch: 9, iters: 5380, time: 0.028, data: 0.002) G_GAN: 2.924 G_L1: 36.110 D_real: 0.010 D_fake: 0.111 
(epoch: 9, iters: 5400, time: 0.029, data: 0.002) G_GAN: 1.436 G_L1: 40.142 D_real: 0.518 D_fake: 0.302 
(epoch: 9, iters: 5420, time: 0.029, data: 0.002) G_GAN: 1.484 G_L1: 22.840 D_real: 3.686 D_fake: 0.092 
(epoch: 9, iters: 5440, time: 0.028, data: 0.002) G_GAN: 2.388 G_L1: 38.204 D_real: 0.154 D_fake: 0.086 
(epoch: 9, iters: 5460, time: 0.028, data: 0.002) G_GAN: 1.641 G_L1: 39.781 D_real: 0.003 D_fake: 0.408 
(epoch: 9, iters: 5480, time: 0.028, data: 0.002) G_GAN: 3.316 G_L1: 34.968 D_real: 0.090 D_fake: 0.036 
(epoch: 9, iters: 5500, time: 0.028, data: 0.003) G_GAN: 2.452 G_L1: 38.189 D_real: 0.002 D_fake: 0.144 
(epoch: 9, iters: 5520, time: 0.028, data: 0.002) G_GAN: 0.843 G_L1: 26.442 D_real: 0.367 D_fake: 0.813 
(epoch: 9, iters: 5540, time: 0.028, data: 0.002) G_GAN: 1.970 G_L1: 37.765 D_real: 0.289 D_fake: 0.140 
(epoch: 9, iters: 5560, time: 0.028, data: 0.002) G_GAN: 2.289 G_L1: 35.572 D_real: 0.318 D_fake: 0.116 
(epoch: 9, iters: 5580, time: 0.021, data: 0.002) G_GAN: 2.124 G_L1: 13.588 D_real: 0.097 D_fake: 1.212 
saving the model at the end of epoch 9, iters 39060
End of epoch 9 / 20      Time Taken: 90 sec
learning rate 0.0001000 -> 0.0000909
(epoch: 10, iters: 20, time: 0.028, data: 0.332) G_GAN: 2.046 G_L1: 39.147 D_real: 0.004 D_fake: 0.467 
(epoch: 10, iters: 40, time: 0.028, data: 0.004) G_GAN: 2.248 G_L1: 31.111 D_real: 0.167 D_fake: 0.114 
(epoch: 10, iters: 60, time: 0.029, data: 0.003) G_GAN: 2.350 G_L1: 30.750 D_real: 0.025 D_fake: 0.242 
(epoch: 10, iters: 80, time: 0.028, data: 0.002) G_GAN: 2.794 G_L1: 36.797 D_real: 0.029 D_fake: 0.073 
(epoch: 10, iters: 100, time: 0.028, data: 0.002) G_GAN: 3.982 G_L1: 35.887 D_real: 0.008 D_fake: 0.022 
(epoch: 10, iters: 120, time: 0.029, data: 0.002) G_GAN: 2.811 G_L1: 26.991 D_real: 0.115 D_fake: 0.103 
(epoch: 10, iters: 140, time: 0.043, data: 0.002) G_GAN: 2.344 G_L1: 36.156 D_real: 0.141 D_fake: 0.111 
(epoch: 10, iters: 160, time: 0.028, data: 0.002) G_GAN: 2.048 G_L1: 35.110 D_real: 0.066 D_fake: 0.163 
(epoch: 10, iters: 180, time: 0.028, data: 0.002) G_GAN: 1.446 G_L1: 16.609 D_real: 0.505 D_fake: 0.196 
(epoch: 10, iters: 200, time: 0.029, data: 0.002) G_GAN: 2.893 G_L1: 22.223 D_real: 2.246 D_fake: 0.023 
(epoch: 10, iters: 220, time: 0.028, data: 0.003) G_GAN: 1.795 G_L1: 21.540 D_real: 0.143 D_fake: 0.294 
(epoch: 10, iters: 240, time: 0.028, data: 0.003) G_GAN: 2.317 G_L1: 21.893 D_real: 0.354 D_fake: 0.084 
(epoch: 10, iters: 260, time: 0.028, data: 0.002) G_GAN: 1.860 G_L1: 33.701 D_real: 0.001 D_fake: 0.402 
(epoch: 10, iters: 280, time: 0.028, data: 0.003) G_GAN: 2.303 G_L1: 24.897 D_real: 0.022 D_fake: 0.144 
(epoch: 10, iters: 300, time: 0.028, data: 0.003) G_GAN: 1.760 G_L1: 39.539 D_real: 0.000 D_fake: 0.501 
(epoch: 10, iters: 320, time: 0.028, data: 0.002) G_GAN: 2.571 G_L1: 29.633 D_real: 0.033 D_fake: 0.099 
(epoch: 10, iters: 340, time: 0.028, data: 0.002) G_GAN: 1.736 G_L1: 41.817 D_real: 0.011 D_fake: 0.143 
(epoch: 10, iters: 360, time: 0.028, data: 0.003) G_GAN: 2.628 G_L1: 36.596 D_real: 0.100 D_fake: 0.159 
(epoch: 10, iters: 380, time: 0.028, data: 0.003) G_GAN: 3.048 G_L1: 38.826 D_real: 0.131 D_fake: 0.055 
(epoch: 10, iters: 400, time: 0.028, data: 0.002) G_GAN: 2.020 G_L1: 33.939 D_real: 0.005 D_fake: 1.440 
(epoch: 10, iters: 420, time: 0.028, data: 0.002) G_GAN: 1.684 G_L1: 28.347 D_real: 0.085 D_fake: 0.208 
(epoch: 10, iters: 440, time: 0.028, data: 0.003) G_GAN: 4.177 G_L1: 37.238 D_real: 0.040 D_fake: 0.014 
(epoch: 10, iters: 460, time: 0.028, data: 0.002) G_GAN: 1.155 G_L1: 27.125 D_real: 0.299 D_fake: 0.225 
(epoch: 10, iters: 480, time: 0.029, data: 0.002) G_GAN: 2.731 G_L1: 36.423 D_real: 2.798 D_fake: 0.025 
(epoch: 10, iters: 500, time: 0.028, data: 0.002) G_GAN: 2.099 G_L1: 34.244 D_real: 0.016 D_fake: 0.176 
(epoch: 10, iters: 520, time: 0.028, data: 0.002) G_GAN: 2.667 G_L1: 36.225 D_real: 0.007 D_fake: 0.091 
(epoch: 10, iters: 540, time: 0.028, data: 0.003) G_GAN: 0.894 G_L1: 41.056 D_real: 1.872 D_fake: 0.159 
(epoch: 10, iters: 560, time: 0.029, data: 0.002) G_GAN: 1.796 G_L1: 24.301 D_real: 2.957 D_fake: 0.125 
(epoch: 10, iters: 580, time: 0.028, data: 0.002) G_GAN: 2.644 G_L1: 34.615 D_real: 0.041 D_fake: 0.121 
(epoch: 10, iters: 600, time: 0.029, data: 0.002) G_GAN: 2.290 G_L1: 33.898 D_real: 0.191 D_fake: 0.078 
(epoch: 10, iters: 620, time: 0.028, data: 0.002) G_GAN: 1.430 G_L1: 24.381 D_real: 1.742 D_fake: 0.092 
(epoch: 10, iters: 640, time: 0.028, data: 0.002) G_GAN: 1.995 G_L1: 37.542 D_real: 0.003 D_fake: 0.267 
(epoch: 10, iters: 660, time: 0.029, data: 0.002) G_GAN: 2.213 G_L1: 35.735 D_real: 0.013 D_fake: 0.164 
(epoch: 10, iters: 680, time: 0.028, data: 0.002) G_GAN: 2.129 G_L1: 31.168 D_real: 0.464 D_fake: 0.099 
(epoch: 10, iters: 700, time: 0.029, data: 0.003) G_GAN: 2.192 G_L1: 27.679 D_real: 0.439 D_fake: 0.088 
(epoch: 10, iters: 720, time: 0.028, data: 0.002) G_GAN: 2.224 G_L1: 42.923 D_real: 0.003 D_fake: 0.236 
(epoch: 10, iters: 740, time: 0.028, data: 0.002) G_GAN: 2.254 G_L1: 32.999 D_real: 0.407 D_fake: 0.112 
(epoch: 10, iters: 760, time: 0.028, data: 0.002) G_GAN: 2.345 G_L1: 31.839 D_real: 0.822 D_fake: 0.054 
(epoch: 10, iters: 780, time: 0.028, data: 0.002) G_GAN: 3.236 G_L1: 33.062 D_real: 0.286 D_fake: 0.039 
(epoch: 10, iters: 800, time: 0.028, data: 0.002) G_GAN: 2.137 G_L1: 34.512 D_real: 0.152 D_fake: 0.840 
(epoch: 10, iters: 820, time: 0.028, data: 0.002) G_GAN: 2.366 G_L1: 39.277 D_real: 0.002 D_fake: 0.288 
(epoch: 10, iters: 840, time: 0.028, data: 0.002) G_GAN: 2.017 G_L1: 36.214 D_real: 0.001 D_fake: 0.386 
(epoch: 10, iters: 860, time: 0.028, data: 0.003) G_GAN: 2.412 G_L1: 35.986 D_real: 0.005 D_fake: 0.083 
(epoch: 10, iters: 880, time: 0.028, data: 0.002) G_GAN: 2.152 G_L1: 31.809 D_real: 0.074 D_fake: 0.395 
(epoch: 10, iters: 900, time: 0.029, data: 0.002) G_GAN: 2.726 G_L1: 36.093 D_real: 0.023 D_fake: 0.100 
(epoch: 10, iters: 920, time: 0.028, data: 0.003) G_GAN: 2.752 G_L1: 46.152 D_real: 0.000 D_fake: 0.077 
(epoch: 10, iters: 940, time: 0.045, data: 0.003) G_GAN: 1.564 G_L1: 29.704 D_real: 2.804 D_fake: 0.099 
saving the latest model (epoch 10, total_iters 40000)
(epoch: 10, iters: 960, time: 0.028, data: 0.003) G_GAN: 2.143 G_L1: 44.334 D_real: 0.098 D_fake: 0.224 
(epoch: 10, iters: 980, time: 0.028, data: 0.002) G_GAN: 1.505 G_L1: 17.546 D_real: 1.834 D_fake: 0.042 
(epoch: 10, iters: 1000, time: 0.028, data: 0.002) G_GAN: 2.173 G_L1: 30.910 D_real: 0.250 D_fake: 0.140 
(epoch: 10, iters: 1020, time: 0.028, data: 0.003) G_GAN: 2.178 G_L1: 45.105 D_real: 0.018 D_fake: 0.175 
(epoch: 10, iters: 1040, time: 0.028, data: 0.002) G_GAN: 2.160 G_L1: 35.342 D_real: 0.003 D_fake: 0.304 
(epoch: 10, iters: 1060, time: 0.028, data: 0.003) G_GAN: 3.355 G_L1: 31.638 D_real: 0.056 D_fake: 0.050 
(epoch: 10, iters: 1080, time: 0.028, data: 0.002) G_GAN: 1.682 G_L1: 47.039 D_real: 0.001 D_fake: 0.350 
(epoch: 10, iters: 1100, time: 0.028, data: 0.003) G_GAN: 4.343 G_L1: 36.191 D_real: 0.002 D_fake: 0.016 
(epoch: 10, iters: 1120, time: 0.028, data: 0.002) G_GAN: 1.355 G_L1: 31.958 D_real: 0.002 D_fake: 0.505 
(epoch: 10, iters: 1140, time: 0.028, data: 0.002) G_GAN: 1.827 G_L1: 35.463 D_real: 0.023 D_fake: 0.294 
(epoch: 10, iters: 1160, time: 0.028, data: 0.002) G_GAN: 2.204 G_L1: 40.372 D_real: 0.002 D_fake: 0.483 
(epoch: 10, iters: 1180, time: 0.028, data: 0.002) G_GAN: 2.577 G_L1: 32.387 D_real: 0.069 D_fake: 0.081 
(epoch: 10, iters: 1200, time: 0.028, data: 0.002) G_GAN: 3.028 G_L1: 37.561 D_real: 0.091 D_fake: 0.056 
(epoch: 10, iters: 1220, time: 0.028, data: 0.003) G_GAN: 2.146 G_L1: 27.215 D_real: 0.173 D_fake: 0.217 
(epoch: 10, iters: 1240, time: 0.028, data: 0.002) G_GAN: 2.570 G_L1: 45.102 D_real: 0.000 D_fake: 0.101 
(epoch: 10, iters: 1260, time: 0.028, data: 0.003) G_GAN: 0.926 G_L1: 33.722 D_real: 0.004 D_fake: 1.274 
(epoch: 10, iters: 1280, time: 0.028, data: 0.003) G_GAN: 2.486 G_L1: 36.453 D_real: 0.078 D_fake: 0.203 
(epoch: 10, iters: 1300, time: 0.028, data: 0.002) G_GAN: 2.644 G_L1: 34.995 D_real: 0.204 D_fake: 0.064 
(epoch: 10, iters: 1320, time: 0.028, data: 0.003) G_GAN: 1.364 G_L1: 46.515 D_real: 0.000 D_fake: 1.684 
(epoch: 10, iters: 1340, time: 0.028, data: 0.002) G_GAN: 3.890 G_L1: 43.946 D_real: 0.008 D_fake: 0.019 
(epoch: 10, iters: 1360, time: 0.029, data: 0.002) G_GAN: 0.583 G_L1: 19.405 D_real: 1.295 D_fake: 0.385 
(epoch: 10, iters: 1380, time: 0.029, data: 0.002) G_GAN: 2.155 G_L1: 39.921 D_real: 0.000 D_fake: 0.462 
(epoch: 10, iters: 1400, time: 0.029, data: 0.003) G_GAN: 1.677 G_L1: 41.393 D_real: 0.001 D_fake: 0.457 
(epoch: 10, iters: 1420, time: 0.028, data: 0.002) G_GAN: 1.663 G_L1: 31.698 D_real: 2.502 D_fake: 0.071 
(epoch: 10, iters: 1440, time: 0.029, data: 0.003) G_GAN: 1.531 G_L1: 20.523 D_real: 0.170 D_fake: 0.358 
(epoch: 10, iters: 1460, time: 0.029, data: 0.002) G_GAN: 2.470 G_L1: 31.918 D_real: 0.113 D_fake: 0.087 
(epoch: 10, iters: 1480, time: 0.029, data: 0.003) G_GAN: 2.274 G_L1: 35.207 D_real: 0.001 D_fake: 0.194 
(epoch: 10, iters: 1500, time: 0.028, data: 0.002) G_GAN: 2.211 G_L1: 24.195 D_real: 0.969 D_fake: 0.066 
(epoch: 10, iters: 1520, time: 0.028, data: 0.003) G_GAN: 2.614 G_L1: 27.873 D_real: 0.531 D_fake: 0.060 
(epoch: 10, iters: 1540, time: 0.028, data: 0.003) G_GAN: 2.704 G_L1: 33.253 D_real: 0.077 D_fake: 0.083 
(epoch: 10, iters: 1560, time: 0.028, data: 0.003) G_GAN: 1.566 G_L1: 19.344 D_real: 2.100 D_fake: 0.063 
(epoch: 10, iters: 1580, time: 0.029, data: 0.003) G_GAN: 3.648 G_L1: 37.857 D_real: 0.044 D_fake: 0.038 
(epoch: 10, iters: 1600, time: 0.028, data: 0.002) G_GAN: 2.396 G_L1: 36.238 D_real: 0.043 D_fake: 0.238 
(epoch: 10, iters: 1620, time: 0.028, data: 0.003) G_GAN: 1.715 G_L1: 28.877 D_real: 0.032 D_fake: 0.505 
(epoch: 10, iters: 1640, time: 0.028, data: 0.003) G_GAN: 1.857 G_L1: 36.457 D_real: 0.029 D_fake: 0.168 
(epoch: 10, iters: 1660, time: 0.029, data: 0.002) G_GAN: 3.704 G_L1: 33.899 D_real: 0.123 D_fake: 0.029 
(epoch: 10, iters: 1680, time: 0.028, data: 0.003) G_GAN: 1.333 G_L1: 36.655 D_real: 0.003 D_fake: 0.763 
(epoch: 10, iters: 1700, time: 0.028, data: 0.002) G_GAN: 2.300 G_L1: 38.647 D_real: 0.004 D_fake: 0.190 
(epoch: 10, iters: 1720, time: 0.028, data: 0.003) G_GAN: 1.758 G_L1: 28.800 D_real: 2.280 D_fake: 0.061 
(epoch: 10, iters: 1740, time: 0.028, data: 0.002) G_GAN: 2.916 G_L1: 26.692 D_real: 0.060 D_fake: 0.079 
(epoch: 10, iters: 1760, time: 0.028, data: 0.002) G_GAN: 3.554 G_L1: 39.199 D_real: 0.002 D_fake: 0.030 
(epoch: 10, iters: 1780, time: 0.028, data: 0.002) G_GAN: 1.502 G_L1: 28.153 D_real: 0.292 D_fake: 0.315 
(epoch: 10, iters: 1800, time: 0.028, data: 0.003) G_GAN: 1.842 G_L1: 25.456 D_real: 0.083 D_fake: 0.245 
(epoch: 10, iters: 1820, time: 0.028, data: 0.003) G_GAN: 2.166 G_L1: 26.309 D_real: 0.217 D_fake: 0.105 
(epoch: 10, iters: 1840, time: 0.028, data: 0.002) G_GAN: 3.802 G_L1: 34.478 D_real: 0.040 D_fake: 0.031 
(epoch: 10, iters: 1860, time: 0.028, data: 0.003) G_GAN: 2.720 G_L1: 34.996 D_real: 0.000 D_fake: 0.096 
(epoch: 10, iters: 1880, time: 0.028, data: 0.003) G_GAN: 1.605 G_L1: 30.623 D_real: 0.015 D_fake: 0.257 
(epoch: 10, iters: 1900, time: 0.028, data: 0.003) G_GAN: 4.357 G_L1: 30.857 D_real: 0.009 D_fake: 0.016 
(epoch: 10, iters: 1920, time: 0.028, data: 0.003) G_GAN: 2.230 G_L1: 32.562 D_real: 0.064 D_fake: 0.178 
(epoch: 10, iters: 1940, time: 0.028, data: 0.003) G_GAN: 2.706 G_L1: 41.949 D_real: 0.235 D_fake: 0.117 
(epoch: 10, iters: 1960, time: 0.028, data: 0.002) G_GAN: 2.169 G_L1: 25.462 D_real: 0.571 D_fake: 0.061 
(epoch: 10, iters: 1980, time: 0.028, data: 0.003) G_GAN: 1.450 G_L1: 28.050 D_real: 0.322 D_fake: 0.477 
(epoch: 10, iters: 2000, time: 0.028, data: 0.002) G_GAN: 1.951 G_L1: 30.086 D_real: 0.407 D_fake: 0.321 
(epoch: 10, iters: 2020, time: 0.028, data: 0.002) G_GAN: 0.987 G_L1: 39.004 D_real: 1.196 D_fake: 1.112 
(epoch: 10, iters: 2040, time: 0.028, data: 0.003) G_GAN: 2.543 G_L1: 31.741 D_real: 0.009 D_fake: 0.140 
(epoch: 10, iters: 2060, time: 0.028, data: 0.003) G_GAN: 0.963 G_L1: 28.046 D_real: 2.357 D_fake: 0.141 
(epoch: 10, iters: 2080, time: 0.028, data: 0.002) G_GAN: 5.640 G_L1: 38.455 D_real: 0.008 D_fake: 0.004 
(epoch: 10, iters: 2100, time: 0.029, data: 0.002) G_GAN: 2.604 G_L1: 38.348 D_real: 0.193 D_fake: 0.079 
(epoch: 10, iters: 2120, time: 0.028, data: 0.003) G_GAN: 1.157 G_L1: 41.484 D_real: 0.000 D_fake: 0.626 
(epoch: 10, iters: 2140, time: 0.029, data: 0.003) G_GAN: 2.133 G_L1: 32.279 D_real: 0.274 D_fake: 0.138 
(epoch: 10, iters: 2160, time: 0.028, data: 0.003) G_GAN: 0.920 G_L1: 28.092 D_real: 0.075 D_fake: 0.951 
(epoch: 10, iters: 2180, time: 0.029, data: 0.002) G_GAN: 1.569 G_L1: 25.614 D_real: 1.382 D_fake: 0.077 
(epoch: 10, iters: 2200, time: 0.028, data: 0.003) G_GAN: 1.899 G_L1: 33.520 D_real: 0.008 D_fake: 0.253 
(epoch: 10, iters: 2220, time: 0.028, data: 0.002) G_GAN: 2.561 G_L1: 33.865 D_real: 0.004 D_fake: 0.197 
(epoch: 10, iters: 2240, time: 0.028, data: 0.003) G_GAN: 3.740 G_L1: 33.622 D_real: 0.001 D_fake: 0.040 
(epoch: 10, iters: 2260, time: 0.028, data: 0.002) G_GAN: 2.011 G_L1: 34.147 D_real: 0.010 D_fake: 0.144 
(epoch: 10, iters: 2280, time: 0.028, data: 0.002) G_GAN: 2.374 G_L1: 33.071 D_real: 0.507 D_fake: 0.087 
(epoch: 10, iters: 2300, time: 0.029, data: 0.002) G_GAN: 5.580 G_L1: 36.710 D_real: 0.004 D_fake: 0.004 
(epoch: 10, iters: 2320, time: 0.028, data: 0.002) G_GAN: 3.453 G_L1: 34.888 D_real: 0.106 D_fake: 0.042 
(epoch: 10, iters: 2340, time: 0.028, data: 0.002) G_GAN: 2.279 G_L1: 30.860 D_real: 0.001 D_fake: 0.937 
(epoch: 10, iters: 2360, time: 0.028, data: 0.003) G_GAN: 3.597 G_L1: 36.368 D_real: 0.118 D_fake: 0.031 
(epoch: 10, iters: 2380, time: 0.028, data: 0.002) G_GAN: 3.158 G_L1: 39.075 D_real: 0.002 D_fake: 0.059 
(epoch: 10, iters: 2400, time: 0.028, data: 0.002) G_GAN: 2.057 G_L1: 32.958 D_real: 0.014 D_fake: 0.151 
(epoch: 10, iters: 2420, time: 0.028, data: 0.002) G_GAN: 1.616 G_L1: 27.049 D_real: 1.150 D_fake: 0.208 
(epoch: 10, iters: 2440, time: 0.028, data: 0.003) G_GAN: 1.679 G_L1: 30.999 D_real: 0.147 D_fake: 0.239 
(epoch: 10, iters: 2460, time: 0.028, data: 0.002) G_GAN: 2.559 G_L1: 31.532 D_real: 0.075 D_fake: 0.106 
(epoch: 10, iters: 2480, time: 0.028, data: 0.003) G_GAN: 2.374 G_L1: 24.760 D_real: 0.792 D_fake: 0.069 
(epoch: 10, iters: 2500, time: 0.028, data: 0.003) G_GAN: 1.881 G_L1: 34.947 D_real: 0.001 D_fake: 0.237 
(epoch: 10, iters: 2520, time: 0.029, data: 0.002) G_GAN: 3.317 G_L1: 34.033 D_real: 0.381 D_fake: 0.027 
(epoch: 10, iters: 2540, time: 0.029, data: 0.002) G_GAN: 2.069 G_L1: 28.814 D_real: 0.154 D_fake: 0.168 
(epoch: 10, iters: 2560, time: 0.029, data: 0.002) G_GAN: 1.258 G_L1: 45.690 D_real: 0.000 D_fake: 0.963 
(epoch: 10, iters: 2580, time: 0.028, data: 0.002) G_GAN: 2.031 G_L1: 34.293 D_real: 0.004 D_fake: 0.151 
(epoch: 10, iters: 2600, time: 0.029, data: 0.002) G_GAN: 2.272 G_L1: 26.378 D_real: 0.290 D_fake: 0.090 
(epoch: 10, iters: 2620, time: 0.029, data: 0.002) G_GAN: 2.231 G_L1: 33.954 D_real: 0.304 D_fake: 0.093 
(epoch: 10, iters: 2640, time: 0.028, data: 0.002) G_GAN: 2.391 G_L1: 30.644 D_real: 0.010 D_fake: 0.124 
(epoch: 10, iters: 2660, time: 0.028, data: 0.003) G_GAN: 1.123 G_L1: 27.618 D_real: 0.098 D_fake: 0.680 
(epoch: 10, iters: 2680, time: 0.029, data: 0.003) G_GAN: 1.179 G_L1: 28.117 D_real: 1.222 D_fake: 0.176 
(epoch: 10, iters: 2700, time: 0.029, data: 0.003) G_GAN: 2.159 G_L1: 27.644 D_real: 0.009 D_fake: 0.312 
(epoch: 10, iters: 2720, time: 0.029, data: 0.002) G_GAN: 0.961 G_L1: 31.828 D_real: 0.698 D_fake: 1.362 
(epoch: 10, iters: 2740, time: 0.029, data: 0.002) G_GAN: 2.381 G_L1: 27.918 D_real: 0.408 D_fake: 0.094 
(epoch: 10, iters: 2760, time: 0.029, data: 0.003) G_GAN: 1.919 G_L1: 38.653 D_real: 0.003 D_fake: 0.456 
(epoch: 10, iters: 2780, time: 0.028, data: 0.003) G_GAN: 2.156 G_L1: 32.780 D_real: 0.005 D_fake: 0.148 
(epoch: 10, iters: 2800, time: 0.029, data: 0.002) G_GAN: 1.526 G_L1: 31.477 D_real: 0.327 D_fake: 0.350 
(epoch: 10, iters: 2820, time: 0.029, data: 0.002) G_GAN: 1.991 G_L1: 41.102 D_real: 0.001 D_fake: 0.225 
(epoch: 10, iters: 2840, time: 0.029, data: 0.003) G_GAN: 1.403 G_L1: 33.503 D_real: 0.067 D_fake: 1.434 
(epoch: 10, iters: 2860, time: 0.028, data: 0.003) G_GAN: 1.702 G_L1: 29.615 D_real: 0.080 D_fake: 0.185 
(epoch: 10, iters: 2880, time: 0.028, data: 0.002) G_GAN: 2.760 G_L1: 40.092 D_real: 0.002 D_fake: 0.083 
(epoch: 10, iters: 2900, time: 0.028, data: 0.002) G_GAN: 1.954 G_L1: 28.304 D_real: 0.353 D_fake: 0.101 
(epoch: 10, iters: 2920, time: 0.028, data: 0.003) G_GAN: 2.156 G_L1: 30.133 D_real: 0.259 D_fake: 0.124 
(epoch: 10, iters: 2940, time: 0.041, data: 0.002) G_GAN: 2.838 G_L1: 34.585 D_real: 0.004 D_fake: 0.069 
(epoch: 10, iters: 2960, time: 0.028, data: 0.002) G_GAN: 1.523 G_L1: 40.231 D_real: 0.002 D_fake: 1.110 
(epoch: 10, iters: 2980, time: 0.028, data: 0.003) G_GAN: 2.252 G_L1: 40.483 D_real: 0.064 D_fake: 0.110 
(epoch: 10, iters: 3000, time: 0.029, data: 0.003) G_GAN: 1.280 G_L1: 36.463 D_real: 0.018 D_fake: 0.769 
(epoch: 10, iters: 3020, time: 0.029, data: 0.003) G_GAN: 2.078 G_L1: 39.885 D_real: 0.006 D_fake: 0.229 
(epoch: 10, iters: 3040, time: 0.028, data: 0.003) G_GAN: 4.289 G_L1: 31.352 D_real: 0.298 D_fake: 0.011 
(epoch: 10, iters: 3060, time: 0.029, data: 0.002) G_GAN: 2.594 G_L1: 37.458 D_real: 0.002 D_fake: 0.417 
(epoch: 10, iters: 3080, time: 0.029, data: 0.003) G_GAN: 1.232 G_L1: 37.148 D_real: 0.012 D_fake: 0.347 
(epoch: 10, iters: 3100, time: 0.028, data: 0.002) G_GAN: 1.812 G_L1: 37.239 D_real: 0.009 D_fake: 0.318 
(epoch: 10, iters: 3120, time: 0.028, data: 0.002) G_GAN: 0.864 G_L1: 25.770 D_real: 0.736 D_fake: 0.251 
(epoch: 10, iters: 3140, time: 0.028, data: 0.002) G_GAN: 2.151 G_L1: 36.269 D_real: 0.027 D_fake: 0.198 
(epoch: 10, iters: 3160, time: 0.028, data: 0.003) G_GAN: 1.592 G_L1: 34.368 D_real: 0.002 D_fake: 1.610 
(epoch: 10, iters: 3180, time: 0.028, data: 0.003) G_GAN: 1.338 G_L1: 35.869 D_real: 0.012 D_fake: 0.459 
(epoch: 10, iters: 3200, time: 0.028, data: 0.003) G_GAN: 2.030 G_L1: 33.388 D_real: 0.000 D_fake: 0.365 
(epoch: 10, iters: 3220, time: 0.028, data: 0.003) G_GAN: 2.093 G_L1: 32.950 D_real: 0.023 D_fake: 0.172 
(epoch: 10, iters: 3240, time: 0.028, data: 0.003) G_GAN: 2.160 G_L1: 31.732 D_real: 0.013 D_fake: 0.397 
(epoch: 10, iters: 3260, time: 0.028, data: 0.003) G_GAN: 0.962 G_L1: 31.541 D_real: 1.601 D_fake: 0.144 
(epoch: 10, iters: 3280, time: 0.028, data: 0.002) G_GAN: 1.206 G_L1: 34.779 D_real: 0.406 D_fake: 0.434 
(epoch: 10, iters: 3300, time: 0.028, data: 0.002) G_GAN: 0.935 G_L1: 18.303 D_real: 2.663 D_fake: 0.227 
(epoch: 10, iters: 3320, time: 0.028, data: 0.002) G_GAN: 1.646 G_L1: 36.319 D_real: 0.933 D_fake: 0.117 
(epoch: 10, iters: 3340, time: 0.029, data: 0.002) G_GAN: 2.106 G_L1: 30.322 D_real: 0.003 D_fake: 0.154 
(epoch: 10, iters: 3360, time: 0.028, data: 0.002) G_GAN: 2.661 G_L1: 38.920 D_real: 0.044 D_fake: 0.072 
(epoch: 10, iters: 3380, time: 0.027, data: 0.002) G_GAN: 1.815 G_L1: 36.167 D_real: 0.030 D_fake: 0.244 
(epoch: 10, iters: 3400, time: 0.028, data: 0.003) G_GAN: 2.279 G_L1: 37.921 D_real: 0.051 D_fake: 0.196 
(epoch: 10, iters: 3420, time: 0.028, data: 0.006) G_GAN: 2.475 G_L1: 29.366 D_real: 0.009 D_fake: 0.116 
(epoch: 10, iters: 3440, time: 0.028, data: 0.003) G_GAN: 3.154 G_L1: 37.635 D_real: 0.001 D_fake: 0.049 
(epoch: 10, iters: 3460, time: 0.028, data: 0.002) G_GAN: 1.543 G_L1: 28.479 D_real: 1.509 D_fake: 0.124 
(epoch: 10, iters: 3480, time: 0.028, data: 0.003) G_GAN: 2.687 G_L1: 24.333 D_real: 0.564 D_fake: 0.049 
(epoch: 10, iters: 3500, time: 0.028, data: 0.002) G_GAN: 2.561 G_L1: 27.461 D_real: 0.118 D_fake: 0.058 
(epoch: 10, iters: 3520, time: 0.028, data: 0.002) G_GAN: 2.517 G_L1: 28.813 D_real: 0.564 D_fake: 0.067 
(epoch: 10, iters: 3540, time: 0.028, data: 0.003) G_GAN: 1.566 G_L1: 31.765 D_real: 1.158 D_fake: 0.073 
(epoch: 10, iters: 3560, time: 0.028, data: 0.002) G_GAN: 3.246 G_L1: 31.781 D_real: 0.038 D_fake: 0.069 
(epoch: 10, iters: 3580, time: 0.028, data: 0.002) G_GAN: 1.368 G_L1: 30.184 D_real: 0.112 D_fake: 0.246 
(epoch: 10, iters: 3600, time: 0.028, data: 0.002) G_GAN: 2.276 G_L1: 36.619 D_real: 0.004 D_fake: 0.152 
(epoch: 10, iters: 3620, time: 0.028, data: 0.002) G_GAN: 1.576 G_L1: 31.505 D_real: 0.273 D_fake: 0.175 
(epoch: 10, iters: 3640, time: 0.028, data: 0.002) G_GAN: 1.300 G_L1: 30.605 D_real: 2.043 D_fake: 0.122 
(epoch: 10, iters: 3660, time: 0.028, data: 0.003) G_GAN: 3.588 G_L1: 43.636 D_real: 0.003 D_fake: 0.076 
(epoch: 10, iters: 3680, time: 0.028, data: 0.002) G_GAN: 2.574 G_L1: 29.137 D_real: 0.035 D_fake: 0.150 
(epoch: 10, iters: 3700, time: 0.028, data: 0.002) G_GAN: 3.741 G_L1: 32.668 D_real: 0.281 D_fake: 0.029 
(epoch: 10, iters: 3720, time: 0.028, data: 0.003) G_GAN: 2.988 G_L1: 37.852 D_real: 0.015 D_fake: 0.046 
(epoch: 10, iters: 3740, time: 0.028, data: 0.003) G_GAN: 1.811 G_L1: 44.210 D_real: 0.004 D_fake: 0.460 
(epoch: 10, iters: 3760, time: 0.028, data: 0.003) G_GAN: 1.060 G_L1: 46.237 D_real: 0.012 D_fake: 1.345 
(epoch: 10, iters: 3780, time: 0.028, data: 0.002) G_GAN: 1.563 G_L1: 39.031 D_real: 0.158 D_fake: 0.185 
(epoch: 10, iters: 3800, time: 0.028, data: 0.003) G_GAN: 2.238 G_L1: 35.790 D_real: 0.008 D_fake: 0.345 
(epoch: 10, iters: 3820, time: 0.028, data: 0.003) G_GAN: 0.768 G_L1: 26.508 D_real: 1.774 D_fake: 0.298 
(epoch: 10, iters: 3840, time: 0.028, data: 0.002) G_GAN: 2.484 G_L1: 35.513 D_real: 0.045 D_fake: 0.200 
(epoch: 10, iters: 3860, time: 0.028, data: 0.002) G_GAN: 1.449 G_L1: 32.771 D_real: 1.278 D_fake: 0.101 
(epoch: 10, iters: 3880, time: 0.028, data: 0.002) G_GAN: 2.168 G_L1: 33.946 D_real: 0.031 D_fake: 0.242 
(epoch: 10, iters: 3900, time: 0.028, data: 0.003) G_GAN: 1.358 G_L1: 34.658 D_real: 0.007 D_fake: 0.884 
(epoch: 10, iters: 3920, time: 0.028, data: 0.002) G_GAN: 1.962 G_L1: 41.872 D_real: 0.001 D_fake: 0.347 
(epoch: 10, iters: 3940, time: 0.028, data: 0.002) G_GAN: 1.739 G_L1: 23.105 D_real: 0.632 D_fake: 0.132 
(epoch: 10, iters: 3960, time: 0.028, data: 0.003) G_GAN: 4.588 G_L1: 44.090 D_real: 0.000 D_fake: 0.009 
(epoch: 10, iters: 3980, time: 0.028, data: 0.002) G_GAN: 2.280 G_L1: 47.847 D_real: 0.000 D_fake: 0.170 
(epoch: 10, iters: 4000, time: 0.028, data: 0.002) G_GAN: 0.988 G_L1: 25.761 D_real: 0.323 D_fake: 0.304 
(epoch: 10, iters: 4020, time: 0.028, data: 0.002) G_GAN: 1.009 G_L1: 21.170 D_real: 0.316 D_fake: 0.720 
(epoch: 10, iters: 4040, time: 0.028, data: 0.002) G_GAN: 2.808 G_L1: 44.988 D_real: 0.001 D_fake: 0.095 
(epoch: 10, iters: 4060, time: 0.028, data: 0.002) G_GAN: 2.146 G_L1: 40.272 D_real: 0.016 D_fake: 0.098 
(epoch: 10, iters: 4080, time: 0.028, data: 0.002) G_GAN: 1.643 G_L1: 29.059 D_real: 0.013 D_fake: 0.210 
(epoch: 10, iters: 4100, time: 0.028, data: 0.002) G_GAN: 2.749 G_L1: 25.126 D_real: 0.573 D_fake: 0.049 
(epoch: 10, iters: 4120, time: 0.028, data: 0.003) G_GAN: 2.231 G_L1: 27.760 D_real: 0.337 D_fake: 0.109 
(epoch: 10, iters: 4140, time: 0.028, data: 0.003) G_GAN: 1.290 G_L1: 35.077 D_real: 0.036 D_fake: 0.471 
(epoch: 10, iters: 4160, time: 0.028, data: 0.003) G_GAN: 2.005 G_L1: 32.828 D_real: 0.471 D_fake: 0.117 
(epoch: 10, iters: 4180, time: 0.028, data: 0.002) G_GAN: 2.565 G_L1: 39.223 D_real: 0.014 D_fake: 0.134 
(epoch: 10, iters: 4200, time: 0.028, data: 0.003) G_GAN: 3.730 G_L1: 38.959 D_real: 0.034 D_fake: 0.030 
(epoch: 10, iters: 4220, time: 0.028, data: 0.003) G_GAN: 3.528 G_L1: 41.457 D_real: 0.001 D_fake: 0.036 
(epoch: 10, iters: 4240, time: 0.028, data: 0.003) G_GAN: 1.658 G_L1: 31.790 D_real: 0.028 D_fake: 0.497 
(epoch: 10, iters: 4260, time: 0.028, data: 0.003) G_GAN: 3.225 G_L1: 46.327 D_real: 0.011 D_fake: 0.042 
(epoch: 10, iters: 4280, time: 0.028, data: 0.003) G_GAN: 2.041 G_L1: 29.963 D_real: 0.418 D_fake: 0.115 
(epoch: 10, iters: 4300, time: 0.028, data: 0.003) G_GAN: 1.428 G_L1: 29.384 D_real: 0.085 D_fake: 0.310 
(epoch: 10, iters: 4320, time: 0.028, data: 0.003) G_GAN: 3.259 G_L1: 31.675 D_real: 0.047 D_fake: 0.062 
(epoch: 10, iters: 4340, time: 0.028, data: 0.003) G_GAN: 0.962 G_L1: 31.599 D_real: 0.749 D_fake: 0.622 
(epoch: 10, iters: 4360, time: 0.028, data: 0.003) G_GAN: 2.285 G_L1: 39.644 D_real: 0.226 D_fake: 0.096 
(epoch: 10, iters: 4380, time: 0.028, data: 0.003) G_GAN: 1.979 G_L1: 36.930 D_real: 0.006 D_fake: 1.436 
(epoch: 10, iters: 4400, time: 0.028, data: 0.002) G_GAN: 1.715 G_L1: 22.378 D_real: 1.333 D_fake: 0.258 
(epoch: 10, iters: 4420, time: 0.028, data: 0.002) G_GAN: 2.119 G_L1: 35.559 D_real: 0.001 D_fake: 0.332 
(epoch: 10, iters: 4440, time: 0.028, data: 0.003) G_GAN: 1.259 G_L1: 27.249 D_real: 0.545 D_fake: 0.311 
(epoch: 10, iters: 4460, time: 0.028, data: 0.003) G_GAN: 2.017 G_L1: 36.461 D_real: 0.069 D_fake: 0.263 
(epoch: 10, iters: 4480, time: 0.028, data: 0.003) G_GAN: 2.903 G_L1: 28.815 D_real: 0.125 D_fake: 0.060 
(epoch: 10, iters: 4500, time: 0.028, data: 0.003) G_GAN: 1.304 G_L1: 32.802 D_real: 0.226 D_fake: 0.451 
(epoch: 10, iters: 4520, time: 0.028, data: 0.003) G_GAN: 3.531 G_L1: 37.545 D_real: 0.001 D_fake: 0.037 
(epoch: 10, iters: 4540, time: 0.028, data: 0.003) G_GAN: 3.740 G_L1: 26.892 D_real: 0.308 D_fake: 0.019 
(epoch: 10, iters: 4560, time: 0.028, data: 0.003) G_GAN: 2.213 G_L1: 33.715 D_real: 0.035 D_fake: 0.406 
(epoch: 10, iters: 4580, time: 0.028, data: 0.003) G_GAN: 1.401 G_L1: 29.605 D_real: 0.001 D_fake: 1.789 
(epoch: 10, iters: 4600, time: 0.028, data: 0.003) G_GAN: 3.219 G_L1: 45.034 D_real: 0.005 D_fake: 0.120 
(epoch: 10, iters: 4620, time: 0.028, data: 0.003) G_GAN: 1.775 G_L1: 34.528 D_real: 0.657 D_fake: 0.228 
(epoch: 10, iters: 4640, time: 0.028, data: 0.003) G_GAN: 1.949 G_L1: 17.826 D_real: 0.498 D_fake: 0.474 
(epoch: 10, iters: 4660, time: 0.028, data: 0.002) G_GAN: 1.126 G_L1: 34.465 D_real: 0.064 D_fake: 0.949 
(epoch: 10, iters: 4680, time: 0.028, data: 0.002) G_GAN: 1.331 G_L1: 40.832 D_real: 0.179 D_fake: 0.482 
(epoch: 10, iters: 4700, time: 0.028, data: 0.003) G_GAN: 3.343 G_L1: 38.079 D_real: 0.525 D_fake: 0.022 
(epoch: 10, iters: 4720, time: 0.028, data: 0.003) G_GAN: 1.401 G_L1: 26.245 D_real: 0.149 D_fake: 0.295 
(epoch: 10, iters: 4740, time: 0.028, data: 0.002) G_GAN: 0.949 G_L1: 32.331 D_real: 0.086 D_fake: 0.910 
(epoch: 10, iters: 4760, time: 0.028, data: 0.003) G_GAN: 1.475 G_L1: 32.682 D_real: 0.273 D_fake: 0.445 
(epoch: 10, iters: 4780, time: 0.028, data: 0.003) G_GAN: 3.550 G_L1: 40.522 D_real: 0.002 D_fake: 0.056 
(epoch: 10, iters: 4800, time: 0.028, data: 0.003) G_GAN: 1.629 G_L1: 23.323 D_real: 0.047 D_fake: 1.104 
(epoch: 10, iters: 4820, time: 0.028, data: 0.003) G_GAN: 1.286 G_L1: 34.733 D_real: 0.000 D_fake: 0.390 
(epoch: 10, iters: 4840, time: 0.028, data: 0.003) G_GAN: 2.356 G_L1: 38.266 D_real: 0.000 D_fake: 0.704 
(epoch: 10, iters: 4860, time: 0.028, data: 0.003) G_GAN: 2.739 G_L1: 31.612 D_real: 0.163 D_fake: 0.061 
(epoch: 10, iters: 4880, time: 0.028, data: 0.002) G_GAN: 2.242 G_L1: 35.798 D_real: 0.005 D_fake: 0.218 
(epoch: 10, iters: 4900, time: 0.028, data: 0.003) G_GAN: 0.833 G_L1: 29.421 D_real: 1.323 D_fake: 0.471 
(epoch: 10, iters: 4920, time: 0.028, data: 0.002) G_GAN: 0.692 G_L1: 20.245 D_real: 2.047 D_fake: 0.281 
(epoch: 10, iters: 4940, time: 0.043, data: 0.004) G_GAN: 2.379 G_L1: 26.588 D_real: 1.132 D_fake: 0.041 
(epoch: 10, iters: 4960, time: 0.027, data: 0.002) G_GAN: 3.123 G_L1: 34.701 D_real: 0.461 D_fake: 0.058 
(epoch: 10, iters: 4980, time: 0.027, data: 0.002) G_GAN: 1.947 G_L1: 41.653 D_real: 0.009 D_fake: 0.314 
(epoch: 10, iters: 5000, time: 0.029, data: 0.003) G_GAN: 2.086 G_L1: 38.091 D_real: 0.045 D_fake: 0.430 
(epoch: 10, iters: 5020, time: 0.028, data: 0.003) G_GAN: 3.031 G_L1: 43.895 D_real: 0.000 D_fake: 0.130 
(epoch: 10, iters: 5040, time: 0.028, data: 0.003) G_GAN: 2.963 G_L1: 32.308 D_real: 0.351 D_fake: 0.034 
(epoch: 10, iters: 5060, time: 0.028, data: 0.002) G_GAN: 3.133 G_L1: 33.765 D_real: 0.037 D_fake: 0.127 
(epoch: 10, iters: 5080, time: 0.028, data: 0.002) G_GAN: 1.455 G_L1: 38.007 D_real: 0.187 D_fake: 0.671 
(epoch: 10, iters: 5100, time: 0.028, data: 0.003) G_GAN: 1.882 G_L1: 38.959 D_real: 0.172 D_fake: 0.220 
(epoch: 10, iters: 5120, time: 0.028, data: 0.003) G_GAN: 1.136 G_L1: 36.975 D_real: 0.042 D_fake: 1.157 
(epoch: 10, iters: 5140, time: 0.028, data: 0.003) G_GAN: 1.723 G_L1: 43.891 D_real: 0.004 D_fake: 0.278 
(epoch: 10, iters: 5160, time: 0.028, data: 0.003) G_GAN: 1.947 G_L1: 39.211 D_real: 0.017 D_fake: 0.132 
(epoch: 10, iters: 5180, time: 0.028, data: 0.003) G_GAN: 1.993 G_L1: 39.315 D_real: 0.000 D_fake: 0.312 
(epoch: 10, iters: 5200, time: 0.028, data: 0.003) G_GAN: 1.583 G_L1: 22.612 D_real: 1.467 D_fake: 0.090 
(epoch: 10, iters: 5220, time: 0.028, data: 0.003) G_GAN: 0.988 G_L1: 40.209 D_real: 0.011 D_fake: 1.057 
(epoch: 10, iters: 5240, time: 0.028, data: 0.003) G_GAN: 2.523 G_L1: 43.825 D_real: 0.001 D_fake: 0.071 
(epoch: 10, iters: 5260, time: 0.028, data: 0.003) G_GAN: 0.768 G_L1: 32.162 D_real: 1.811 D_fake: 0.364 
(epoch: 10, iters: 5280, time: 0.028, data: 0.003) G_GAN: 2.708 G_L1: 26.049 D_real: 0.159 D_fake: 0.126 
(epoch: 10, iters: 5300, time: 0.028, data: 0.002) G_GAN: 1.489 G_L1: 32.761 D_real: 0.363 D_fake: 0.216 
(epoch: 10, iters: 5320, time: 0.028, data: 0.003) G_GAN: 1.815 G_L1: 30.426 D_real: 0.532 D_fake: 0.096 
(epoch: 10, iters: 5340, time: 0.028, data: 0.002) G_GAN: 2.057 G_L1: 32.220 D_real: 0.008 D_fake: 0.488 
(epoch: 10, iters: 5360, time: 0.028, data: 0.003) G_GAN: 2.434 G_L1: 38.544 D_real: 0.000 D_fake: 0.134 
(epoch: 10, iters: 5380, time: 0.028, data: 0.002) G_GAN: 2.956 G_L1: 36.481 D_real: 0.013 D_fake: 0.047 
(epoch: 10, iters: 5400, time: 0.028, data: 0.003) G_GAN: 2.097 G_L1: 39.966 D_real: 0.000 D_fake: 0.304 
(epoch: 10, iters: 5420, time: 0.028, data: 0.002) G_GAN: 1.941 G_L1: 39.915 D_real: 0.001 D_fake: 0.171 
(epoch: 10, iters: 5440, time: 0.028, data: 0.003) G_GAN: 1.106 G_L1: 31.466 D_real: 0.126 D_fake: 0.571 
(epoch: 10, iters: 5460, time: 0.028, data: 0.002) G_GAN: 1.827 G_L1: 36.765 D_real: 0.197 D_fake: 0.169 
(epoch: 10, iters: 5480, time: 0.029, data: 0.002) G_GAN: 2.258 G_L1: 23.636 D_real: 0.217 D_fake: 0.105 
(epoch: 10, iters: 5500, time: 0.029, data: 0.003) G_GAN: 2.409 G_L1: 28.096 D_real: 0.181 D_fake: 0.113 
(epoch: 10, iters: 5520, time: 0.028, data: 0.002) G_GAN: 1.975 G_L1: 27.240 D_real: 0.013 D_fake: 0.940 
(epoch: 10, iters: 5540, time: 0.028, data: 0.003) G_GAN: 2.306 G_L1: 39.598 D_real: 0.004 D_fake: 0.174 
(epoch: 10, iters: 5560, time: 0.028, data: 0.002) G_GAN: 3.046 G_L1: 36.135 D_real: 0.282 D_fake: 0.074 
(epoch: 10, iters: 5580, time: 0.021, data: 0.002) G_GAN: 1.104 G_L1: 35.860 D_real: 1.838 D_fake: 0.188 
saving the model at the end of epoch 10, iters 44640
End of epoch 10 / 20     Time Taken: 90 sec
learning rate 0.0000909 -> 0.0000818
(epoch: 11, iters: 20, time: 0.027, data: 0.343) G_GAN: 0.884 G_L1: 21.721 D_real: 0.147 D_fake: 0.758 
(epoch: 11, iters: 40, time: 0.028, data: 0.003) G_GAN: 2.085 G_L1: 24.810 D_real: 0.244 D_fake: 0.155 
(epoch: 11, iters: 60, time: 0.029, data: 0.003) G_GAN: 2.559 G_L1: 28.232 D_real: 0.111 D_fake: 0.094 
(epoch: 11, iters: 80, time: 0.028, data: 0.003) G_GAN: 2.083 G_L1: 28.317 D_real: 0.028 D_fake: 0.240 
(epoch: 11, iters: 100, time: 0.028, data: 0.003) G_GAN: 1.757 G_L1: 27.749 D_real: 0.438 D_fake: 0.122 
(epoch: 11, iters: 120, time: 0.028, data: 0.003) G_GAN: 2.236 G_L1: 37.551 D_real: 0.002 D_fake: 0.161 
(epoch: 11, iters: 140, time: 0.028, data: 0.003) G_GAN: 2.209 G_L1: 30.022 D_real: 0.263 D_fake: 0.087 
(epoch: 11, iters: 160, time: 0.055, data: 0.003) G_GAN: 2.070 G_L1: 21.978 D_real: 0.730 D_fake: 0.092 
(epoch: 11, iters: 180, time: 0.028, data: 0.002) G_GAN: 1.827 G_L1: 50.053 D_real: 0.003 D_fake: 0.346 
(epoch: 11, iters: 200, time: 0.028, data: 0.002) G_GAN: 3.502 G_L1: 32.466 D_real: 0.053 D_fake: 0.031 
(epoch: 11, iters: 220, time: 0.029, data: 0.003) G_GAN: 2.020 G_L1: 30.151 D_real: 0.022 D_fake: 0.174 
(epoch: 11, iters: 240, time: 0.028, data: 0.003) G_GAN: 0.775 G_L1: 41.299 D_real: 0.000 D_fake: 2.660 
(epoch: 11, iters: 260, time: 0.028, data: 0.002) G_GAN: 1.746 G_L1: 29.708 D_real: 0.578 D_fake: 0.106 
(epoch: 11, iters: 280, time: 0.028, data: 0.002) G_GAN: 1.634 G_L1: 29.626 D_real: 0.051 D_fake: 0.775 
(epoch: 11, iters: 300, time: 0.028, data: 0.003) G_GAN: 2.548 G_L1: 39.010 D_real: 0.039 D_fake: 0.178 
(epoch: 11, iters: 320, time: 0.028, data: 0.003) G_GAN: 0.764 G_L1: 33.277 D_real: 2.369 D_fake: 0.103 
(epoch: 11, iters: 340, time: 0.028, data: 0.003) G_GAN: 2.318 G_L1: 30.337 D_real: 0.594 D_fake: 0.162 
(epoch: 11, iters: 360, time: 0.029, data: 0.002) G_GAN: 1.314 G_L1: 36.896 D_real: 0.013 D_fake: 1.128 
saving the latest model (epoch 11, total_iters 45000)
(epoch: 11, iters: 380, time: 0.028, data: 0.003) G_GAN: 3.263 G_L1: 47.645 D_real: 0.000 D_fake: 0.042 
(epoch: 11, iters: 400, time: 0.028, data: 0.003) G_GAN: 3.929 G_L1: 27.622 D_real: 0.068 D_fake: 0.021 
(epoch: 11, iters: 420, time: 0.029, data: 0.003) G_GAN: 2.380 G_L1: 29.073 D_real: 1.065 D_fake: 0.064 
(epoch: 11, iters: 440, time: 0.028, data: 0.002) G_GAN: 1.995 G_L1: 37.074 D_real: 0.000 D_fake: 0.222 
(epoch: 11, iters: 460, time: 0.028, data: 0.003) G_GAN: 2.611 G_L1: 37.559 D_real: 0.004 D_fake: 0.135 
(epoch: 11, iters: 480, time: 0.029, data: 0.003) G_GAN: 2.812 G_L1: 36.553 D_real: 0.004 D_fake: 0.077 
(epoch: 11, iters: 500, time: 0.028, data: 0.003) G_GAN: 1.106 G_L1: 26.809 D_real: 0.786 D_fake: 0.235 
(epoch: 11, iters: 520, time: 0.028, data: 0.002) G_GAN: 3.230 G_L1: 34.552 D_real: 0.024 D_fake: 0.058 
(epoch: 11, iters: 540, time: 0.028, data: 0.002) G_GAN: 1.329 G_L1: 26.865 D_real: 0.829 D_fake: 0.171 
(epoch: 11, iters: 560, time: 0.028, data: 0.003) G_GAN: 0.466 G_L1: 33.824 D_real: 0.789 D_fake: 1.252 
(epoch: 11, iters: 580, time: 0.028, data: 0.002) G_GAN: 2.804 G_L1: 24.342 D_real: 0.040 D_fake: 0.087 
(epoch: 11, iters: 600, time: 0.028, data: 0.002) G_GAN: 1.858 G_L1: 35.805 D_real: 0.137 D_fake: 0.258 
(epoch: 11, iters: 620, time: 0.028, data: 0.003) G_GAN: 2.375 G_L1: 24.528 D_real: 0.436 D_fake: 0.056 
(epoch: 11, iters: 640, time: 0.028, data: 0.003) G_GAN: 2.807 G_L1: 35.577 D_real: 0.068 D_fake: 0.085 
(epoch: 11, iters: 660, time: 0.028, data: 0.003) G_GAN: 3.365 G_L1: 32.859 D_real: 0.010 D_fake: 0.043 
(epoch: 11, iters: 680, time: 0.028, data: 0.002) G_GAN: 2.981 G_L1: 34.460 D_real: 0.000 D_fake: 0.052 
(epoch: 11, iters: 700, time: 0.028, data: 0.003) G_GAN: 1.022 G_L1: 34.838 D_real: 0.467 D_fake: 0.353 
(epoch: 11, iters: 720, time: 0.028, data: 0.003) G_GAN: 1.678 G_L1: 34.346 D_real: 1.115 D_fake: 0.132 
(epoch: 11, iters: 740, time: 0.028, data: 0.002) G_GAN: 2.096 G_L1: 31.442 D_real: 0.787 D_fake: 0.117 
(epoch: 11, iters: 760, time: 0.028, data: 0.003) G_GAN: 1.205 G_L1: 27.241 D_real: 0.367 D_fake: 0.241 
(epoch: 11, iters: 780, time: 0.028, data: 0.003) G_GAN: 1.143 G_L1: 27.395 D_real: 0.069 D_fake: 1.059 
(epoch: 11, iters: 800, time: 0.028, data: 0.003) G_GAN: 1.517 G_L1: 36.492 D_real: 0.337 D_fake: 0.313 
(epoch: 11, iters: 820, time: 0.028, data: 0.002) G_GAN: 1.683 G_L1: 35.471 D_real: 0.039 D_fake: 0.600 
(epoch: 11, iters: 840, time: 0.028, data: 0.003) G_GAN: 0.784 G_L1: 38.309 D_real: 0.013 D_fake: 0.891 
(epoch: 11, iters: 860, time: 0.028, data: 0.003) G_GAN: 1.540 G_L1: 26.870 D_real: 0.317 D_fake: 0.153 
(epoch: 11, iters: 880, time: 0.028, data: 0.003) G_GAN: 1.492 G_L1: 33.598 D_real: 0.005 D_fake: 0.288 
(epoch: 11, iters: 900, time: 0.028, data: 0.003) G_GAN: 2.101 G_L1: 41.500 D_real: 0.000 D_fake: 0.293 
(epoch: 11, iters: 920, time: 0.028, data: 0.003) G_GAN: 2.522 G_L1: 42.593 D_real: 0.003 D_fake: 0.068 
(epoch: 11, iters: 940, time: 0.028, data: 0.003) G_GAN: 3.402 G_L1: 32.528 D_real: 0.041 D_fake: 0.046 
(epoch: 11, iters: 960, time: 0.028, data: 0.003) G_GAN: 2.317 G_L1: 32.720 D_real: 0.041 D_fake: 0.091 
(epoch: 11, iters: 980, time: 0.028, data: 0.003) G_GAN: 1.466 G_L1: 39.617 D_real: 0.006 D_fake: 0.638 
(epoch: 11, iters: 1000, time: 0.028, data: 0.003) G_GAN: 2.484 G_L1: 41.343 D_real: 0.091 D_fake: 0.089 
(epoch: 11, iters: 1020, time: 0.028, data: 0.002) G_GAN: 2.913 G_L1: 36.728 D_real: 0.266 D_fake: 0.064 
(epoch: 11, iters: 1040, time: 0.028, data: 0.003) G_GAN: 1.165 G_L1: 31.817 D_real: 0.017 D_fake: 1.230 
(epoch: 11, iters: 1060, time: 0.028, data: 0.003) G_GAN: 1.028 G_L1: 29.123 D_real: 1.310 D_fake: 0.114 
(epoch: 11, iters: 1080, time: 0.028, data: 0.002) G_GAN: 1.002 G_L1: 28.757 D_real: 0.996 D_fake: 0.236 
(epoch: 11, iters: 1100, time: 0.028, data: 0.003) G_GAN: 2.498 G_L1: 44.684 D_real: 0.005 D_fake: 0.115 
(epoch: 11, iters: 1120, time: 0.028, data: 0.004) G_GAN: 2.450 G_L1: 28.997 D_real: 0.627 D_fake: 0.062 
(epoch: 11, iters: 1140, time: 0.028, data: 0.002) G_GAN: 2.768 G_L1: 32.333 D_real: 0.183 D_fake: 0.071 
(epoch: 11, iters: 1160, time: 0.028, data: 0.002) G_GAN: 2.031 G_L1: 46.932 D_real: 0.027 D_fake: 0.150 
(epoch: 11, iters: 1180, time: 0.028, data: 0.003) G_GAN: 2.221 G_L1: 31.119 D_real: 2.145 D_fake: 0.048 
(epoch: 11, iters: 1200, time: 0.028, data: 0.003) G_GAN: 2.911 G_L1: 40.863 D_real: 0.036 D_fake: 0.083 
(epoch: 11, iters: 1220, time: 0.028, data: 0.002) G_GAN: 1.559 G_L1: 31.737 D_real: 0.220 D_fake: 0.202 
(epoch: 11, iters: 1240, time: 0.028, data: 0.002) G_GAN: 3.106 G_L1: 43.802 D_real: 0.446 D_fake: 0.031 
(epoch: 11, iters: 1260, time: 0.028, data: 0.002) G_GAN: 3.863 G_L1: 35.168 D_real: 0.086 D_fake: 0.029 
(epoch: 11, iters: 1280, time: 0.028, data: 0.002) G_GAN: 1.881 G_L1: 36.617 D_real: 0.026 D_fake: 0.282 
(epoch: 11, iters: 1300, time: 0.028, data: 0.003) G_GAN: 1.226 G_L1: 30.813 D_real: 1.111 D_fake: 0.116 
(epoch: 11, iters: 1320, time: 0.028, data: 0.002) G_GAN: 0.790 G_L1: 19.468 D_real: 2.406 D_fake: 0.415 
(epoch: 11, iters: 1340, time: 0.028, data: 0.003) G_GAN: 1.434 G_L1: 22.708 D_real: 1.566 D_fake: 0.163 
(epoch: 11, iters: 1360, time: 0.044, data: 0.003) G_GAN: 2.471 G_L1: 42.255 D_real: 0.002 D_fake: 0.154 
(epoch: 11, iters: 1380, time: 0.028, data: 0.002) G_GAN: 3.207 G_L1: 35.824 D_real: 0.000 D_fake: 0.059 
(epoch: 11, iters: 1400, time: 0.028, data: 0.003) G_GAN: 2.255 G_L1: 29.593 D_real: 0.009 D_fake: 0.308 
(epoch: 11, iters: 1420, time: 0.029, data: 0.003) G_GAN: 3.829 G_L1: 33.453 D_real: 0.012 D_fake: 0.030 
(epoch: 11, iters: 1440, time: 0.028, data: 0.003) G_GAN: 4.197 G_L1: 28.775 D_real: 0.005 D_fake: 0.017 
(epoch: 11, iters: 1460, time: 0.028, data: 0.003) G_GAN: 2.764 G_L1: 37.999 D_real: 0.042 D_fake: 0.055 
(epoch: 11, iters: 1480, time: 0.028, data: 0.003) G_GAN: 1.997 G_L1: 44.028 D_real: 0.000 D_fake: 0.331 
(epoch: 11, iters: 1500, time: 0.028, data: 0.003) G_GAN: 1.621 G_L1: 36.953 D_real: 0.064 D_fake: 0.569 
(epoch: 11, iters: 1520, time: 0.027, data: 0.003) G_GAN: 3.472 G_L1: 36.066 D_real: 1.042 D_fake: 0.020 
(epoch: 11, iters: 1540, time: 0.028, data: 0.002) G_GAN: 1.823 G_L1: 38.047 D_real: 0.078 D_fake: 0.408 
(epoch: 11, iters: 1560, time: 0.028, data: 0.003) G_GAN: 0.764 G_L1: 31.825 D_real: 1.796 D_fake: 0.491 
(epoch: 11, iters: 1580, time: 0.028, data: 0.003) G_GAN: 2.351 G_L1: 36.421 D_real: 0.055 D_fake: 0.083 
(epoch: 11, iters: 1600, time: 0.028, data: 0.002) G_GAN: 1.381 G_L1: 26.525 D_real: 0.230 D_fake: 0.388 
(epoch: 11, iters: 1620, time: 0.028, data: 0.002) G_GAN: 3.162 G_L1: 31.725 D_real: 0.155 D_fake: 0.037 
(epoch: 11, iters: 1640, time: 0.028, data: 0.003) G_GAN: 2.404 G_L1: 30.749 D_real: 0.002 D_fake: 0.139 
(epoch: 11, iters: 1660, time: 0.028, data: 0.003) G_GAN: 3.137 G_L1: 24.460 D_real: 0.725 D_fake: 0.031 
(epoch: 11, iters: 1680, time: 0.028, data: 0.003) G_GAN: 1.485 G_L1: 33.075 D_real: 0.008 D_fake: 0.470 
(epoch: 11, iters: 1700, time: 0.028, data: 0.003) G_GAN: 1.542 G_L1: 30.234 D_real: 0.038 D_fake: 0.519 
(epoch: 11, iters: 1720, time: 0.028, data: 0.003) G_GAN: 2.103 G_L1: 41.968 D_real: 0.000 D_fake: 0.215 
(epoch: 11, iters: 1740, time: 0.028, data: 0.002) G_GAN: 2.817 G_L1: 37.300 D_real: 0.132 D_fake: 0.066 
(epoch: 11, iters: 1760, time: 0.028, data: 0.004) G_GAN: 1.443 G_L1: 27.505 D_real: 0.022 D_fake: 1.432 
(epoch: 11, iters: 1780, time: 0.028, data: 0.003) G_GAN: 1.948 G_L1: 39.769 D_real: 0.013 D_fake: 0.219 
(epoch: 11, iters: 1800, time: 0.028, data: 0.002) G_GAN: 1.220 G_L1: 27.467 D_real: 1.102 D_fake: 0.208 
(epoch: 11, iters: 1820, time: 0.028, data: 0.003) G_GAN: 2.102 G_L1: 31.685 D_real: 0.029 D_fake: 0.287 
(epoch: 11, iters: 1840, time: 0.028, data: 0.002) G_GAN: 2.442 G_L1: 17.954 D_real: 2.294 D_fake: 0.083 
(epoch: 11, iters: 1860, time: 0.028, data: 0.002) G_GAN: 3.246 G_L1: 37.803 D_real: 0.036 D_fake: 0.066 
(epoch: 11, iters: 1880, time: 0.028, data: 0.002) G_GAN: 2.458 G_L1: 34.492 D_real: 0.054 D_fake: 0.098 
(epoch: 11, iters: 1900, time: 0.028, data: 0.002) G_GAN: 3.459 G_L1: 38.649 D_real: 0.385 D_fake: 0.030 
(epoch: 11, iters: 1920, time: 0.028, data: 0.003) G_GAN: 1.457 G_L1: 35.767 D_real: 0.008 D_fake: 0.599 
(epoch: 11, iters: 1940, time: 0.028, data: 0.002) G_GAN: 1.737 G_L1: 34.165 D_real: 1.639 D_fake: 0.086 
(epoch: 11, iters: 1960, time: 0.029, data: 0.002) G_GAN: 1.738 G_L1: 34.631 D_real: 0.003 D_fake: 0.308 
(epoch: 11, iters: 1980, time: 0.028, data: 0.002) G_GAN: 2.229 G_L1: 40.789 D_real: 0.000 D_fake: 0.240 
(epoch: 11, iters: 2000, time: 0.028, data: 0.003) G_GAN: 1.515 G_L1: 31.067 D_real: 0.254 D_fake: 0.194 
(epoch: 11, iters: 2020, time: 0.028, data: 0.003) G_GAN: 2.467 G_L1: 37.279 D_real: 0.001 D_fake: 0.135 
(epoch: 11, iters: 2040, time: 0.028, data: 0.003) G_GAN: 2.577 G_L1: 33.278 D_real: 0.014 D_fake: 0.131 
(epoch: 11, iters: 2060, time: 0.028, data: 0.003) G_GAN: 1.691 G_L1: 31.517 D_real: 0.118 D_fake: 0.287 
(epoch: 11, iters: 2080, time: 0.029, data: 0.003) G_GAN: 2.266 G_L1: 26.168 D_real: 0.983 D_fake: 0.054 
(epoch: 11, iters: 2100, time: 0.029, data: 0.002) G_GAN: 1.662 G_L1: 36.401 D_real: 0.019 D_fake: 0.476 
(epoch: 11, iters: 2120, time: 0.029, data: 0.002) G_GAN: 2.302 G_L1: 40.497 D_real: 0.001 D_fake: 0.124 
(epoch: 11, iters: 2140, time: 0.028, data: 0.002) G_GAN: 2.133 G_L1: 35.376 D_real: 0.169 D_fake: 0.167 
(epoch: 11, iters: 2160, time: 0.029, data: 0.002) G_GAN: 1.388 G_L1: 31.791 D_real: 0.053 D_fake: 0.281 
(epoch: 11, iters: 2180, time: 0.028, data: 0.002) G_GAN: 1.635 G_L1: 36.131 D_real: 0.685 D_fake: 0.159 
(epoch: 11, iters: 2200, time: 0.028, data: 0.002) G_GAN: 2.366 G_L1: 36.180 D_real: 0.002 D_fake: 0.326 
(epoch: 11, iters: 2220, time: 0.028, data: 0.002) G_GAN: 0.999 G_L1: 29.668 D_real: 0.036 D_fake: 1.314 
(epoch: 11, iters: 2240, time: 0.028, data: 0.002) G_GAN: 2.115 G_L1: 22.838 D_real: 0.149 D_fake: 0.119 
(epoch: 11, iters: 2260, time: 0.028, data: 0.003) G_GAN: 2.653 G_L1: 33.271 D_real: 0.016 D_fake: 0.075 
(epoch: 11, iters: 2280, time: 0.029, data: 0.003) G_GAN: 3.211 G_L1: 32.653 D_real: 0.065 D_fake: 0.056 
(epoch: 11, iters: 2300, time: 0.028, data: 0.003) G_GAN: 1.292 G_L1: 39.039 D_real: 0.001 D_fake: 0.314 
(epoch: 11, iters: 2320, time: 0.028, data: 0.003) G_GAN: 2.444 G_L1: 34.646 D_real: 0.038 D_fake: 0.138 
(epoch: 11, iters: 2340, time: 0.028, data: 0.002) G_GAN: 2.567 G_L1: 20.699 D_real: 0.329 D_fake: 0.063 
(epoch: 11, iters: 2360, time: 0.029, data: 0.002) G_GAN: 1.645 G_L1: 32.432 D_real: 0.006 D_fake: 0.444 
(epoch: 11, iters: 2380, time: 0.028, data: 0.002) G_GAN: 4.126 G_L1: 40.233 D_real: 0.040 D_fake: 0.019 
(epoch: 11, iters: 2400, time: 0.028, data: 0.003) G_GAN: 2.378 G_L1: 32.113 D_real: 0.183 D_fake: 0.070 
(epoch: 11, iters: 2420, time: 0.028, data: 0.002) G_GAN: 2.602 G_L1: 25.183 D_real: 0.213 D_fake: 0.090 
(epoch: 11, iters: 2440, time: 0.028, data: 0.002) G_GAN: 2.062 G_L1: 27.448 D_real: 3.169 D_fake: 0.060 
(epoch: 11, iters: 2460, time: 0.028, data: 0.003) G_GAN: 2.725 G_L1: 24.709 D_real: 2.466 D_fake: 0.036 
(epoch: 11, iters: 2480, time: 0.029, data: 0.002) G_GAN: 2.352 G_L1: 33.414 D_real: 0.231 D_fake: 0.102 
(epoch: 11, iters: 2500, time: 0.029, data: 0.003) G_GAN: 3.705 G_L1: 32.168 D_real: 0.019 D_fake: 0.032 
(epoch: 11, iters: 2520, time: 0.028, data: 0.002) G_GAN: 1.935 G_L1: 38.443 D_real: 0.041 D_fake: 0.278 
(epoch: 11, iters: 2540, time: 0.028, data: 0.003) G_GAN: 2.309 G_L1: 32.547 D_real: 0.025 D_fake: 0.142 
(epoch: 11, iters: 2560, time: 0.028, data: 0.003) G_GAN: 2.961 G_L1: 28.524 D_real: 0.263 D_fake: 0.044 
(epoch: 11, iters: 2580, time: 0.028, data: 0.003) G_GAN: 3.487 G_L1: 43.048 D_real: 0.006 D_fake: 0.035 
(epoch: 11, iters: 2600, time: 0.028, data: 0.002) G_GAN: 2.113 G_L1: 30.044 D_real: 0.001 D_fake: 0.378 
(epoch: 11, iters: 2620, time: 0.028, data: 0.003) G_GAN: 1.112 G_L1: 26.424 D_real: 1.527 D_fake: 0.049 
(epoch: 11, iters: 2640, time: 0.028, data: 0.003) G_GAN: 1.151 G_L1: 28.450 D_real: 1.084 D_fake: 1.024 
(epoch: 11, iters: 2660, time: 0.028, data: 0.002) G_GAN: 1.942 G_L1: 34.870 D_real: 0.013 D_fake: 0.288 
(epoch: 11, iters: 2680, time: 0.028, data: 0.003) G_GAN: 3.341 G_L1: 31.222 D_real: 0.649 D_fake: 0.024 
(epoch: 11, iters: 2700, time: 0.028, data: 0.002) G_GAN: 1.445 G_L1: 30.298 D_real: 0.101 D_fake: 0.457 
(epoch: 11, iters: 2720, time: 0.028, data: 0.003) G_GAN: 2.389 G_L1: 37.315 D_real: 0.351 D_fake: 0.085 
(epoch: 11, iters: 2740, time: 0.028, data: 0.003) G_GAN: 4.037 G_L1: 29.319 D_real: 0.298 D_fake: 0.013 
(epoch: 11, iters: 2760, time: 0.028, data: 0.003) G_GAN: 1.367 G_L1: 20.518 D_real: 3.463 D_fake: 0.029 
(epoch: 11, iters: 2780, time: 0.028, data: 0.003) G_GAN: 2.361 G_L1: 38.758 D_real: 0.002 D_fake: 0.322 
(epoch: 11, iters: 2800, time: 0.028, data: 0.002) G_GAN: 2.124 G_L1: 33.350 D_real: 0.001 D_fake: 0.206 
(epoch: 11, iters: 2820, time: 0.028, data: 0.003) G_GAN: 3.438 G_L1: 22.429 D_real: 0.257 D_fake: 0.035 
(epoch: 11, iters: 2840, time: 0.028, data: 0.003) G_GAN: 2.431 G_L1: 27.857 D_real: 0.044 D_fake: 0.176 
(epoch: 11, iters: 2860, time: 0.027, data: 0.003) G_GAN: 2.173 G_L1: 37.467 D_real: 0.001 D_fake: 0.217 
(epoch: 11, iters: 2880, time: 0.028, data: 0.002) G_GAN: 2.603 G_L1: 33.601 D_real: 0.018 D_fake: 0.085 
(epoch: 11, iters: 2900, time: 0.028, data: 0.003) G_GAN: 1.918 G_L1: 34.582 D_real: 0.379 D_fake: 0.129 
(epoch: 11, iters: 2920, time: 0.028, data: 0.003) G_GAN: 1.502 G_L1: 38.218 D_real: 0.046 D_fake: 0.272 
(epoch: 11, iters: 2940, time: 0.028, data: 0.003) G_GAN: 3.275 G_L1: 45.198 D_real: 0.000 D_fake: 0.052 
(epoch: 11, iters: 2960, time: 0.028, data: 0.003) G_GAN: 2.978 G_L1: 37.580 D_real: 0.039 D_fake: 0.081 
(epoch: 11, iters: 2980, time: 0.028, data: 0.003) G_GAN: 1.642 G_L1: 37.475 D_real: 0.002 D_fake: 0.504 
(epoch: 11, iters: 3000, time: 0.028, data: 0.003) G_GAN: 2.097 G_L1: 39.418 D_real: 0.005 D_fake: 0.186 
(epoch: 11, iters: 3020, time: 0.028, data: 0.003) G_GAN: 1.828 G_L1: 34.734 D_real: 0.048 D_fake: 0.330 
(epoch: 11, iters: 3040, time: 0.028, data: 0.003) G_GAN: 1.900 G_L1: 32.582 D_real: 1.507 D_fake: 0.036 
(epoch: 11, iters: 3060, time: 0.028, data: 0.002) G_GAN: 2.246 G_L1: 37.210 D_real: 0.041 D_fake: 0.148 
(epoch: 11, iters: 3080, time: 0.028, data: 0.002) G_GAN: 2.047 G_L1: 32.594 D_real: 0.005 D_fake: 0.972 
(epoch: 11, iters: 3100, time: 0.028, data: 0.003) G_GAN: 3.504 G_L1: 38.072 D_real: 0.004 D_fake: 0.035 
(epoch: 11, iters: 3120, time: 0.028, data: 0.003) G_GAN: 1.244 G_L1: 31.229 D_real: 0.595 D_fake: 0.378 
(epoch: 11, iters: 3140, time: 0.028, data: 0.002) G_GAN: 2.032 G_L1: 24.622 D_real: 0.050 D_fake: 0.427 
(epoch: 11, iters: 3160, time: 0.028, data: 0.003) G_GAN: 1.513 G_L1: 21.082 D_real: 0.061 D_fake: 0.519 
(epoch: 11, iters: 3180, time: 0.028, data: 0.003) G_GAN: 3.013 G_L1: 38.363 D_real: 0.006 D_fake: 0.082 
(epoch: 11, iters: 3200, time: 0.028, data: 0.003) G_GAN: 2.554 G_L1: 38.205 D_real: 0.010 D_fake: 0.073 
(epoch: 11, iters: 3220, time: 0.028, data: 0.003) G_GAN: 2.928 G_L1: 33.515 D_real: 0.017 D_fake: 0.108 
(epoch: 11, iters: 3240, time: 0.028, data: 0.002) G_GAN: 1.916 G_L1: 26.084 D_real: 0.226 D_fake: 0.099 
(epoch: 11, iters: 3260, time: 0.026, data: 0.004) G_GAN: 1.477 G_L1: 36.896 D_real: 0.002 D_fake: 1.194 
(epoch: 11, iters: 3280, time: 0.027, data: 0.005) G_GAN: 2.336 G_L1: 40.454 D_real: 0.173 D_fake: 0.118 
(epoch: 11, iters: 3300, time: 0.028, data: 0.002) G_GAN: 1.088 G_L1: 39.040 D_real: 0.001 D_fake: 1.376 
(epoch: 11, iters: 3320, time: 0.028, data: 0.003) G_GAN: 1.549 G_L1: 29.897 D_real: 0.094 D_fake: 0.210 
(epoch: 11, iters: 3340, time: 0.028, data: 0.002) G_GAN: 1.164 G_L1: 32.701 D_real: 0.038 D_fake: 0.544 
(epoch: 11, iters: 3360, time: 0.045, data: 0.003) G_GAN: 1.403 G_L1: 29.734 D_real: 0.004 D_fake: 0.846 
(epoch: 11, iters: 3380, time: 0.028, data: 0.002) G_GAN: 2.721 G_L1: 34.787 D_real: 0.002 D_fake: 0.084 
(epoch: 11, iters: 3400, time: 0.028, data: 0.003) G_GAN: 2.875 G_L1: 30.384 D_real: 0.030 D_fake: 0.068 
(epoch: 11, iters: 3420, time: 0.029, data: 0.003) G_GAN: 2.140 G_L1: 26.505 D_real: 0.032 D_fake: 0.185 
(epoch: 11, iters: 3440, time: 0.028, data: 0.003) G_GAN: 1.761 G_L1: 38.753 D_real: 2.735 D_fake: 0.075 
(epoch: 11, iters: 3460, time: 0.028, data: 0.002) G_GAN: 2.433 G_L1: 28.534 D_real: 0.148 D_fake: 0.103 
(epoch: 11, iters: 3480, time: 0.029, data: 0.002) G_GAN: 1.200 G_L1: 25.118 D_real: 2.106 D_fake: 0.163 
(epoch: 11, iters: 3500, time: 0.028, data: 0.002) G_GAN: 1.317 G_L1: 22.132 D_real: 0.726 D_fake: 0.140 
(epoch: 11, iters: 3520, time: 0.028, data: 0.002) G_GAN: 2.075 G_L1: 30.373 D_real: 0.246 D_fake: 0.173 
(epoch: 11, iters: 3540, time: 0.029, data: 0.003) G_GAN: 1.619 G_L1: 38.750 D_real: 0.007 D_fake: 0.159 
(epoch: 11, iters: 3560, time: 0.028, data: 0.002) G_GAN: 1.373 G_L1: 22.044 D_real: 0.983 D_fake: 0.347 
(epoch: 11, iters: 3580, time: 0.028, data: 0.003) G_GAN: 2.754 G_L1: 42.527 D_real: 0.001 D_fake: 0.169 
(epoch: 11, iters: 3600, time: 0.028, data: 0.003) G_GAN: 1.617 G_L1: 32.490 D_real: 0.004 D_fake: 0.323 
(epoch: 11, iters: 3620, time: 0.028, data: 0.003) G_GAN: 2.209 G_L1: 30.509 D_real: 0.071 D_fake: 0.187 
(epoch: 11, iters: 3640, time: 0.028, data: 0.002) G_GAN: 1.894 G_L1: 36.556 D_real: 0.032 D_fake: 0.304 
(epoch: 11, iters: 3660, time: 0.028, data: 0.002) G_GAN: 3.616 G_L1: 39.112 D_real: 0.141 D_fake: 0.030 
(epoch: 11, iters: 3680, time: 0.029, data: 0.002) G_GAN: 2.708 G_L1: 40.872 D_real: 0.011 D_fake: 0.069 
(epoch: 11, iters: 3700, time: 0.028, data: 0.003) G_GAN: 1.684 G_L1: 36.834 D_real: 0.006 D_fake: 0.484 
(epoch: 11, iters: 3720, time: 0.028, data: 0.002) G_GAN: 3.017 G_L1: 29.663 D_real: 0.048 D_fake: 0.067 
(epoch: 11, iters: 3740, time: 0.028, data: 0.003) G_GAN: 1.661 G_L1: 46.823 D_real: 0.000 D_fake: 0.557 
(epoch: 11, iters: 3760, time: 0.028, data: 0.004) G_GAN: 1.767 G_L1: 35.643 D_real: 0.008 D_fake: 0.145 
(epoch: 11, iters: 3780, time: 0.029, data: 0.002) G_GAN: 1.046 G_L1: 36.415 D_real: 0.780 D_fake: 0.220 
(epoch: 11, iters: 3800, time: 0.028, data: 0.002) G_GAN: 1.295 G_L1: 28.330 D_real: 0.058 D_fake: 0.413 
(epoch: 11, iters: 3820, time: 0.029, data: 0.002) G_GAN: 4.631 G_L1: 36.698 D_real: 0.058 D_fake: 0.016 
(epoch: 11, iters: 3840, time: 0.028, data: 0.002) G_GAN: 1.689 G_L1: 31.315 D_real: 0.012 D_fake: 0.297 
(epoch: 11, iters: 3860, time: 0.029, data: 0.003) G_GAN: 2.025 G_L1: 32.333 D_real: 0.033 D_fake: 0.177 
(epoch: 11, iters: 3880, time: 0.028, data: 0.002) G_GAN: 2.286 G_L1: 28.671 D_real: 0.042 D_fake: 0.198 
(epoch: 11, iters: 3900, time: 0.028, data: 0.003) G_GAN: 2.526 G_L1: 35.073 D_real: 0.018 D_fake: 0.141 
(epoch: 11, iters: 3920, time: 0.028, data: 0.003) G_GAN: 1.611 G_L1: 24.261 D_real: 0.812 D_fake: 0.132 
(epoch: 11, iters: 3940, time: 0.029, data: 0.003) G_GAN: 3.072 G_L1: 34.140 D_real: 0.013 D_fake: 0.079 
(epoch: 11, iters: 3960, time: 0.028, data: 0.003) G_GAN: 1.730 G_L1: 25.651 D_real: 2.781 D_fake: 0.052 
(epoch: 11, iters: 3980, time: 0.028, data: 0.002) G_GAN: 2.765 G_L1: 35.638 D_real: 0.137 D_fake: 0.097 
(epoch: 11, iters: 4000, time: 0.028, data: 0.003) G_GAN: 0.859 G_L1: 25.930 D_real: 0.827 D_fake: 0.194 
(epoch: 11, iters: 4020, time: 0.029, data: 0.003) G_GAN: 3.590 G_L1: 32.134 D_real: 0.077 D_fake: 0.037 
(epoch: 11, iters: 4040, time: 0.028, data: 0.002) G_GAN: 2.039 G_L1: 36.616 D_real: 0.001 D_fake: 0.383 
(epoch: 11, iters: 4060, time: 0.028, data: 0.003) G_GAN: 2.448 G_L1: 32.452 D_real: 0.084 D_fake: 0.124 
(epoch: 11, iters: 4080, time: 0.028, data: 0.002) G_GAN: 2.226 G_L1: 35.368 D_real: 0.067 D_fake: 0.270 
(epoch: 11, iters: 4100, time: 0.028, data: 0.003) G_GAN: 1.069 G_L1: 29.515 D_real: 0.003 D_fake: 0.943 
(epoch: 11, iters: 4120, time: 0.028, data: 0.003) G_GAN: 1.279 G_L1: 29.187 D_real: 0.016 D_fake: 0.309 
(epoch: 11, iters: 4140, time: 0.028, data: 0.002) G_GAN: 3.156 G_L1: 39.210 D_real: 0.041 D_fake: 0.054 
(epoch: 11, iters: 4160, time: 0.028, data: 0.003) G_GAN: 3.173 G_L1: 40.140 D_real: 0.035 D_fake: 0.066 
(epoch: 11, iters: 4180, time: 0.028, data: 0.003) G_GAN: 3.108 G_L1: 37.646 D_real: 0.049 D_fake: 0.062 
(epoch: 11, iters: 4200, time: 0.028, data: 0.002) G_GAN: 1.673 G_L1: 25.440 D_real: 0.037 D_fake: 0.339 
(epoch: 11, iters: 4220, time: 0.028, data: 0.003) G_GAN: 1.968 G_L1: 41.600 D_real: 0.017 D_fake: 0.290 
(epoch: 11, iters: 4240, time: 0.029, data: 0.003) G_GAN: 1.443 G_L1: 42.149 D_real: 0.000 D_fake: 0.893 
(epoch: 11, iters: 4260, time: 0.028, data: 0.003) G_GAN: 2.624 G_L1: 35.104 D_real: 0.020 D_fake: 0.096 
(epoch: 11, iters: 4280, time: 0.028, data: 0.002) G_GAN: 3.021 G_L1: 27.326 D_real: 0.490 D_fake: 0.044 
(epoch: 11, iters: 4300, time: 0.028, data: 0.003) G_GAN: 3.749 G_L1: 36.630 D_real: 0.005 D_fake: 0.052 
(epoch: 11, iters: 4320, time: 0.028, data: 0.003) G_GAN: 1.225 G_L1: 37.174 D_real: 0.005 D_fake: 0.807 
(epoch: 11, iters: 4340, time: 0.028, data: 0.002) G_GAN: 0.549 G_L1: 31.940 D_real: 1.919 D_fake: 0.157 
(epoch: 11, iters: 4360, time: 0.028, data: 0.002) G_GAN: 1.129 G_L1: 25.011 D_real: 1.695 D_fake: 0.194 
(epoch: 11, iters: 4380, time: 0.028, data: 0.003) G_GAN: 4.253 G_L1: 30.407 D_real: 0.015 D_fake: 0.019 
(epoch: 11, iters: 4400, time: 0.028, data: 0.003) G_GAN: 3.310 G_L1: 27.305 D_real: 0.030 D_fake: 0.032 
(epoch: 11, iters: 4420, time: 0.028, data: 0.002) G_GAN: 2.156 G_L1: 29.915 D_real: 0.042 D_fake: 0.362 
(epoch: 11, iters: 4440, time: 0.028, data: 0.003) G_GAN: 2.078 G_L1: 19.355 D_real: 1.050 D_fake: 0.089 
(epoch: 11, iters: 4460, time: 0.028, data: 0.002) G_GAN: 2.135 G_L1: 35.349 D_real: 0.011 D_fake: 0.221 
(epoch: 11, iters: 4480, time: 0.028, data: 0.002) G_GAN: 2.004 G_L1: 29.042 D_real: 0.068 D_fake: 0.203 
(epoch: 11, iters: 4500, time: 0.028, data: 0.003) G_GAN: 2.186 G_L1: 30.909 D_real: 0.162 D_fake: 0.150 
(epoch: 11, iters: 4520, time: 0.028, data: 0.003) G_GAN: 3.727 G_L1: 40.639 D_real: 0.001 D_fake: 0.036 
(epoch: 11, iters: 4540, time: 0.028, data: 0.003) G_GAN: 4.223 G_L1: 39.399 D_real: 0.001 D_fake: 0.018 
(epoch: 11, iters: 4560, time: 0.028, data: 0.003) G_GAN: 3.804 G_L1: 32.434 D_real: 0.322 D_fake: 0.024 
(epoch: 11, iters: 4580, time: 0.028, data: 0.003) G_GAN: 0.748 G_L1: 31.411 D_real: 0.907 D_fake: 0.507 
(epoch: 11, iters: 4600, time: 0.028, data: 0.002) G_GAN: 3.433 G_L1: 36.697 D_real: 0.001 D_fake: 0.078 
(epoch: 11, iters: 4620, time: 0.028, data: 0.003) G_GAN: 1.952 G_L1: 32.954 D_real: 0.953 D_fake: 0.123 
(epoch: 11, iters: 4640, time: 0.028, data: 0.003) G_GAN: 1.012 G_L1: 29.770 D_real: 0.778 D_fake: 0.297 
(epoch: 11, iters: 4660, time: 0.028, data: 0.003) G_GAN: 2.082 G_L1: 39.973 D_real: 0.005 D_fake: 0.527 
(epoch: 11, iters: 4680, time: 0.028, data: 0.003) G_GAN: 3.204 G_L1: 29.848 D_real: 0.013 D_fake: 0.030 
(epoch: 11, iters: 4700, time: 0.028, data: 0.003) G_GAN: 1.797 G_L1: 23.710 D_real: 0.028 D_fake: 1.784 
(epoch: 11, iters: 4720, time: 0.028, data: 0.003) G_GAN: 3.153 G_L1: 32.107 D_real: 2.551 D_fake: 0.016 
(epoch: 11, iters: 4740, time: 0.028, data: 0.002) G_GAN: 2.543 G_L1: 37.651 D_real: 0.004 D_fake: 0.153 
(epoch: 11, iters: 4760, time: 0.028, data: 0.003) G_GAN: 2.577 G_L1: 29.452 D_real: 0.467 D_fake: 0.073 
(epoch: 11, iters: 4780, time: 0.028, data: 0.003) G_GAN: 4.335 G_L1: 34.785 D_real: 0.068 D_fake: 0.017 
(epoch: 11, iters: 4800, time: 0.028, data: 0.002) G_GAN: 1.070 G_L1: 37.830 D_real: 1.402 D_fake: 0.303 
(epoch: 11, iters: 4820, time: 0.028, data: 0.003) G_GAN: 1.882 G_L1: 43.149 D_real: 0.006 D_fake: 0.316 
(epoch: 11, iters: 4840, time: 0.028, data: 0.003) G_GAN: 1.351 G_L1: 35.659 D_real: 0.014 D_fake: 0.410 
(epoch: 11, iters: 4860, time: 0.028, data: 0.003) G_GAN: 2.529 G_L1: 40.478 D_real: 0.006 D_fake: 0.159 
(epoch: 11, iters: 4880, time: 0.028, data: 0.002) G_GAN: 2.409 G_L1: 41.855 D_real: 1.899 D_fake: 0.031 
(epoch: 11, iters: 4900, time: 0.028, data: 0.002) G_GAN: 4.268 G_L1: 31.908 D_real: 0.023 D_fake: 0.020 
(epoch: 11, iters: 4920, time: 0.028, data: 0.003) G_GAN: 3.593 G_L1: 32.402 D_real: 0.043 D_fake: 0.053 
(epoch: 11, iters: 4940, time: 0.028, data: 0.002) G_GAN: 2.001 G_L1: 36.029 D_real: 0.054 D_fake: 0.154 
(epoch: 11, iters: 4960, time: 0.028, data: 0.003) G_GAN: 3.520 G_L1: 32.752 D_real: 0.004 D_fake: 0.042 
(epoch: 11, iters: 4980, time: 0.028, data: 0.002) G_GAN: 1.687 G_L1: 31.600 D_real: 0.243 D_fake: 0.198 
(epoch: 11, iters: 5000, time: 0.028, data: 0.002) G_GAN: 1.345 G_L1: 20.925 D_real: 1.075 D_fake: 0.184 
(epoch: 11, iters: 5020, time: 0.028, data: 0.004) G_GAN: 3.319 G_L1: 31.143 D_real: 0.029 D_fake: 0.062 
(epoch: 11, iters: 5040, time: 0.028, data: 0.002) G_GAN: 2.783 G_L1: 29.822 D_real: 0.001 D_fake: 0.083 
(epoch: 11, iters: 5060, time: 0.028, data: 0.003) G_GAN: 1.409 G_L1: 23.462 D_real: 0.009 D_fake: 1.322 
(epoch: 11, iters: 5080, time: 0.029, data: 0.002) G_GAN: 2.526 G_L1: 37.859 D_real: 0.002 D_fake: 0.114 
(epoch: 11, iters: 5100, time: 0.028, data: 0.002) G_GAN: 3.402 G_L1: 30.775 D_real: 0.007 D_fake: 0.058 
(epoch: 11, iters: 5120, time: 0.028, data: 0.003) G_GAN: 2.585 G_L1: 24.961 D_real: 0.842 D_fake: 0.052 
(epoch: 11, iters: 5140, time: 0.029, data: 0.002) G_GAN: 1.432 G_L1: 27.410 D_real: 0.993 D_fake: 0.300 
(epoch: 11, iters: 5160, time: 0.028, data: 0.002) G_GAN: 1.224 G_L1: 41.483 D_real: 0.409 D_fake: 0.547 
(epoch: 11, iters: 5180, time: 0.028, data: 0.002) G_GAN: 1.999 G_L1: 45.376 D_real: 0.001 D_fake: 0.322 
(epoch: 11, iters: 5200, time: 0.028, data: 0.003) G_GAN: 1.892 G_L1: 38.507 D_real: 0.002 D_fake: 0.177 
(epoch: 11, iters: 5220, time: 0.028, data: 0.003) G_GAN: 1.437 G_L1: 31.152 D_real: 0.545 D_fake: 0.312 
(epoch: 11, iters: 5240, time: 0.028, data: 0.003) G_GAN: 3.041 G_L1: 42.873 D_real: 0.003 D_fake: 0.085 
(epoch: 11, iters: 5260, time: 0.028, data: 0.003) G_GAN: 2.707 G_L1: 28.173 D_real: 1.863 D_fake: 0.023 
(epoch: 11, iters: 5280, time: 0.028, data: 0.003) G_GAN: 1.100 G_L1: 30.298 D_real: 0.000 D_fake: 2.775 
(epoch: 11, iters: 5300, time: 0.028, data: 0.002) G_GAN: 1.520 G_L1: 22.170 D_real: 2.928 D_fake: 0.071 
(epoch: 11, iters: 5320, time: 0.029, data: 0.003) G_GAN: 2.476 G_L1: 33.636 D_real: 0.235 D_fake: 0.092 
(epoch: 11, iters: 5340, time: 0.028, data: 0.002) G_GAN: 2.254 G_L1: 40.926 D_real: 0.000 D_fake: 0.153 
(epoch: 11, iters: 5360, time: 0.042, data: 0.003) G_GAN: 1.996 G_L1: 32.979 D_real: 0.056 D_fake: 0.201 
saving the latest model (epoch 11, total_iters 50000)
(epoch: 11, iters: 5380, time: 0.028, data: 0.002) G_GAN: 2.175 G_L1: 32.831 D_real: 1.689 D_fake: 0.043 
(epoch: 11, iters: 5400, time: 0.028, data: 0.002) G_GAN: 3.397 G_L1: 44.601 D_real: 0.003 D_fake: 0.043 
(epoch: 11, iters: 5420, time: 0.029, data: 0.003) G_GAN: 3.040 G_L1: 34.006 D_real: 0.207 D_fake: 0.039 
(epoch: 11, iters: 5440, time: 0.028, data: 0.003) G_GAN: 3.162 G_L1: 37.846 D_real: 0.002 D_fake: 0.081 
(epoch: 11, iters: 5460, time: 0.028, data: 0.002) G_GAN: 2.572 G_L1: 40.036 D_real: 0.043 D_fake: 0.103 
(epoch: 11, iters: 5480, time: 0.029, data: 0.003) G_GAN: 3.294 G_L1: 39.831 D_real: 0.033 D_fake: 0.045 
(epoch: 11, iters: 5500, time: 0.028, data: 0.002) G_GAN: 2.369 G_L1: 49.045 D_real: 0.002 D_fake: 0.086 
(epoch: 11, iters: 5520, time: 0.028, data: 0.002) G_GAN: 0.494 G_L1: 31.365 D_real: 2.017 D_fake: 0.965 
(epoch: 11, iters: 5540, time: 0.028, data: 0.003) G_GAN: 3.084 G_L1: 32.600 D_real: 0.004 D_fake: 0.072 
(epoch: 11, iters: 5560, time: 0.028, data: 0.003) G_GAN: 2.057 G_L1: 34.152 D_real: 0.008 D_fake: 0.528 
(epoch: 11, iters: 5580, time: 0.021, data: 0.002) G_GAN: 0.393 G_L1: 16.498 D_real: 2.898 D_fake: 0.374 
saving the model at the end of epoch 11, iters 50220
End of epoch 11 / 20     Time Taken: 91 sec
learning rate 0.0000818 -> 0.0000727
(epoch: 12, iters: 20, time: 0.028, data: 0.330) G_GAN: 2.246 G_L1: 28.391 D_real: 0.152 D_fake: 0.115 
(epoch: 12, iters: 40, time: 0.028, data: 0.001) G_GAN: 1.705 G_L1: 24.948 D_real: 0.222 D_fake: 0.163 
(epoch: 12, iters: 60, time: 0.029, data: 0.002) G_GAN: 1.761 G_L1: 33.459 D_real: 0.455 D_fake: 0.098 
(epoch: 12, iters: 80, time: 0.028, data: 0.002) G_GAN: 3.259 G_L1: 39.339 D_real: 0.002 D_fake: 0.051 
(epoch: 12, iters: 100, time: 0.028, data: 0.002) G_GAN: 1.850 G_L1: 33.494 D_real: 0.002 D_fake: 0.168 
(epoch: 12, iters: 120, time: 0.029, data: 0.002) G_GAN: 2.318 G_L1: 35.581 D_real: 0.000 D_fake: 0.091 
(epoch: 12, iters: 140, time: 0.028, data: 0.003) G_GAN: 1.877 G_L1: 28.561 D_real: 0.022 D_fake: 0.237 
(epoch: 12, iters: 160, time: 0.029, data: 0.003) G_GAN: 1.500 G_L1: 19.667 D_real: 0.051 D_fake: 0.438 
(epoch: 12, iters: 180, time: 0.042, data: 0.002) G_GAN: 1.764 G_L1: 25.787 D_real: 2.637 D_fake: 0.082 
(epoch: 12, iters: 200, time: 0.028, data: 0.002) G_GAN: 1.458 G_L1: 40.462 D_real: 0.005 D_fake: 0.715 
(epoch: 12, iters: 220, time: 0.028, data: 0.002) G_GAN: 2.272 G_L1: 34.442 D_real: 0.039 D_fake: 0.174 
(epoch: 12, iters: 240, time: 0.029, data: 0.003) G_GAN: 1.669 G_L1: 39.530 D_real: 0.006 D_fake: 0.398 
(epoch: 12, iters: 260, time: 0.029, data: 0.003) G_GAN: 1.801 G_L1: 39.014 D_real: 0.555 D_fake: 0.130 
(epoch: 12, iters: 280, time: 0.028, data: 0.002) G_GAN: 3.006 G_L1: 26.393 D_real: 0.436 D_fake: 0.039 
(epoch: 12, iters: 300, time: 0.028, data: 0.003) G_GAN: 2.143 G_L1: 42.802 D_real: 0.001 D_fake: 0.213 
(epoch: 12, iters: 320, time: 0.028, data: 0.003) G_GAN: 1.502 G_L1: 36.035 D_real: 0.000 D_fake: 0.261 
(epoch: 12, iters: 340, time: 0.028, data: 0.002) G_GAN: 2.376 G_L1: 32.905 D_real: 0.291 D_fake: 0.104 
(epoch: 12, iters: 360, time: 0.028, data: 0.002) G_GAN: 1.395 G_L1: 33.565 D_real: 0.061 D_fake: 0.484 
(epoch: 12, iters: 380, time: 0.028, data: 0.002) G_GAN: 3.701 G_L1: 43.074 D_real: 0.006 D_fake: 0.037 
(epoch: 12, iters: 400, time: 0.028, data: 0.002) G_GAN: 1.608 G_L1: 34.992 D_real: 0.000 D_fake: 0.574 
(epoch: 12, iters: 420, time: 0.029, data: 0.003) G_GAN: 3.845 G_L1: 39.119 D_real: 0.199 D_fake: 0.022 
(epoch: 12, iters: 440, time: 0.029, data: 0.002) G_GAN: 1.938 G_L1: 36.889 D_real: 0.022 D_fake: 0.405 
(epoch: 12, iters: 460, time: 0.029, data: 0.002) G_GAN: 2.620 G_L1: 35.191 D_real: 0.004 D_fake: 0.076 
(epoch: 12, iters: 480, time: 0.028, data: 0.002) G_GAN: 1.512 G_L1: 34.777 D_real: 0.001 D_fake: 0.652 
(epoch: 12, iters: 500, time: 0.028, data: 0.002) G_GAN: 1.970 G_L1: 43.012 D_real: 0.000 D_fake: 0.288 
(epoch: 12, iters: 520, time: 0.028, data: 0.003) G_GAN: 2.643 G_L1: 25.490 D_real: 0.042 D_fake: 0.121 
(epoch: 12, iters: 540, time: 0.028, data: 0.002) G_GAN: 3.107 G_L1: 36.831 D_real: 0.006 D_fake: 0.044 
(epoch: 12, iters: 560, time: 0.028, data: 0.002) G_GAN: 2.640 G_L1: 24.702 D_real: 0.229 D_fake: 0.076 
(epoch: 12, iters: 580, time: 0.029, data: 0.002) G_GAN: 2.380 G_L1: 23.621 D_real: 0.057 D_fake: 0.132 
(epoch: 12, iters: 600, time: 0.029, data: 0.003) G_GAN: 2.938 G_L1: 31.823 D_real: 1.055 D_fake: 0.032 
(epoch: 12, iters: 620, time: 0.028, data: 0.002) G_GAN: 1.950 G_L1: 32.756 D_real: 0.469 D_fake: 0.095 
(epoch: 12, iters: 640, time: 0.028, data: 0.003) G_GAN: 2.149 G_L1: 45.375 D_real: 0.000 D_fake: 0.582 
(epoch: 12, iters: 660, time: 0.028, data: 0.002) G_GAN: 1.038 G_L1: 26.928 D_real: 2.715 D_fake: 0.143 
(epoch: 12, iters: 680, time: 0.029, data: 0.002) G_GAN: 1.482 G_L1: 41.306 D_real: 0.000 D_fake: 3.381 
(epoch: 12, iters: 700, time: 0.028, data: 0.003) G_GAN: 0.627 G_L1: 22.656 D_real: 3.209 D_fake: 0.268 
(epoch: 12, iters: 720, time: 0.028, data: 0.003) G_GAN: 2.190 G_L1: 38.709 D_real: 0.045 D_fake: 0.205 
(epoch: 12, iters: 740, time: 0.028, data: 0.003) G_GAN: 1.737 G_L1: 27.621 D_real: 0.683 D_fake: 0.103 
(epoch: 12, iters: 760, time: 0.028, data: 0.002) G_GAN: 2.132 G_L1: 31.535 D_real: 0.612 D_fake: 0.092 
(epoch: 12, iters: 780, time: 0.028, data: 0.002) G_GAN: 3.224 G_L1: 32.722 D_real: 0.137 D_fake: 0.033 
(epoch: 12, iters: 800, time: 0.028, data: 0.002) G_GAN: 1.459 G_L1: 38.693 D_real: 0.003 D_fake: 0.304 
(epoch: 12, iters: 820, time: 0.029, data: 0.002) G_GAN: 3.564 G_L1: 34.416 D_real: 0.026 D_fake: 0.039 
(epoch: 12, iters: 840, time: 0.029, data: 0.002) G_GAN: 2.238 G_L1: 28.643 D_real: 1.115 D_fake: 0.045 
(epoch: 12, iters: 860, time: 0.028, data: 0.002) G_GAN: 1.274 G_L1: 30.675 D_real: 1.138 D_fake: 0.173 
(epoch: 12, iters: 880, time: 0.028, data: 0.002) G_GAN: 2.246 G_L1: 31.785 D_real: 0.003 D_fake: 0.165 
(epoch: 12, iters: 900, time: 0.028, data: 0.002) G_GAN: 2.694 G_L1: 33.202 D_real: 0.596 D_fake: 0.056 
(epoch: 12, iters: 920, time: 0.028, data: 0.002) G_GAN: 0.979 G_L1: 27.342 D_real: 1.189 D_fake: 0.219 
(epoch: 12, iters: 940, time: 0.028, data: 0.002) G_GAN: 1.811 G_L1: 34.678 D_real: 0.031 D_fake: 0.287 
(epoch: 12, iters: 960, time: 0.028, data: 0.003) G_GAN: 2.743 G_L1: 41.628 D_real: 0.036 D_fake: 0.062 
(epoch: 12, iters: 980, time: 0.028, data: 0.003) G_GAN: 1.224 G_L1: 28.588 D_real: 0.034 D_fake: 0.671 
(epoch: 12, iters: 1000, time: 0.028, data: 0.003) G_GAN: 1.461 G_L1: 22.498 D_real: 0.404 D_fake: 0.208 
(epoch: 12, iters: 1020, time: 0.028, data: 0.002) G_GAN: 2.718 G_L1: 29.377 D_real: 0.001 D_fake: 0.088 
(epoch: 12, iters: 1040, time: 0.028, data: 0.003) G_GAN: 3.009 G_L1: 27.617 D_real: 0.104 D_fake: 0.062 
(epoch: 12, iters: 1060, time: 0.028, data: 0.002) G_GAN: 1.981 G_L1: 37.545 D_real: 0.091 D_fake: 0.539 
(epoch: 12, iters: 1080, time: 0.028, data: 0.002) G_GAN: 1.183 G_L1: 23.907 D_real: 1.260 D_fake: 0.139 
(epoch: 12, iters: 1100, time: 0.028, data: 0.002) G_GAN: 2.431 G_L1: 37.920 D_real: 0.001 D_fake: 0.122 
(epoch: 12, iters: 1120, time: 0.028, data: 0.003) G_GAN: 1.505 G_L1: 33.384 D_real: 1.141 D_fake: 0.120 
(epoch: 12, iters: 1140, time: 0.028, data: 0.002) G_GAN: 2.386 G_L1: 33.153 D_real: 3.404 D_fake: 0.052 
(epoch: 12, iters: 1160, time: 0.028, data: 0.003) G_GAN: 2.168 G_L1: 28.018 D_real: 0.027 D_fake: 0.140 
(epoch: 12, iters: 1180, time: 0.028, data: 0.003) G_GAN: 1.968 G_L1: 40.207 D_real: 0.004 D_fake: 0.378 
(epoch: 12, iters: 1200, time: 0.028, data: 0.003) G_GAN: 1.331 G_L1: 32.102 D_real: 0.653 D_fake: 0.170 
(epoch: 12, iters: 1220, time: 0.028, data: 0.003) G_GAN: 3.084 G_L1: 26.785 D_real: 0.310 D_fake: 0.039 
(epoch: 12, iters: 1240, time: 0.028, data: 0.003) G_GAN: 2.489 G_L1: 43.427 D_real: 0.005 D_fake: 0.105 
(epoch: 12, iters: 1260, time: 0.028, data: 0.003) G_GAN: 1.651 G_L1: 48.905 D_real: 0.033 D_fake: 0.396 
(epoch: 12, iters: 1280, time: 0.029, data: 0.003) G_GAN: 2.572 G_L1: 44.250 D_real: 0.219 D_fake: 0.111 
(epoch: 12, iters: 1300, time: 0.029, data: 0.003) G_GAN: 2.439 G_L1: 27.470 D_real: 1.663 D_fake: 0.032 
(epoch: 12, iters: 1320, time: 0.026, data: 0.004) G_GAN: 1.870 G_L1: 31.439 D_real: 0.040 D_fake: 0.763 
(epoch: 12, iters: 1340, time: 0.028, data: 0.006) G_GAN: 2.500 G_L1: 41.858 D_real: 0.012 D_fake: 0.150 
(epoch: 12, iters: 1360, time: 0.028, data: 0.003) G_GAN: 1.446 G_L1: 35.123 D_real: 0.013 D_fake: 0.396 
(epoch: 12, iters: 1380, time: 0.028, data: 0.002) G_GAN: 1.954 G_L1: 36.057 D_real: 3.509 D_fake: 0.079 
(epoch: 12, iters: 1400, time: 0.028, data: 0.003) G_GAN: 2.757 G_L1: 38.165 D_real: 0.053 D_fake: 0.088 
(epoch: 12, iters: 1420, time: 0.028, data: 0.002) G_GAN: 1.777 G_L1: 33.803 D_real: 0.117 D_fake: 0.152 
(epoch: 12, iters: 1440, time: 0.028, data: 0.003) G_GAN: 1.984 G_L1: 43.238 D_real: 0.001 D_fake: 0.379 
(epoch: 12, iters: 1460, time: 0.028, data: 0.003) G_GAN: 1.322 G_L1: 25.986 D_real: 0.123 D_fake: 0.275 
(epoch: 12, iters: 1480, time: 0.028, data: 0.002) G_GAN: 2.668 G_L1: 33.787 D_real: 0.714 D_fake: 0.054 
(epoch: 12, iters: 1500, time: 0.028, data: 0.003) G_GAN: 1.948 G_L1: 34.404 D_real: 0.002 D_fake: 0.358 
(epoch: 12, iters: 1520, time: 0.028, data: 0.002) G_GAN: 2.353 G_L1: 37.180 D_real: 0.427 D_fake: 0.075 
(epoch: 12, iters: 1540, time: 0.028, data: 0.002) G_GAN: 1.881 G_L1: 34.066 D_real: 0.017 D_fake: 0.156 
(epoch: 12, iters: 1560, time: 0.028, data: 0.002) G_GAN: 2.971 G_L1: 26.211 D_real: 0.044 D_fake: 0.064 
(epoch: 12, iters: 1580, time: 0.028, data: 0.003) G_GAN: 2.545 G_L1: 36.287 D_real: 0.055 D_fake: 0.090 
(epoch: 12, iters: 1600, time: 0.028, data: 0.002) G_GAN: 1.826 G_L1: 35.686 D_real: 0.046 D_fake: 0.176 
(epoch: 12, iters: 1620, time: 0.028, data: 0.002) G_GAN: 2.153 G_L1: 43.593 D_real: 0.000 D_fake: 0.152 
(epoch: 12, iters: 1640, time: 0.028, data: 0.003) G_GAN: 2.378 G_L1: 33.105 D_real: 0.299 D_fake: 0.094 
(epoch: 12, iters: 1660, time: 0.028, data: 0.003) G_GAN: 1.621 G_L1: 27.399 D_real: 0.087 D_fake: 0.460 
(epoch: 12, iters: 1680, time: 0.028, data: 0.003) G_GAN: 2.325 G_L1: 24.851 D_real: 0.564 D_fake: 0.071 
(epoch: 12, iters: 1700, time: 0.028, data: 0.003) G_GAN: 2.075 G_L1: 35.564 D_real: 0.306 D_fake: 0.177 
(epoch: 12, iters: 1720, time: 0.028, data: 0.003) G_GAN: 1.788 G_L1: 43.348 D_real: 0.000 D_fake: 0.371 
(epoch: 12, iters: 1740, time: 0.028, data: 0.003) G_GAN: 2.370 G_L1: 27.258 D_real: 0.411 D_fake: 0.063 
(epoch: 12, iters: 1760, time: 0.028, data: 0.002) G_GAN: 2.828 G_L1: 49.784 D_real: 0.003 D_fake: 0.127 
(epoch: 12, iters: 1780, time: 0.044, data: 0.002) G_GAN: 2.197 G_L1: 28.726 D_real: 0.049 D_fake: 0.139 
(epoch: 12, iters: 1800, time: 0.028, data: 0.002) G_GAN: 1.486 G_L1: 37.657 D_real: 0.002 D_fake: 1.450 
(epoch: 12, iters: 1820, time: 0.028, data: 0.003) G_GAN: 2.423 G_L1: 25.965 D_real: 0.539 D_fake: 0.071 
(epoch: 12, iters: 1840, time: 0.029, data: 0.003) G_GAN: 3.218 G_L1: 32.319 D_real: 1.040 D_fake: 0.024 
(epoch: 12, iters: 1860, time: 0.028, data: 0.003) G_GAN: 2.863 G_L1: 29.019 D_real: 0.247 D_fake: 0.056 
(epoch: 12, iters: 1880, time: 0.028, data: 0.003) G_GAN: 2.880 G_L1: 36.481 D_real: 0.069 D_fake: 0.123 
(epoch: 12, iters: 1900, time: 0.028, data: 0.003) G_GAN: 1.612 G_L1: 40.360 D_real: 0.008 D_fake: 0.303 
(epoch: 12, iters: 1920, time: 0.028, data: 0.003) G_GAN: 3.147 G_L1: 34.313 D_real: 0.089 D_fake: 0.055 
(epoch: 12, iters: 1940, time: 0.028, data: 0.003) G_GAN: 3.036 G_L1: 34.242 D_real: 0.025 D_fake: 0.088 
(epoch: 12, iters: 1960, time: 0.028, data: 0.003) G_GAN: 0.867 G_L1: 29.741 D_real: 1.141 D_fake: 0.247 
(epoch: 12, iters: 1980, time: 0.028, data: 0.003) G_GAN: 3.142 G_L1: 29.488 D_real: 0.084 D_fake: 0.047 
(epoch: 12, iters: 2000, time: 0.028, data: 0.003) G_GAN: 1.044 G_L1: 31.904 D_real: 1.278 D_fake: 0.098 
(epoch: 12, iters: 2020, time: 0.028, data: 0.003) G_GAN: 3.465 G_L1: 28.201 D_real: 2.094 D_fake: 0.019 
(epoch: 12, iters: 2040, time: 0.028, data: 0.003) G_GAN: 1.185 G_L1: 29.116 D_real: 0.968 D_fake: 0.271 
(epoch: 12, iters: 2060, time: 0.028, data: 0.003) G_GAN: 2.303 G_L1: 40.622 D_real: 0.000 D_fake: 0.148 
(epoch: 12, iters: 2080, time: 0.028, data: 0.003) G_GAN: 1.225 G_L1: 30.393 D_real: 0.762 D_fake: 0.844 
(epoch: 12, iters: 2100, time: 0.028, data: 0.002) G_GAN: 2.227 G_L1: 32.938 D_real: 0.004 D_fake: 0.116 
(epoch: 12, iters: 2120, time: 0.027, data: 0.003) G_GAN: 1.772 G_L1: 35.658 D_real: 0.005 D_fake: 0.352 
(epoch: 12, iters: 2140, time: 0.027, data: 0.004) G_GAN: 3.699 G_L1: 39.370 D_real: 0.049 D_fake: 0.036 
(epoch: 12, iters: 2160, time: 0.027, data: 0.003) G_GAN: 1.186 G_L1: 35.459 D_real: 0.294 D_fake: 0.217 
(epoch: 12, iters: 2180, time: 0.028, data: 0.002) G_GAN: 1.014 G_L1: 34.850 D_real: 0.769 D_fake: 0.395 
(epoch: 12, iters: 2200, time: 0.027, data: 0.003) G_GAN: 1.970 G_L1: 29.281 D_real: 1.263 D_fake: 0.047 
(epoch: 12, iters: 2220, time: 0.028, data: 0.003) G_GAN: 2.498 G_L1: 32.097 D_real: 0.063 D_fake: 0.100 
(epoch: 12, iters: 2240, time: 0.028, data: 0.003) G_GAN: 1.194 G_L1: 38.827 D_real: 0.007 D_fake: 1.312 
(epoch: 12, iters: 2260, time: 0.028, data: 0.003) G_GAN: 0.707 G_L1: 24.317 D_real: 0.482 D_fake: 0.872 
(epoch: 12, iters: 2280, time: 0.028, data: 0.003) G_GAN: 1.230 G_L1: 21.549 D_real: 0.132 D_fake: 2.095 
(epoch: 12, iters: 2300, time: 0.028, data: 0.003) G_GAN: 1.766 G_L1: 30.428 D_real: 1.964 D_fake: 0.052 
(epoch: 12, iters: 2320, time: 0.028, data: 0.003) G_GAN: 2.699 G_L1: 24.042 D_real: 0.139 D_fake: 0.094 
(epoch: 12, iters: 2340, time: 0.028, data: 0.003) G_GAN: 1.580 G_L1: 43.637 D_real: 0.003 D_fake: 0.609 
(epoch: 12, iters: 2360, time: 0.028, data: 0.003) G_GAN: 1.399 G_L1: 20.873 D_real: 0.279 D_fake: 0.335 
(epoch: 12, iters: 2380, time: 0.028, data: 0.003) G_GAN: 1.498 G_L1: 32.839 D_real: 0.000 D_fake: 0.452 
(epoch: 12, iters: 2400, time: 0.028, data: 0.003) G_GAN: 4.115 G_L1: 37.793 D_real: 0.497 D_fake: 0.014 
(epoch: 12, iters: 2420, time: 0.028, data: 0.003) G_GAN: 1.594 G_L1: 31.278 D_real: 1.771 D_fake: 0.131 
(epoch: 12, iters: 2440, time: 0.028, data: 0.002) G_GAN: 3.284 G_L1: 33.015 D_real: 0.147 D_fake: 0.030 
(epoch: 12, iters: 2460, time: 0.028, data: 0.002) G_GAN: 1.623 G_L1: 30.137 D_real: 0.604 D_fake: 0.222 
(epoch: 12, iters: 2480, time: 0.028, data: 0.002) G_GAN: 0.728 G_L1: 34.217 D_real: 0.058 D_fake: 2.742 
(epoch: 12, iters: 2500, time: 0.028, data: 0.003) G_GAN: 2.128 G_L1: 37.072 D_real: 0.039 D_fake: 0.091 
(epoch: 12, iters: 2520, time: 0.028, data: 0.003) G_GAN: 2.824 G_L1: 48.855 D_real: 0.000 D_fake: 0.089 
(epoch: 12, iters: 2540, time: 0.028, data: 0.003) G_GAN: 2.324 G_L1: 28.956 D_real: 0.627 D_fake: 0.068 
(epoch: 12, iters: 2560, time: 0.028, data: 0.003) G_GAN: 1.032 G_L1: 25.811 D_real: 0.008 D_fake: 1.787 
(epoch: 12, iters: 2580, time: 0.028, data: 0.002) G_GAN: 3.521 G_L1: 23.528 D_real: 0.259 D_fake: 0.027 
(epoch: 12, iters: 2600, time: 0.028, data: 0.003) G_GAN: 2.377 G_L1: 42.068 D_real: 0.004 D_fake: 0.154 
(epoch: 12, iters: 2620, time: 0.028, data: 0.003) G_GAN: 2.448 G_L1: 29.612 D_real: 0.278 D_fake: 0.085 
(epoch: 12, iters: 2640, time: 0.028, data: 0.003) G_GAN: 3.672 G_L1: 27.590 D_real: 0.314 D_fake: 0.026 
(epoch: 12, iters: 2660, time: 0.028, data: 0.002) G_GAN: 1.760 G_L1: 31.806 D_real: 0.876 D_fake: 0.138 
(epoch: 12, iters: 2680, time: 0.028, data: 0.003) G_GAN: 2.494 G_L1: 28.356 D_real: 2.263 D_fake: 0.048 
(epoch: 12, iters: 2700, time: 0.028, data: 0.003) G_GAN: 1.916 G_L1: 34.256 D_real: 0.323 D_fake: 0.146 
(epoch: 12, iters: 2720, time: 0.028, data: 0.003) G_GAN: 2.571 G_L1: 43.013 D_real: 0.002 D_fake: 0.128 
(epoch: 12, iters: 2740, time: 0.028, data: 0.003) G_GAN: 1.230 G_L1: 32.366 D_real: 0.002 D_fake: 0.936 
(epoch: 12, iters: 2760, time: 0.028, data: 0.002) G_GAN: 1.195 G_L1: 32.433 D_real: 2.521 D_fake: 0.184 
(epoch: 12, iters: 2780, time: 0.028, data: 0.002) G_GAN: 2.124 G_L1: 36.792 D_real: 0.116 D_fake: 0.203 
(epoch: 12, iters: 2800, time: 0.028, data: 0.003) G_GAN: 1.653 G_L1: 35.028 D_real: 0.170 D_fake: 0.624 
(epoch: 12, iters: 2820, time: 0.028, data: 0.003) G_GAN: 3.246 G_L1: 26.816 D_real: 0.422 D_fake: 0.035 
(epoch: 12, iters: 2840, time: 0.028, data: 0.003) G_GAN: 1.954 G_L1: 27.474 D_real: 0.335 D_fake: 0.191 
(epoch: 12, iters: 2860, time: 0.028, data: 0.003) G_GAN: 1.318 G_L1: 40.715 D_real: 0.017 D_fake: 0.501 
(epoch: 12, iters: 2880, time: 0.028, data: 0.003) G_GAN: 3.477 G_L1: 42.041 D_real: 0.000 D_fake: 0.046 
(epoch: 12, iters: 2900, time: 0.028, data: 0.003) G_GAN: 1.418 G_L1: 32.841 D_real: 0.012 D_fake: 0.370 
(epoch: 12, iters: 2920, time: 0.028, data: 0.002) G_GAN: 2.355 G_L1: 34.019 D_real: 0.096 D_fake: 0.082 
(epoch: 12, iters: 2940, time: 0.028, data: 0.003) G_GAN: 1.878 G_L1: 34.770 D_real: 0.021 D_fake: 0.377 
(epoch: 12, iters: 2960, time: 0.028, data: 0.003) G_GAN: 1.489 G_L1: 27.443 D_real: 0.017 D_fake: 0.507 
(epoch: 12, iters: 2980, time: 0.028, data: 0.003) G_GAN: 1.845 G_L1: 24.811 D_real: 1.002 D_fake: 0.051 
(epoch: 12, iters: 3000, time: 0.028, data: 0.003) G_GAN: 1.641 G_L1: 28.957 D_real: 0.031 D_fake: 0.517 
(epoch: 12, iters: 3020, time: 0.028, data: 0.003) G_GAN: 1.921 G_L1: 27.855 D_real: 0.011 D_fake: 1.310 
(epoch: 12, iters: 3040, time: 0.028, data: 0.003) G_GAN: 1.883 G_L1: 33.737 D_real: 0.294 D_fake: 0.213 
(epoch: 12, iters: 3060, time: 0.028, data: 0.003) G_GAN: 3.212 G_L1: 40.360 D_real: 0.000 D_fake: 0.056 
(epoch: 12, iters: 3080, time: 0.028, data: 0.003) G_GAN: 2.626 G_L1: 31.272 D_real: 0.058 D_fake: 0.085 
(epoch: 12, iters: 3100, time: 0.028, data: 0.003) G_GAN: 2.325 G_L1: 37.423 D_real: 0.006 D_fake: 0.152 
(epoch: 12, iters: 3120, time: 0.028, data: 0.003) G_GAN: 1.704 G_L1: 33.447 D_real: 1.511 D_fake: 0.099 
(epoch: 12, iters: 3140, time: 0.028, data: 0.003) G_GAN: 1.104 G_L1: 17.250 D_real: 3.250 D_fake: 0.241 
(epoch: 12, iters: 3160, time: 0.028, data: 0.002) G_GAN: 2.521 G_L1: 36.604 D_real: 0.004 D_fake: 0.100 
(epoch: 12, iters: 3180, time: 0.028, data: 0.003) G_GAN: 1.462 G_L1: 18.421 D_real: 0.067 D_fake: 1.011 
(epoch: 12, iters: 3200, time: 0.028, data: 0.002) G_GAN: 1.553 G_L1: 29.540 D_real: 0.103 D_fake: 0.254 
(epoch: 12, iters: 3220, time: 0.028, data: 0.002) G_GAN: 2.592 G_L1: 28.499 D_real: 0.128 D_fake: 0.106 
(epoch: 12, iters: 3240, time: 0.028, data: 0.002) G_GAN: 2.779 G_L1: 39.538 D_real: 0.001 D_fake: 0.082 
(epoch: 12, iters: 3260, time: 0.028, data: 0.002) G_GAN: 1.971 G_L1: 34.549 D_real: 0.025 D_fake: 0.262 
(epoch: 12, iters: 3280, time: 0.028, data: 0.003) G_GAN: 2.175 G_L1: 35.371 D_real: 0.009 D_fake: 0.177 
(epoch: 12, iters: 3300, time: 0.029, data: 0.002) G_GAN: 1.260 G_L1: 23.355 D_real: 1.218 D_fake: 0.092 
(epoch: 12, iters: 3320, time: 0.028, data: 0.002) G_GAN: 1.426 G_L1: 29.048 D_real: 0.790 D_fake: 0.218 
(epoch: 12, iters: 3340, time: 0.028, data: 0.003) G_GAN: 1.510 G_L1: 20.896 D_real: 0.261 D_fake: 0.414 
(epoch: 12, iters: 3360, time: 0.029, data: 0.003) G_GAN: 2.184 G_L1: 31.118 D_real: 0.001 D_fake: 0.167 
(epoch: 12, iters: 3380, time: 0.028, data: 0.003) G_GAN: 3.634 G_L1: 41.089 D_real: 0.685 D_fake: 0.018 
(epoch: 12, iters: 3400, time: 0.028, data: 0.003) G_GAN: 2.333 G_L1: 29.187 D_real: 0.014 D_fake: 0.180 
(epoch: 12, iters: 3420, time: 0.028, data: 0.002) G_GAN: 2.175 G_L1: 40.041 D_real: 0.003 D_fake: 0.165 
(epoch: 12, iters: 3440, time: 0.028, data: 0.003) G_GAN: 1.629 G_L1: 41.103 D_real: 0.286 D_fake: 0.324 
(epoch: 12, iters: 3460, time: 0.028, data: 0.002) G_GAN: 2.093 G_L1: 41.017 D_real: 0.000 D_fake: 0.371 
(epoch: 12, iters: 3480, time: 0.028, data: 0.003) G_GAN: 1.288 G_L1: 41.621 D_real: 0.094 D_fake: 0.543 
(epoch: 12, iters: 3500, time: 0.028, data: 0.003) G_GAN: 2.198 G_L1: 30.257 D_real: 0.012 D_fake: 0.198 
(epoch: 12, iters: 3520, time: 0.028, data: 0.003) G_GAN: 1.752 G_L1: 36.557 D_real: 0.001 D_fake: 0.221 
(epoch: 12, iters: 3540, time: 0.028, data: 0.003) G_GAN: 0.824 G_L1: 37.546 D_real: 0.560 D_fake: 0.412 
(epoch: 12, iters: 3560, time: 0.028, data: 0.002) G_GAN: 3.231 G_L1: 32.002 D_real: 0.262 D_fake: 0.040 
(epoch: 12, iters: 3580, time: 0.028, data: 0.004) G_GAN: 3.114 G_L1: 32.270 D_real: 0.017 D_fake: 0.050 
(epoch: 12, iters: 3600, time: 0.028, data: 0.003) G_GAN: 1.139 G_L1: 31.005 D_real: 0.233 D_fake: 1.004 
(epoch: 12, iters: 3620, time: 0.028, data: 0.002) G_GAN: 1.963 G_L1: 31.920 D_real: 0.066 D_fake: 0.213 
(epoch: 12, iters: 3640, time: 0.028, data: 0.002) G_GAN: 1.962 G_L1: 34.212 D_real: 0.001 D_fake: 0.275 
(epoch: 12, iters: 3660, time: 0.028, data: 0.003) G_GAN: 3.951 G_L1: 35.321 D_real: 0.000 D_fake: 0.015 
(epoch: 12, iters: 3680, time: 0.028, data: 0.003) G_GAN: 3.620 G_L1: 34.497 D_real: 0.002 D_fake: 0.039 
(epoch: 12, iters: 3700, time: 0.028, data: 0.003) G_GAN: 2.418 G_L1: 31.915 D_real: 0.049 D_fake: 0.075 
(epoch: 12, iters: 3720, time: 0.028, data: 0.003) G_GAN: 2.657 G_L1: 35.948 D_real: 0.003 D_fake: 0.143 
(epoch: 12, iters: 3740, time: 0.028, data: 0.002) G_GAN: 2.988 G_L1: 29.124 D_real: 0.042 D_fake: 0.054 
(epoch: 12, iters: 3760, time: 0.028, data: 0.003) G_GAN: 1.440 G_L1: 29.268 D_real: 0.176 D_fake: 0.385 
(epoch: 12, iters: 3780, time: 0.045, data: 0.003) G_GAN: 2.417 G_L1: 33.942 D_real: 0.004 D_fake: 0.140 
(epoch: 12, iters: 3800, time: 0.028, data: 0.003) G_GAN: 2.106 G_L1: 16.861 D_real: 1.361 D_fake: 0.052 
(epoch: 12, iters: 3820, time: 0.028, data: 0.003) G_GAN: 1.161 G_L1: 36.990 D_real: 0.968 D_fake: 0.259 
(epoch: 12, iters: 3840, time: 0.028, data: 0.002) G_GAN: 1.945 G_L1: 38.036 D_real: 1.410 D_fake: 0.058 
(epoch: 12, iters: 3860, time: 0.028, data: 0.002) G_GAN: 2.245 G_L1: 18.804 D_real: 0.483 D_fake: 0.128 
(epoch: 12, iters: 3880, time: 0.028, data: 0.002) G_GAN: 4.787 G_L1: 40.678 D_real: 0.016 D_fake: 0.010 
(epoch: 12, iters: 3900, time: 0.028, data: 0.003) G_GAN: 2.154 G_L1: 31.802 D_real: 0.137 D_fake: 0.118 
(epoch: 12, iters: 3920, time: 0.028, data: 0.003) G_GAN: 2.560 G_L1: 36.708 D_real: 0.036 D_fake: 0.108 
(epoch: 12, iters: 3940, time: 0.028, data: 0.003) G_GAN: 2.926 G_L1: 32.796 D_real: 0.047 D_fake: 0.062 
(epoch: 12, iters: 3960, time: 0.028, data: 0.003) G_GAN: 2.175 G_L1: 32.698 D_real: 0.446 D_fake: 0.171 
(epoch: 12, iters: 3980, time: 0.028, data: 0.002) G_GAN: 1.433 G_L1: 30.896 D_real: 0.088 D_fake: 0.355 
(epoch: 12, iters: 4000, time: 0.028, data: 0.003) G_GAN: 3.174 G_L1: 35.175 D_real: 0.331 D_fake: 0.032 
(epoch: 12, iters: 4020, time: 0.028, data: 0.002) G_GAN: 2.839 G_L1: 43.623 D_real: 0.002 D_fake: 0.141 
(epoch: 12, iters: 4040, time: 0.028, data: 0.002) G_GAN: 2.014 G_L1: 29.949 D_real: 0.004 D_fake: 0.188 
(epoch: 12, iters: 4060, time: 0.028, data: 0.003) G_GAN: 1.325 G_L1: 39.357 D_real: 0.448 D_fake: 0.171 
(epoch: 12, iters: 4080, time: 0.028, data: 0.002) G_GAN: 2.177 G_L1: 37.013 D_real: 0.005 D_fake: 0.233 
(epoch: 12, iters: 4100, time: 0.028, data: 0.003) G_GAN: 1.615 G_L1: 34.477 D_real: 0.060 D_fake: 0.191 
(epoch: 12, iters: 4120, time: 0.028, data: 0.003) G_GAN: 1.652 G_L1: 46.271 D_real: 0.000 D_fake: 0.565 
(epoch: 12, iters: 4140, time: 0.028, data: 0.003) G_GAN: 1.406 G_L1: 19.500 D_real: 0.206 D_fake: 0.311 
(epoch: 12, iters: 4160, time: 0.028, data: 0.003) G_GAN: 2.678 G_L1: 45.534 D_real: 0.113 D_fake: 0.079 
(epoch: 12, iters: 4180, time: 0.028, data: 0.003) G_GAN: 3.886 G_L1: 39.975 D_real: 0.002 D_fake: 0.035 
(epoch: 12, iters: 4200, time: 0.028, data: 0.003) G_GAN: 1.194 G_L1: 38.086 D_real: 0.007 D_fake: 1.397 
(epoch: 12, iters: 4220, time: 0.028, data: 0.003) G_GAN: 1.842 G_L1: 29.894 D_real: 3.677 D_fake: 0.110 
(epoch: 12, iters: 4240, time: 0.028, data: 0.003) G_GAN: 0.976 G_L1: 33.882 D_real: 0.394 D_fake: 0.609 
(epoch: 12, iters: 4260, time: 0.028, data: 0.002) G_GAN: 1.305 G_L1: 39.152 D_real: 0.602 D_fake: 0.680 
(epoch: 12, iters: 4280, time: 0.028, data: 0.003) G_GAN: 2.949 G_L1: 33.449 D_real: 0.081 D_fake: 0.061 
(epoch: 12, iters: 4300, time: 0.028, data: 0.003) G_GAN: 1.582 G_L1: 27.515 D_real: 0.013 D_fake: 0.569 
(epoch: 12, iters: 4320, time: 0.028, data: 0.003) G_GAN: 1.593 G_L1: 34.428 D_real: 0.008 D_fake: 0.347 
(epoch: 12, iters: 4340, time: 0.028, data: 0.002) G_GAN: 2.307 G_L1: 37.033 D_real: 0.001 D_fake: 0.245 
(epoch: 12, iters: 4360, time: 0.028, data: 0.002) G_GAN: 2.309 G_L1: 47.473 D_real: 0.001 D_fake: 0.190 
(epoch: 12, iters: 4380, time: 0.028, data: 0.002) G_GAN: 1.309 G_L1: 35.475 D_real: 0.007 D_fake: 0.486 
(epoch: 12, iters: 4400, time: 0.028, data: 0.003) G_GAN: 3.722 G_L1: 43.349 D_real: 0.016 D_fake: 0.044 
(epoch: 12, iters: 4420, time: 0.028, data: 0.002) G_GAN: 1.469 G_L1: 37.403 D_real: 0.005 D_fake: 0.226 
(epoch: 12, iters: 4440, time: 0.028, data: 0.003) G_GAN: 2.479 G_L1: 30.486 D_real: 0.426 D_fake: 0.115 
(epoch: 12, iters: 4460, time: 0.028, data: 0.003) G_GAN: 1.255 G_L1: 35.677 D_real: 0.121 D_fake: 0.479 
(epoch: 12, iters: 4480, time: 0.028, data: 0.003) G_GAN: 2.534 G_L1: 30.191 D_real: 0.175 D_fake: 0.119 
(epoch: 12, iters: 4500, time: 0.028, data: 0.002) G_GAN: 2.550 G_L1: 30.227 D_real: 0.020 D_fake: 0.339 
(epoch: 12, iters: 4520, time: 0.028, data: 0.003) G_GAN: 1.696 G_L1: 29.040 D_real: 1.116 D_fake: 0.124 
(epoch: 12, iters: 4540, time: 0.028, data: 0.002) G_GAN: 0.776 G_L1: 32.769 D_real: 0.651 D_fake: 0.344 
(epoch: 12, iters: 4560, time: 0.028, data: 0.003) G_GAN: 0.827 G_L1: 38.245 D_real: 1.920 D_fake: 0.177 
(epoch: 12, iters: 4580, time: 0.028, data: 0.003) G_GAN: 1.432 G_L1: 28.690 D_real: 0.004 D_fake: 1.142 
(epoch: 12, iters: 4600, time: 0.028, data: 0.002) G_GAN: 3.514 G_L1: 30.380 D_real: 1.314 D_fake: 0.015 
(epoch: 12, iters: 4620, time: 0.027, data: 0.003) G_GAN: 1.729 G_L1: 26.281 D_real: 2.790 D_fake: 0.118 
(epoch: 12, iters: 4640, time: 0.027, data: 0.003) G_GAN: 2.723 G_L1: 45.009 D_real: 0.000 D_fake: 0.148 
(epoch: 12, iters: 4660, time: 0.028, data: 0.002) G_GAN: 2.002 G_L1: 31.657 D_real: 0.055 D_fake: 0.234 
(epoch: 12, iters: 4680, time: 0.028, data: 0.002) G_GAN: 1.190 G_L1: 17.927 D_real: 1.893 D_fake: 0.122 
(epoch: 12, iters: 4700, time: 0.028, data: 0.002) G_GAN: 2.412 G_L1: 30.298 D_real: 0.115 D_fake: 0.107 
(epoch: 12, iters: 4720, time: 0.028, data: 0.002) G_GAN: 2.717 G_L1: 35.799 D_real: 0.011 D_fake: 0.082 
(epoch: 12, iters: 4740, time: 0.028, data: 0.003) G_GAN: 1.556 G_L1: 32.727 D_real: 0.039 D_fake: 0.298 
(epoch: 12, iters: 4760, time: 0.028, data: 0.003) G_GAN: 2.539 G_L1: 30.083 D_real: 0.128 D_fake: 0.115 
(epoch: 12, iters: 4780, time: 0.028, data: 0.003) G_GAN: 1.851 G_L1: 31.573 D_real: 0.390 D_fake: 0.164 
saving the latest model (epoch 12, total_iters 55000)
(epoch: 12, iters: 4800, time: 0.028, data: 0.003) G_GAN: 2.560 G_L1: 45.455 D_real: 0.010 D_fake: 0.118 
(epoch: 12, iters: 4820, time: 0.028, data: 0.002) G_GAN: 2.603 G_L1: 35.767 D_real: 0.029 D_fake: 0.090 
(epoch: 12, iters: 4840, time: 0.029, data: 0.003) G_GAN: 2.150 G_L1: 24.335 D_real: 0.022 D_fake: 1.169 
(epoch: 12, iters: 4860, time: 0.028, data: 0.003) G_GAN: 3.245 G_L1: 36.954 D_real: 0.016 D_fake: 0.046 
(epoch: 12, iters: 4880, time: 0.028, data: 0.003) G_GAN: 1.997 G_L1: 34.023 D_real: 0.002 D_fake: 0.831 
(epoch: 12, iters: 4900, time: 0.028, data: 0.003) G_GAN: 2.301 G_L1: 44.864 D_real: 0.000 D_fake: 0.168 
(epoch: 12, iters: 4920, time: 0.028, data: 0.002) G_GAN: 3.173 G_L1: 14.834 D_real: 2.617 D_fake: 0.024 
(epoch: 12, iters: 4940, time: 0.028, data: 0.004) G_GAN: 1.253 G_L1: 20.194 D_real: 0.300 D_fake: 0.250 
(epoch: 12, iters: 4960, time: 0.028, data: 0.003) G_GAN: 2.292 G_L1: 38.956 D_real: 0.002 D_fake: 0.164 
(epoch: 12, iters: 4980, time: 0.028, data: 0.003) G_GAN: 2.231 G_L1: 40.485 D_real: 0.003 D_fake: 0.240 
(epoch: 12, iters: 5000, time: 0.028, data: 0.003) G_GAN: 1.873 G_L1: 48.220 D_real: 0.000 D_fake: 0.997 
(epoch: 12, iters: 5020, time: 0.028, data: 0.003) G_GAN: 3.507 G_L1: 28.347 D_real: 0.335 D_fake: 0.022 
(epoch: 12, iters: 5040, time: 0.028, data: 0.003) G_GAN: 2.603 G_L1: 37.559 D_real: 0.003 D_fake: 0.113 
(epoch: 12, iters: 5060, time: 0.028, data: 0.003) G_GAN: 2.897 G_L1: 40.445 D_real: 0.005 D_fake: 0.070 
(epoch: 12, iters: 5080, time: 0.028, data: 0.002) G_GAN: 3.270 G_L1: 50.130 D_real: 0.002 D_fake: 0.083 
(epoch: 12, iters: 5100, time: 0.028, data: 0.003) G_GAN: 1.361 G_L1: 35.629 D_real: 0.017 D_fake: 0.292 
(epoch: 12, iters: 5120, time: 0.028, data: 0.002) G_GAN: 2.939 G_L1: 47.201 D_real: 0.001 D_fake: 0.073 
(epoch: 12, iters: 5140, time: 0.028, data: 0.002) G_GAN: 2.373 G_L1: 33.323 D_real: 0.092 D_fake: 0.134 
(epoch: 12, iters: 5160, time: 0.028, data: 0.003) G_GAN: 1.271 G_L1: 38.745 D_real: 2.265 D_fake: 0.174 
(epoch: 12, iters: 5180, time: 0.028, data: 0.003) G_GAN: 2.430 G_L1: 36.633 D_real: 0.005 D_fake: 0.134 
(epoch: 12, iters: 5200, time: 0.028, data: 0.003) G_GAN: 2.071 G_L1: 29.890 D_real: 0.049 D_fake: 0.211 
(epoch: 12, iters: 5220, time: 0.028, data: 0.002) G_GAN: 1.293 G_L1: 23.377 D_real: 0.074 D_fake: 0.591 
(epoch: 12, iters: 5240, time: 0.028, data: 0.002) G_GAN: 1.184 G_L1: 34.256 D_real: 0.035 D_fake: 0.365 
(epoch: 12, iters: 5260, time: 0.028, data: 0.003) G_GAN: 1.191 G_L1: 25.405 D_real: 0.557 D_fake: 0.236 
(epoch: 12, iters: 5280, time: 0.028, data: 0.003) G_GAN: 1.572 G_L1: 30.425 D_real: 0.141 D_fake: 0.306 
(epoch: 12, iters: 5300, time: 0.028, data: 0.003) G_GAN: 3.249 G_L1: 42.573 D_real: 0.013 D_fake: 0.055 
(epoch: 12, iters: 5320, time: 0.028, data: 0.005) G_GAN: 2.304 G_L1: 23.597 D_real: 0.265 D_fake: 0.098 
(epoch: 12, iters: 5340, time: 0.028, data: 0.003) G_GAN: 1.326 G_L1: 28.653 D_real: 2.561 D_fake: 0.107 
(epoch: 12, iters: 5360, time: 0.028, data: 0.003) G_GAN: 4.192 G_L1: 43.431 D_real: 0.002 D_fake: 0.018 
(epoch: 12, iters: 5380, time: 0.028, data: 0.003) G_GAN: 2.248 G_L1: 36.734 D_real: 0.018 D_fake: 0.207 
(epoch: 12, iters: 5400, time: 0.028, data: 0.003) G_GAN: 3.052 G_L1: 42.241 D_real: 0.017 D_fake: 0.056 
(epoch: 12, iters: 5420, time: 0.028, data: 0.003) G_GAN: 3.561 G_L1: 32.295 D_real: 0.017 D_fake: 0.027 
(epoch: 12, iters: 5440, time: 0.028, data: 0.003) G_GAN: 1.400 G_L1: 41.064 D_real: 0.000 D_fake: 0.661 
(epoch: 12, iters: 5460, time: 0.028, data: 0.003) G_GAN: 1.559 G_L1: 28.626 D_real: 2.369 D_fake: 0.079 
(epoch: 12, iters: 5480, time: 0.028, data: 0.002) G_GAN: 3.079 G_L1: 30.152 D_real: 0.006 D_fake: 0.085 
(epoch: 12, iters: 5500, time: 0.028, data: 0.004) G_GAN: 2.634 G_L1: 43.084 D_real: 0.000 D_fake: 0.169 
(epoch: 12, iters: 5520, time: 0.028, data: 0.003) G_GAN: 1.741 G_L1: 32.019 D_real: 0.284 D_fake: 0.157 
(epoch: 12, iters: 5540, time: 0.028, data: 0.002) G_GAN: 1.649 G_L1: 31.505 D_real: 0.756 D_fake: 0.157 
(epoch: 12, iters: 5560, time: 0.028, data: 0.002) G_GAN: 1.932 G_L1: 29.802 D_real: 0.621 D_fake: 0.144 
(epoch: 12, iters: 5580, time: 0.021, data: 0.002) G_GAN: 0.951 G_L1: 24.788 D_real: 0.574 D_fake: 1.960 
saving the model at the end of epoch 12, iters 55800
End of epoch 12 / 20     Time Taken: 90 sec
learning rate 0.0000727 -> 0.0000636
(epoch: 13, iters: 20, time: 0.028, data: 0.355) G_GAN: 1.894 G_L1: 37.272 D_real: 0.068 D_fake: 0.167 
(epoch: 13, iters: 40, time: 0.028, data: 0.003) G_GAN: 1.292 G_L1: 24.535 D_real: 0.564 D_fake: 0.385 
(epoch: 13, iters: 60, time: 0.029, data: 0.003) G_GAN: 2.582 G_L1: 38.290 D_real: 0.001 D_fake: 0.112 
(epoch: 13, iters: 80, time: 0.028, data: 0.003) G_GAN: 1.775 G_L1: 24.195 D_real: 0.317 D_fake: 0.216 
(epoch: 13, iters: 100, time: 0.028, data: 0.003) G_GAN: 3.409 G_L1: 27.474 D_real: 0.646 D_fake: 0.020 
(epoch: 13, iters: 120, time: 0.028, data: 0.003) G_GAN: 2.747 G_L1: 31.286 D_real: 0.007 D_fake: 0.120 
(epoch: 13, iters: 140, time: 0.028, data: 0.002) G_GAN: 2.846 G_L1: 36.603 D_real: 0.064 D_fake: 0.069 
(epoch: 13, iters: 160, time: 0.028, data: 0.003) G_GAN: 2.392 G_L1: 30.135 D_real: 0.434 D_fake: 0.087 
(epoch: 13, iters: 180, time: 0.028, data: 0.003) G_GAN: 1.146 G_L1: 36.699 D_real: 0.845 D_fake: 0.379 
(epoch: 13, iters: 200, time: 0.046, data: 0.003) G_GAN: 2.322 G_L1: 27.704 D_real: 1.620 D_fake: 0.044 
(epoch: 13, iters: 220, time: 0.026, data: 0.004) G_GAN: 2.940 G_L1: 27.102 D_real: 2.450 D_fake: 0.035 
(epoch: 13, iters: 240, time: 0.026, data: 0.005) G_GAN: 1.623 G_L1: 33.041 D_real: 0.801 D_fake: 0.162 
(epoch: 13, iters: 260, time: 0.028, data: 0.004) G_GAN: 3.106 G_L1: 21.918 D_real: 1.385 D_fake: 0.024 
(epoch: 13, iters: 280, time: 0.028, data: 0.002) G_GAN: 1.747 G_L1: 45.635 D_real: 0.000 D_fake: 0.426 
(epoch: 13, iters: 300, time: 0.028, data: 0.003) G_GAN: 1.657 G_L1: 34.647 D_real: 0.008 D_fake: 0.257 
(epoch: 13, iters: 320, time: 0.028, data: 0.003) G_GAN: 1.666 G_L1: 25.777 D_real: 1.144 D_fake: 0.116 
(epoch: 13, iters: 340, time: 0.028, data: 0.003) G_GAN: 2.236 G_L1: 36.690 D_real: 0.071 D_fake: 0.203 
(epoch: 13, iters: 360, time: 0.028, data: 0.003) G_GAN: 2.588 G_L1: 16.040 D_real: 2.876 D_fake: 0.019 
(epoch: 13, iters: 380, time: 0.028, data: 0.003) G_GAN: 2.681 G_L1: 31.836 D_real: 0.196 D_fake: 0.076 
(epoch: 13, iters: 400, time: 0.028, data: 0.003) G_GAN: 1.449 G_L1: 32.541 D_real: 0.021 D_fake: 0.760 
(epoch: 13, iters: 420, time: 0.028, data: 0.003) G_GAN: 1.382 G_L1: 32.650 D_real: 1.582 D_fake: 0.124 
(epoch: 13, iters: 440, time: 0.028, data: 0.003) G_GAN: 1.953 G_L1: 24.847 D_real: 1.133 D_fake: 0.090 
(epoch: 13, iters: 460, time: 0.028, data: 0.003) G_GAN: 2.584 G_L1: 34.851 D_real: 0.006 D_fake: 0.145 
(epoch: 13, iters: 480, time: 0.028, data: 0.003) G_GAN: 1.803 G_L1: 46.956 D_real: 0.000 D_fake: 0.205 
(epoch: 13, iters: 500, time: 0.028, data: 0.003) G_GAN: 2.913 G_L1: 34.109 D_real: 0.121 D_fake: 0.075 
(epoch: 13, iters: 520, time: 0.028, data: 0.003) G_GAN: 1.659 G_L1: 35.548 D_real: 0.237 D_fake: 0.242 
(epoch: 13, iters: 540, time: 0.028, data: 0.003) G_GAN: 1.276 G_L1: 38.673 D_real: 0.002 D_fake: 0.696 
(epoch: 13, iters: 560, time: 0.028, data: 0.003) G_GAN: 2.253 G_L1: 42.289 D_real: 0.059 D_fake: 0.146 
(epoch: 13, iters: 580, time: 0.028, data: 0.003) G_GAN: 2.396 G_L1: 34.761 D_real: 0.284 D_fake: 0.097 
(epoch: 13, iters: 600, time: 0.028, data: 0.003) G_GAN: 2.313 G_L1: 33.452 D_real: 0.017 D_fake: 0.123 
(epoch: 13, iters: 620, time: 0.028, data: 0.003) G_GAN: 1.781 G_L1: 35.621 D_real: 0.012 D_fake: 0.190 
(epoch: 13, iters: 640, time: 0.028, data: 0.002) G_GAN: 1.981 G_L1: 41.644 D_real: 1.120 D_fake: 0.114 
(epoch: 13, iters: 660, time: 0.028, data: 0.003) G_GAN: 2.084 G_L1: 34.444 D_real: 0.000 D_fake: 0.510 
(epoch: 13, iters: 680, time: 0.028, data: 0.002) G_GAN: 1.630 G_L1: 39.824 D_real: 0.233 D_fake: 0.234 
(epoch: 13, iters: 700, time: 0.028, data: 0.003) G_GAN: 3.157 G_L1: 36.802 D_real: 0.001 D_fake: 0.072 
(epoch: 13, iters: 720, time: 0.028, data: 0.002) G_GAN: 3.057 G_L1: 38.579 D_real: 0.221 D_fake: 0.043 
(epoch: 13, iters: 740, time: 0.028, data: 0.002) G_GAN: 2.064 G_L1: 29.686 D_real: 0.052 D_fake: 0.196 
(epoch: 13, iters: 760, time: 0.028, data: 0.002) G_GAN: 1.804 G_L1: 37.616 D_real: 0.003 D_fake: 0.445 
(epoch: 13, iters: 780, time: 0.028, data: 0.002) G_GAN: 1.362 G_L1: 42.102 D_real: 0.102 D_fake: 0.653 
(epoch: 13, iters: 800, time: 0.028, data: 0.003) G_GAN: 2.335 G_L1: 49.053 D_real: 0.001 D_fake: 0.145 
(epoch: 13, iters: 820, time: 0.028, data: 0.003) G_GAN: 2.983 G_L1: 44.649 D_real: 0.001 D_fake: 0.049 
(epoch: 13, iters: 840, time: 0.028, data: 0.002) G_GAN: 2.298 G_L1: 24.966 D_real: 0.461 D_fake: 0.073 
(epoch: 13, iters: 860, time: 0.028, data: 0.002) G_GAN: 1.478 G_L1: 25.932 D_real: 0.520 D_fake: 0.311 
(epoch: 13, iters: 880, time: 0.028, data: 0.004) G_GAN: 1.364 G_L1: 39.134 D_real: 0.002 D_fake: 0.554 
(epoch: 13, iters: 900, time: 0.028, data: 0.003) G_GAN: 1.231 G_L1: 24.867 D_real: 1.421 D_fake: 0.176 
(epoch: 13, iters: 920, time: 0.026, data: 0.004) G_GAN: 2.079 G_L1: 26.104 D_real: 0.097 D_fake: 0.230 
(epoch: 13, iters: 940, time: 0.028, data: 0.005) G_GAN: 1.981 G_L1: 38.134 D_real: 0.002 D_fake: 0.285 
(epoch: 13, iters: 960, time: 0.023, data: 0.003) G_GAN: 1.433 G_L1: 29.764 D_real: 0.829 D_fake: 0.117 
(epoch: 13, iters: 980, time: 0.025, data: 0.009) G_GAN: 2.680 G_L1: 30.022 D_real: 0.017 D_fake: 0.133 
(epoch: 13, iters: 1000, time: 0.028, data: 0.003) G_GAN: 2.220 G_L1: 33.023 D_real: 0.000 D_fake: 0.146 
(epoch: 13, iters: 1020, time: 0.026, data: 0.010) G_GAN: 1.233 G_L1: 25.399 D_real: 0.078 D_fake: 0.500 
(epoch: 13, iters: 1040, time: 0.028, data: 0.005) G_GAN: 1.494 G_L1: 31.494 D_real: 0.312 D_fake: 0.812 
(epoch: 13, iters: 1060, time: 0.027, data: 0.002) G_GAN: 1.354 G_L1: 28.473 D_real: 0.684 D_fake: 0.265 
(epoch: 13, iters: 1080, time: 0.028, data: 0.007) G_GAN: 2.572 G_L1: 40.326 D_real: 0.000 D_fake: 0.104 
(epoch: 13, iters: 1100, time: 0.028, data: 0.003) G_GAN: 1.746 G_L1: 34.359 D_real: 0.008 D_fake: 0.273 
(epoch: 13, iters: 1120, time: 0.028, data: 0.002) G_GAN: 2.125 G_L1: 37.916 D_real: 0.007 D_fake: 0.112 
(epoch: 13, iters: 1140, time: 0.028, data: 0.002) G_GAN: 2.769 G_L1: 31.325 D_real: 0.323 D_fake: 0.051 
(epoch: 13, iters: 1160, time: 0.028, data: 0.002) G_GAN: 1.614 G_L1: 27.126 D_real: 0.170 D_fake: 0.378 
(epoch: 13, iters: 1180, time: 0.028, data: 0.002) G_GAN: 2.947 G_L1: 27.802 D_real: 0.280 D_fake: 0.063 
(epoch: 13, iters: 1200, time: 0.028, data: 0.003) G_GAN: 2.497 G_L1: 38.621 D_real: 0.005 D_fake: 0.161 
(epoch: 13, iters: 1220, time: 0.028, data: 0.002) G_GAN: 2.434 G_L1: 30.127 D_real: 1.249 D_fake: 0.045 
(epoch: 13, iters: 1240, time: 0.028, data: 0.002) G_GAN: 2.752 G_L1: 26.111 D_real: 0.704 D_fake: 0.056 
(epoch: 13, iters: 1260, time: 0.028, data: 0.002) G_GAN: 1.591 G_L1: 36.494 D_real: 0.000 D_fake: 0.576 
(epoch: 13, iters: 1280, time: 0.028, data: 0.003) G_GAN: 2.995 G_L1: 44.166 D_real: 0.001 D_fake: 0.062 
(epoch: 13, iters: 1300, time: 0.028, data: 0.002) G_GAN: 2.493 G_L1: 30.289 D_real: 0.232 D_fake: 0.088 
(epoch: 13, iters: 1320, time: 0.028, data: 0.003) G_GAN: 2.111 G_L1: 39.171 D_real: 0.576 D_fake: 0.084 
(epoch: 13, iters: 1340, time: 0.028, data: 0.003) G_GAN: 1.729 G_L1: 35.560 D_real: 0.445 D_fake: 0.164 
(epoch: 13, iters: 1360, time: 0.028, data: 0.003) G_GAN: 1.538 G_L1: 17.989 D_real: 0.559 D_fake: 0.313 
(epoch: 13, iters: 1380, time: 0.028, data: 0.003) G_GAN: 2.167 G_L1: 38.276 D_real: 0.001 D_fake: 1.015 
(epoch: 13, iters: 1400, time: 0.028, data: 0.003) G_GAN: 2.209 G_L1: 26.423 D_real: 0.479 D_fake: 0.090 
(epoch: 13, iters: 1420, time: 0.028, data: 0.003) G_GAN: 1.359 G_L1: 28.017 D_real: 0.103 D_fake: 0.513 
(epoch: 13, iters: 1440, time: 0.028, data: 0.003) G_GAN: 2.351 G_L1: 46.904 D_real: 0.000 D_fake: 0.259 
(epoch: 13, iters: 1460, time: 0.028, data: 0.002) G_GAN: 2.137 G_L1: 26.288 D_real: 0.379 D_fake: 0.145 
(epoch: 13, iters: 1480, time: 0.028, data: 0.003) G_GAN: 1.785 G_L1: 36.145 D_real: 0.633 D_fake: 0.091 
(epoch: 13, iters: 1500, time: 0.028, data: 0.003) G_GAN: 2.191 G_L1: 39.320 D_real: 0.000 D_fake: 0.605 
(epoch: 13, iters: 1520, time: 0.028, data: 0.003) G_GAN: 1.537 G_L1: 36.510 D_real: 0.001 D_fake: 0.587 
(epoch: 13, iters: 1540, time: 0.028, data: 0.002) G_GAN: 2.697 G_L1: 44.080 D_real: 0.002 D_fake: 0.119 
(epoch: 13, iters: 1560, time: 0.027, data: 0.005) G_GAN: 1.591 G_L1: 31.559 D_real: 3.920 D_fake: 0.092 
(epoch: 13, iters: 1580, time: 0.028, data: 0.002) G_GAN: 2.669 G_L1: 41.768 D_real: 1.191 D_fake: 0.063 
(epoch: 13, iters: 1600, time: 0.028, data: 0.003) G_GAN: 1.549 G_L1: 37.979 D_real: 0.002 D_fake: 0.240 
(epoch: 13, iters: 1620, time: 0.028, data: 0.003) G_GAN: 1.677 G_L1: 33.129 D_real: 0.127 D_fake: 0.575 
(epoch: 13, iters: 1640, time: 0.027, data: 0.003) G_GAN: 1.762 G_L1: 31.030 D_real: 0.586 D_fake: 0.159 
(epoch: 13, iters: 1660, time: 0.028, data: 0.003) G_GAN: 1.411 G_L1: 35.136 D_real: 0.014 D_fake: 0.593 
(epoch: 13, iters: 1680, time: 0.028, data: 0.002) G_GAN: 0.544 G_L1: 31.902 D_real: 0.075 D_fake: 1.345 
(epoch: 13, iters: 1700, time: 0.028, data: 0.003) G_GAN: 3.286 G_L1: 25.270 D_real: 0.558 D_fake: 0.024 
(epoch: 13, iters: 1720, time: 0.028, data: 0.003) G_GAN: 1.274 G_L1: 27.762 D_real: 0.007 D_fake: 1.904 
(epoch: 13, iters: 1740, time: 0.028, data: 0.003) G_GAN: 2.516 G_L1: 22.183 D_real: 0.640 D_fake: 0.059 
(epoch: 13, iters: 1760, time: 0.028, data: 0.003) G_GAN: 1.208 G_L1: 24.922 D_real: 1.633 D_fake: 0.089 
(epoch: 13, iters: 1780, time: 0.028, data: 0.003) G_GAN: 2.506 G_L1: 40.870 D_real: 0.003 D_fake: 0.175 
(epoch: 13, iters: 1800, time: 0.028, data: 0.003) G_GAN: 3.193 G_L1: 40.020 D_real: 0.006 D_fake: 0.059 
(epoch: 13, iters: 1820, time: 0.028, data: 0.003) G_GAN: 2.416 G_L1: 42.533 D_real: 0.040 D_fake: 0.172 
(epoch: 13, iters: 1840, time: 0.028, data: 0.003) G_GAN: 1.604 G_L1: 30.347 D_real: 1.255 D_fake: 0.154 
(epoch: 13, iters: 1860, time: 0.028, data: 0.002) G_GAN: 1.485 G_L1: 35.590 D_real: 0.500 D_fake: 0.248 
(epoch: 13, iters: 1880, time: 0.028, data: 0.003) G_GAN: 2.765 G_L1: 39.338 D_real: 0.031 D_fake: 0.102 
(epoch: 13, iters: 1900, time: 0.028, data: 0.003) G_GAN: 2.091 G_L1: 41.115 D_real: 0.008 D_fake: 0.122 
(epoch: 13, iters: 1920, time: 0.028, data: 0.002) G_GAN: 1.644 G_L1: 37.667 D_real: 0.126 D_fake: 0.197 
(epoch: 13, iters: 1940, time: 0.028, data: 0.003) G_GAN: 2.756 G_L1: 32.665 D_real: 0.006 D_fake: 0.092 
(epoch: 13, iters: 1960, time: 0.028, data: 0.003) G_GAN: 2.284 G_L1: 38.726 D_real: 0.064 D_fake: 0.152 
(epoch: 13, iters: 1980, time: 0.028, data: 0.003) G_GAN: 1.272 G_L1: 23.860 D_real: 0.424 D_fake: 0.327 
(epoch: 13, iters: 2000, time: 0.028, data: 0.003) G_GAN: 2.411 G_L1: 25.739 D_real: 0.957 D_fake: 0.050 
(epoch: 13, iters: 2020, time: 0.028, data: 0.003) G_GAN: 2.480 G_L1: 30.998 D_real: 0.005 D_fake: 0.147 
(epoch: 13, iters: 2040, time: 0.028, data: 0.003) G_GAN: 2.577 G_L1: 36.011 D_real: 0.128 D_fake: 0.102 
(epoch: 13, iters: 2060, time: 0.028, data: 0.003) G_GAN: 2.021 G_L1: 35.824 D_real: 0.186 D_fake: 0.161 
(epoch: 13, iters: 2080, time: 0.028, data: 0.002) G_GAN: 1.527 G_L1: 32.623 D_real: 0.537 D_fake: 0.247 
(epoch: 13, iters: 2100, time: 0.029, data: 0.002) G_GAN: 2.948 G_L1: 37.255 D_real: 0.005 D_fake: 0.084 
(epoch: 13, iters: 2120, time: 0.028, data: 0.002) G_GAN: 1.962 G_L1: 38.415 D_real: 0.018 D_fake: 0.201 
(epoch: 13, iters: 2140, time: 0.028, data: 0.003) G_GAN: 2.671 G_L1: 28.951 D_real: 0.203 D_fake: 0.091 
(epoch: 13, iters: 2160, time: 0.028, data: 0.003) G_GAN: 1.959 G_L1: 29.421 D_real: 0.003 D_fake: 0.831 
(epoch: 13, iters: 2180, time: 0.028, data: 0.003) G_GAN: 1.208 G_L1: 29.075 D_real: 0.104 D_fake: 0.628 
(epoch: 13, iters: 2200, time: 0.044, data: 0.003) G_GAN: 1.213 G_L1: 24.174 D_real: 0.680 D_fake: 0.275 
(epoch: 13, iters: 2220, time: 0.028, data: 0.003) G_GAN: 0.541 G_L1: 29.248 D_real: 1.636 D_fake: 0.973 
(epoch: 13, iters: 2240, time: 0.028, data: 0.003) G_GAN: 2.203 G_L1: 29.129 D_real: 0.007 D_fake: 0.310 
(epoch: 13, iters: 2260, time: 0.029, data: 0.002) G_GAN: 1.499 G_L1: 30.535 D_real: 2.161 D_fake: 0.135 
(epoch: 13, iters: 2280, time: 0.028, data: 0.002) G_GAN: 2.430 G_L1: 31.054 D_real: 0.005 D_fake: 0.124 
(epoch: 13, iters: 2300, time: 0.028, data: 0.002) G_GAN: 1.684 G_L1: 29.234 D_real: 0.042 D_fake: 0.462 
(epoch: 13, iters: 2320, time: 0.028, data: 0.003) G_GAN: 3.798 G_L1: 25.586 D_real: 0.203 D_fake: 0.029 
(epoch: 13, iters: 2340, time: 0.028, data: 0.003) G_GAN: 2.875 G_L1: 25.340 D_real: 0.023 D_fake: 0.098 
(epoch: 13, iters: 2360, time: 0.028, data: 0.003) G_GAN: 2.017 G_L1: 35.767 D_real: 0.033 D_fake: 0.235 
(epoch: 13, iters: 2380, time: 0.028, data: 0.003) G_GAN: 1.966 G_L1: 39.263 D_real: 0.033 D_fake: 0.235 
(epoch: 13, iters: 2400, time: 0.028, data: 0.002) G_GAN: 2.005 G_L1: 29.496 D_real: 2.263 D_fake: 0.061 
(epoch: 13, iters: 2420, time: 0.028, data: 0.002) G_GAN: 2.377 G_L1: 38.199 D_real: 0.007 D_fake: 0.109 
(epoch: 13, iters: 2440, time: 0.028, data: 0.003) G_GAN: 2.193 G_L1: 21.064 D_real: 0.072 D_fake: 0.178 
(epoch: 13, iters: 2460, time: 0.028, data: 0.002) G_GAN: 1.974 G_L1: 46.491 D_real: 0.000 D_fake: 0.405 
(epoch: 13, iters: 2480, time: 0.028, data: 0.002) G_GAN: 2.617 G_L1: 39.797 D_real: 0.013 D_fake: 0.122 
(epoch: 13, iters: 2500, time: 0.028, data: 0.003) G_GAN: 1.490 G_L1: 32.624 D_real: 0.018 D_fake: 0.863 
(epoch: 13, iters: 2520, time: 0.028, data: 0.002) G_GAN: 0.794 G_L1: 32.182 D_real: 0.000 D_fake: 1.496 
(epoch: 13, iters: 2540, time: 0.028, data: 0.002) G_GAN: 1.034 G_L1: 31.348 D_real: 2.676 D_fake: 0.247 
(epoch: 13, iters: 2560, time: 0.028, data: 0.002) G_GAN: 2.522 G_L1: 38.696 D_real: 0.208 D_fake: 0.155 
(epoch: 13, iters: 2580, time: 0.028, data: 0.003) G_GAN: 1.819 G_L1: 28.630 D_real: 0.228 D_fake: 0.259 
(epoch: 13, iters: 2600, time: 0.028, data: 0.003) G_GAN: 2.141 G_L1: 30.776 D_real: 0.343 D_fake: 0.087 
(epoch: 13, iters: 2620, time: 0.028, data: 0.003) G_GAN: 2.217 G_L1: 31.345 D_real: 0.006 D_fake: 0.251 
(epoch: 13, iters: 2640, time: 0.028, data: 0.003) G_GAN: 2.665 G_L1: 29.030 D_real: 0.361 D_fake: 0.093 
(epoch: 13, iters: 2660, time: 0.028, data: 0.003) G_GAN: 1.226 G_L1: 32.139 D_real: 0.128 D_fake: 0.706 
(epoch: 13, iters: 2680, time: 0.028, data: 0.003) G_GAN: 2.195 G_L1: 31.289 D_real: 0.093 D_fake: 0.213 
(epoch: 13, iters: 2700, time: 0.028, data: 0.003) G_GAN: 1.687 G_L1: 38.701 D_real: 0.000 D_fake: 0.346 
(epoch: 13, iters: 2720, time: 0.028, data: 0.003) G_GAN: 1.200 G_L1: 32.093 D_real: 0.596 D_fake: 0.280 
(epoch: 13, iters: 2740, time: 0.027, data: 0.003) G_GAN: 2.869 G_L1: 35.244 D_real: 0.038 D_fake: 0.080 
(epoch: 13, iters: 2760, time: 0.028, data: 0.002) G_GAN: 2.916 G_L1: 34.158 D_real: 0.054 D_fake: 0.079 
(epoch: 13, iters: 2780, time: 0.028, data: 0.003) G_GAN: 2.024 G_L1: 37.405 D_real: 0.002 D_fake: 0.246 
(epoch: 13, iters: 2800, time: 0.028, data: 0.003) G_GAN: 1.755 G_L1: 22.419 D_real: 3.147 D_fake: 0.058 
(epoch: 13, iters: 2820, time: 0.028, data: 0.002) G_GAN: 2.497 G_L1: 34.920 D_real: 0.962 D_fake: 0.190 
(epoch: 13, iters: 2840, time: 0.028, data: 0.003) G_GAN: 3.219 G_L1: 37.187 D_real: 0.134 D_fake: 0.046 
(epoch: 13, iters: 2860, time: 0.028, data: 0.003) G_GAN: 2.190 G_L1: 26.489 D_real: 2.480 D_fake: 0.072 
(epoch: 13, iters: 2880, time: 0.028, data: 0.002) G_GAN: 1.312 G_L1: 29.072 D_real: 1.312 D_fake: 0.126 
(epoch: 13, iters: 2900, time: 0.028, data: 0.002) G_GAN: 2.713 G_L1: 36.494 D_real: 0.101 D_fake: 0.127 
(epoch: 13, iters: 2920, time: 0.028, data: 0.003) G_GAN: 3.500 G_L1: 40.912 D_real: 0.009 D_fake: 0.032 
(epoch: 13, iters: 2940, time: 0.028, data: 0.003) G_GAN: 1.034 G_L1: 30.065 D_real: 0.080 D_fake: 0.753 
(epoch: 13, iters: 2960, time: 0.028, data: 0.003) G_GAN: 1.464 G_L1: 28.586 D_real: 0.117 D_fake: 0.360 
(epoch: 13, iters: 2980, time: 0.028, data: 0.003) G_GAN: 2.074 G_L1: 19.422 D_real: 0.092 D_fake: 0.103 
(epoch: 13, iters: 3000, time: 0.028, data: 0.003) G_GAN: 2.098 G_L1: 27.665 D_real: 0.217 D_fake: 0.110 
(epoch: 13, iters: 3020, time: 0.028, data: 0.003) G_GAN: 2.592 G_L1: 30.415 D_real: 0.021 D_fake: 0.093 
(epoch: 13, iters: 3040, time: 0.028, data: 0.003) G_GAN: 2.401 G_L1: 29.844 D_real: 0.002 D_fake: 0.121 
(epoch: 13, iters: 3060, time: 0.028, data: 0.003) G_GAN: 1.588 G_L1: 35.055 D_real: 1.834 D_fake: 0.097 
(epoch: 13, iters: 3080, time: 0.028, data: 0.003) G_GAN: 3.231 G_L1: 37.311 D_real: 0.185 D_fake: 0.058 
(epoch: 13, iters: 3100, time: 0.028, data: 0.003) G_GAN: 2.366 G_L1: 37.926 D_real: 0.544 D_fake: 0.083 
(epoch: 13, iters: 3120, time: 0.028, data: 0.003) G_GAN: 2.994 G_L1: 35.446 D_real: 0.017 D_fake: 0.090 
(epoch: 13, iters: 3140, time: 0.028, data: 0.002) G_GAN: 1.474 G_L1: 26.791 D_real: 0.030 D_fake: 0.643 
(epoch: 13, iters: 3160, time: 0.028, data: 0.003) G_GAN: 1.557 G_L1: 26.870 D_real: 0.482 D_fake: 0.220 
(epoch: 13, iters: 3180, time: 0.028, data: 0.002) G_GAN: 4.098 G_L1: 29.886 D_real: 0.221 D_fake: 0.019 
(epoch: 13, iters: 3200, time: 0.028, data: 0.003) G_GAN: 2.457 G_L1: 35.114 D_real: 0.081 D_fake: 0.089 
(epoch: 13, iters: 3220, time: 0.029, data: 0.002) G_GAN: 1.473 G_L1: 42.612 D_real: 0.009 D_fake: 0.277 
(epoch: 13, iters: 3240, time: 0.028, data: 0.002) G_GAN: 2.411 G_L1: 44.358 D_real: 0.342 D_fake: 0.134 
(epoch: 13, iters: 3260, time: 0.028, data: 0.002) G_GAN: 1.276 G_L1: 47.184 D_real: 0.000 D_fake: 0.471 
(epoch: 13, iters: 3280, time: 0.028, data: 0.003) G_GAN: 3.254 G_L1: 34.530 D_real: 0.209 D_fake: 0.033 
(epoch: 13, iters: 3300, time: 0.028, data: 0.003) G_GAN: 2.319 G_L1: 36.930 D_real: 0.097 D_fake: 0.146 
(epoch: 13, iters: 3320, time: 0.028, data: 0.002) G_GAN: 1.260 G_L1: 31.115 D_real: 0.718 D_fake: 0.445 
(epoch: 13, iters: 3340, time: 0.028, data: 0.002) G_GAN: 1.084 G_L1: 34.015 D_real: 0.991 D_fake: 0.208 
(epoch: 13, iters: 3360, time: 0.029, data: 0.002) G_GAN: 1.976 G_L1: 35.785 D_real: 0.001 D_fake: 0.233 
(epoch: 13, iters: 3380, time: 0.028, data: 0.002) G_GAN: 2.166 G_L1: 33.308 D_real: 0.345 D_fake: 0.130 
(epoch: 13, iters: 3400, time: 0.028, data: 0.002) G_GAN: 1.081 G_L1: 27.189 D_real: 0.669 D_fake: 0.318 
(epoch: 13, iters: 3420, time: 0.028, data: 0.003) G_GAN: 1.683 G_L1: 34.323 D_real: 0.012 D_fake: 0.504 
(epoch: 13, iters: 3440, time: 0.028, data: 0.003) G_GAN: 1.340 G_L1: 37.258 D_real: 0.007 D_fake: 0.528 
(epoch: 13, iters: 3460, time: 0.028, data: 0.002) G_GAN: 2.681 G_L1: 34.664 D_real: 0.887 D_fake: 0.045 
(epoch: 13, iters: 3480, time: 0.028, data: 0.003) G_GAN: 2.499 G_L1: 24.446 D_real: 3.986 D_fake: 0.050 
(epoch: 13, iters: 3500, time: 0.028, data: 0.002) G_GAN: 1.029 G_L1: 37.658 D_real: 0.000 D_fake: 1.083 
(epoch: 13, iters: 3520, time: 0.028, data: 0.002) G_GAN: 1.537 G_L1: 35.692 D_real: 0.004 D_fake: 0.679 
(epoch: 13, iters: 3540, time: 0.028, data: 0.002) G_GAN: 2.868 G_L1: 35.049 D_real: 0.008 D_fake: 0.076 
(epoch: 13, iters: 3560, time: 0.028, data: 0.003) G_GAN: 3.093 G_L1: 39.661 D_real: 0.008 D_fake: 0.048 
(epoch: 13, iters: 3580, time: 0.028, data: 0.002) G_GAN: 3.146 G_L1: 34.598 D_real: 0.006 D_fake: 0.076 
(epoch: 13, iters: 3600, time: 0.028, data: 0.002) G_GAN: 2.188 G_L1: 38.180 D_real: 0.002 D_fake: 0.135 
(epoch: 13, iters: 3620, time: 0.028, data: 0.002) G_GAN: 2.865 G_L1: 34.767 D_real: 0.007 D_fake: 0.068 
(epoch: 13, iters: 3640, time: 0.028, data: 0.002) G_GAN: 3.288 G_L1: 35.794 D_real: 0.003 D_fake: 0.038 
(epoch: 13, iters: 3660, time: 0.028, data: 0.002) G_GAN: 2.118 G_L1: 43.987 D_real: 0.001 D_fake: 0.136 
(epoch: 13, iters: 3680, time: 0.028, data: 0.002) G_GAN: 1.720 G_L1: 29.479 D_real: 1.626 D_fake: 0.107 
(epoch: 13, iters: 3700, time: 0.028, data: 0.002) G_GAN: 2.140 G_L1: 34.096 D_real: 0.027 D_fake: 0.197 
(epoch: 13, iters: 3720, time: 0.028, data: 0.003) G_GAN: 0.964 G_L1: 27.795 D_real: 1.220 D_fake: 0.444 
(epoch: 13, iters: 3740, time: 0.028, data: 0.002) G_GAN: 2.094 G_L1: 30.116 D_real: 0.919 D_fake: 0.086 
(epoch: 13, iters: 3760, time: 0.028, data: 0.002) G_GAN: 1.809 G_L1: 32.363 D_real: 0.024 D_fake: 0.348 
(epoch: 13, iters: 3780, time: 0.028, data: 0.002) G_GAN: 1.269 G_L1: 23.112 D_real: 2.116 D_fake: 0.144 
(epoch: 13, iters: 3800, time: 0.028, data: 0.002) G_GAN: 1.925 G_L1: 29.426 D_real: 0.173 D_fake: 0.248 
(epoch: 13, iters: 3820, time: 0.028, data: 0.002) G_GAN: 2.771 G_L1: 49.937 D_real: 0.000 D_fake: 0.074 
(epoch: 13, iters: 3840, time: 0.028, data: 0.002) G_GAN: 2.220 G_L1: 33.696 D_real: 0.010 D_fake: 0.192 
(epoch: 13, iters: 3860, time: 0.028, data: 0.002) G_GAN: 2.316 G_L1: 33.773 D_real: 0.028 D_fake: 0.154 
(epoch: 13, iters: 3880, time: 0.028, data: 0.003) G_GAN: 1.091 G_L1: 34.692 D_real: 0.019 D_fake: 1.363 
(epoch: 13, iters: 3900, time: 0.028, data: 0.003) G_GAN: 1.327 G_L1: 23.925 D_real: 0.419 D_fake: 0.171 
(epoch: 13, iters: 3920, time: 0.028, data: 0.002) G_GAN: 2.457 G_L1: 33.146 D_real: 0.012 D_fake: 0.236 
(epoch: 13, iters: 3940, time: 0.028, data: 0.002) G_GAN: 1.586 G_L1: 36.458 D_real: 0.211 D_fake: 0.305 
(epoch: 13, iters: 3960, time: 0.028, data: 0.002) G_GAN: 2.731 G_L1: 39.732 D_real: 0.008 D_fake: 0.131 
(epoch: 13, iters: 3980, time: 0.028, data: 0.003) G_GAN: 1.855 G_L1: 35.270 D_real: 0.038 D_fake: 0.226 
(epoch: 13, iters: 4000, time: 0.028, data: 0.002) G_GAN: 3.743 G_L1: 45.881 D_real: 0.001 D_fake: 0.033 
(epoch: 13, iters: 4020, time: 0.028, data: 0.003) G_GAN: 2.140 G_L1: 26.842 D_real: 0.027 D_fake: 0.098 
(epoch: 13, iters: 4040, time: 0.028, data: 0.003) G_GAN: 1.902 G_L1: 23.653 D_real: 0.019 D_fake: 0.434 
(epoch: 13, iters: 4060, time: 0.028, data: 0.002) G_GAN: 1.730 G_L1: 41.467 D_real: 0.000 D_fake: 0.273 
(epoch: 13, iters: 4080, time: 0.028, data: 0.003) G_GAN: 1.154 G_L1: 27.082 D_real: 0.075 D_fake: 0.396 
(epoch: 13, iters: 4100, time: 0.028, data: 0.002) G_GAN: 1.638 G_L1: 31.104 D_real: 0.006 D_fake: 0.825 
(epoch: 13, iters: 4120, time: 0.028, data: 0.002) G_GAN: 0.972 G_L1: 28.487 D_real: 1.556 D_fake: 0.135 
(epoch: 13, iters: 4140, time: 0.028, data: 0.002) G_GAN: 2.097 G_L1: 39.458 D_real: 0.002 D_fake: 0.171 
(epoch: 13, iters: 4160, time: 0.028, data: 0.002) G_GAN: 2.593 G_L1: 29.555 D_real: 0.046 D_fake: 0.084 
(epoch: 13, iters: 4180, time: 0.028, data: 0.002) G_GAN: 1.596 G_L1: 27.088 D_real: 0.590 D_fake: 0.173 
(epoch: 13, iters: 4200, time: 0.042, data: 0.003) G_GAN: 2.493 G_L1: 46.989 D_real: 0.000 D_fake: 0.123 
saving the latest model (epoch 13, total_iters 60000)
(epoch: 13, iters: 4220, time: 0.028, data: 0.002) G_GAN: 0.961 G_L1: 24.917 D_real: 0.090 D_fake: 0.651 
(epoch: 13, iters: 4240, time: 0.028, data: 0.002) G_GAN: 2.583 G_L1: 36.934 D_real: 0.011 D_fake: 0.117 
(epoch: 13, iters: 4260, time: 0.028, data: 0.002) G_GAN: 2.192 G_L1: 27.038 D_real: 0.068 D_fake: 0.143 
(epoch: 13, iters: 4280, time: 0.028, data: 0.003) G_GAN: 1.355 G_L1: 28.129 D_real: 1.404 D_fake: 0.173 
(epoch: 13, iters: 4300, time: 0.028, data: 0.003) G_GAN: 2.282 G_L1: 30.523 D_real: 0.339 D_fake: 0.112 
(epoch: 13, iters: 4320, time: 0.028, data: 0.003) G_GAN: 3.043 G_L1: 33.304 D_real: 0.022 D_fake: 0.086 
(epoch: 13, iters: 4340, time: 0.028, data: 0.003) G_GAN: 3.501 G_L1: 34.746 D_real: 0.178 D_fake: 0.028 
(epoch: 13, iters: 4360, time: 0.028, data: 0.002) G_GAN: 1.523 G_L1: 26.369 D_real: 1.082 D_fake: 0.138 
(epoch: 13, iters: 4380, time: 0.028, data: 0.002) G_GAN: 3.400 G_L1: 34.310 D_real: 0.142 D_fake: 0.053 
(epoch: 13, iters: 4400, time: 0.028, data: 0.003) G_GAN: 1.879 G_L1: 41.390 D_real: 0.004 D_fake: 0.275 
(epoch: 13, iters: 4420, time: 0.028, data: 0.002) G_GAN: 1.757 G_L1: 35.799 D_real: 0.000 D_fake: 0.305 
(epoch: 13, iters: 4440, time: 0.028, data: 0.003) G_GAN: 2.633 G_L1: 32.246 D_real: 0.491 D_fake: 0.060 
(epoch: 13, iters: 4460, time: 0.029, data: 0.003) G_GAN: 2.758 G_L1: 32.480 D_real: 0.009 D_fake: 0.088 
(epoch: 13, iters: 4480, time: 0.028, data: 0.002) G_GAN: 1.327 G_L1: 29.659 D_real: 1.566 D_fake: 0.247 
(epoch: 13, iters: 4500, time: 0.028, data: 0.003) G_GAN: 2.381 G_L1: 33.622 D_real: 0.004 D_fake: 0.142 
(epoch: 13, iters: 4520, time: 0.028, data: 0.003) G_GAN: 2.528 G_L1: 35.255 D_real: 2.218 D_fake: 0.046 
(epoch: 13, iters: 4540, time: 0.028, data: 0.002) G_GAN: 1.971 G_L1: 28.784 D_real: 0.117 D_fake: 0.218 
(epoch: 13, iters: 4560, time: 0.028, data: 0.003) G_GAN: 1.900 G_L1: 31.863 D_real: 0.334 D_fake: 0.226 
(epoch: 13, iters: 4580, time: 0.028, data: 0.002) G_GAN: 2.941 G_L1: 31.495 D_real: 0.000 D_fake: 0.077 
(epoch: 13, iters: 4600, time: 0.028, data: 0.002) G_GAN: 2.140 G_L1: 44.841 D_real: 0.006 D_fake: 0.475 
(epoch: 13, iters: 4620, time: 0.028, data: 0.002) G_GAN: 1.648 G_L1: 32.501 D_real: 0.002 D_fake: 0.273 
(epoch: 13, iters: 4640, time: 0.028, data: 0.003) G_GAN: 1.860 G_L1: 20.918 D_real: 0.187 D_fake: 0.194 
(epoch: 13, iters: 4660, time: 0.028, data: 0.002) G_GAN: 2.017 G_L1: 35.740 D_real: 0.114 D_fake: 0.181 
(epoch: 13, iters: 4680, time: 0.028, data: 0.002) G_GAN: 1.040 G_L1: 38.663 D_real: 0.000 D_fake: 1.434 
(epoch: 13, iters: 4700, time: 0.028, data: 0.003) G_GAN: 2.477 G_L1: 39.957 D_real: 0.041 D_fake: 0.113 
(epoch: 13, iters: 4720, time: 0.028, data: 0.002) G_GAN: 1.886 G_L1: 46.168 D_real: 0.000 D_fake: 0.308 
(epoch: 13, iters: 4740, time: 0.028, data: 0.002) G_GAN: 3.049 G_L1: 35.961 D_real: 0.005 D_fake: 0.067 
(epoch: 13, iters: 4760, time: 0.028, data: 0.003) G_GAN: 1.741 G_L1: 40.548 D_real: 0.001 D_fake: 0.465 
(epoch: 13, iters: 4780, time: 0.028, data: 0.003) G_GAN: 1.255 G_L1: 33.198 D_real: 0.000 D_fake: 1.455 
(epoch: 13, iters: 4800, time: 0.028, data: 0.002) G_GAN: 2.256 G_L1: 35.631 D_real: 1.332 D_fake: 0.043 
(epoch: 13, iters: 4820, time: 0.028, data: 0.002) G_GAN: 2.293 G_L1: 31.442 D_real: 0.964 D_fake: 0.089 
(epoch: 13, iters: 4840, time: 0.028, data: 0.003) G_GAN: 1.099 G_L1: 25.697 D_real: 0.840 D_fake: 0.369 
(epoch: 13, iters: 4860, time: 0.028, data: 0.003) G_GAN: 2.174 G_L1: 41.912 D_real: 0.308 D_fake: 0.144 
(epoch: 13, iters: 4880, time: 0.028, data: 0.002) G_GAN: 3.112 G_L1: 31.306 D_real: 0.138 D_fake: 0.030 
(epoch: 13, iters: 4900, time: 0.028, data: 0.002) G_GAN: 4.029 G_L1: 24.899 D_real: 0.199 D_fake: 0.020 
(epoch: 13, iters: 4920, time: 0.028, data: 0.002) G_GAN: 1.065 G_L1: 29.751 D_real: 0.195 D_fake: 0.423 
(epoch: 13, iters: 4940, time: 0.028, data: 0.004) G_GAN: 1.567 G_L1: 44.469 D_real: 0.000 D_fake: 0.457 
(epoch: 13, iters: 4960, time: 0.028, data: 0.002) G_GAN: 2.254 G_L1: 26.627 D_real: 0.419 D_fake: 0.096 
(epoch: 13, iters: 4980, time: 0.028, data: 0.003) G_GAN: 2.220 G_L1: 34.815 D_real: 0.011 D_fake: 0.119 
(epoch: 13, iters: 5000, time: 0.028, data: 0.003) G_GAN: 2.452 G_L1: 33.249 D_real: 0.271 D_fake: 0.081 
(epoch: 13, iters: 5020, time: 0.028, data: 0.002) G_GAN: 1.711 G_L1: 24.028 D_real: 1.118 D_fake: 0.128 
(epoch: 13, iters: 5040, time: 0.028, data: 0.002) G_GAN: 2.500 G_L1: 38.382 D_real: 0.026 D_fake: 0.222 
(epoch: 13, iters: 5060, time: 0.028, data: 0.002) G_GAN: 1.429 G_L1: 37.299 D_real: 0.002 D_fake: 0.519 
(epoch: 13, iters: 5080, time: 0.028, data: 0.003) G_GAN: 3.109 G_L1: 32.158 D_real: 0.001 D_fake: 0.055 
(epoch: 13, iters: 5100, time: 0.028, data: 0.002) G_GAN: 2.789 G_L1: 23.554 D_real: 0.557 D_fake: 0.042 
(epoch: 13, iters: 5120, time: 0.028, data: 0.003) G_GAN: 1.601 G_L1: 31.386 D_real: 0.521 D_fake: 0.123 
(epoch: 13, iters: 5140, time: 0.028, data: 0.003) G_GAN: 2.087 G_L1: 23.492 D_real: 0.238 D_fake: 0.179 
(epoch: 13, iters: 5160, time: 0.028, data: 0.002) G_GAN: 2.724 G_L1: 35.321 D_real: 0.000 D_fake: 0.084 
(epoch: 13, iters: 5180, time: 0.028, data: 0.004) G_GAN: 1.394 G_L1: 26.459 D_real: 0.061 D_fake: 1.035 
(epoch: 13, iters: 5200, time: 0.028, data: 0.003) G_GAN: 2.114 G_L1: 33.318 D_real: 0.230 D_fake: 0.147 
(epoch: 13, iters: 5220, time: 0.028, data: 0.002) G_GAN: 2.445 G_L1: 41.790 D_real: 0.005 D_fake: 0.184 
(epoch: 13, iters: 5240, time: 0.028, data: 0.003) G_GAN: 2.587 G_L1: 31.092 D_real: 0.051 D_fake: 0.111 
(epoch: 13, iters: 5260, time: 0.028, data: 0.002) G_GAN: 2.569 G_L1: 34.688 D_real: 0.010 D_fake: 0.101 
(epoch: 13, iters: 5280, time: 0.028, data: 0.003) G_GAN: 1.647 G_L1: 35.564 D_real: 0.001 D_fake: 0.514 
(epoch: 13, iters: 5300, time: 0.028, data: 0.002) G_GAN: 0.650 G_L1: 28.164 D_real: 1.687 D_fake: 0.505 
(epoch: 13, iters: 5320, time: 0.028, data: 0.002) G_GAN: 1.998 G_L1: 30.808 D_real: 0.040 D_fake: 0.235 
(epoch: 13, iters: 5340, time: 0.029, data: 0.002) G_GAN: 3.552 G_L1: 36.207 D_real: 0.064 D_fake: 0.031 
(epoch: 13, iters: 5360, time: 0.028, data: 0.003) G_GAN: 2.088 G_L1: 34.324 D_real: 0.037 D_fake: 0.096 
(epoch: 13, iters: 5380, time: 0.028, data: 0.002) G_GAN: 2.259 G_L1: 39.990 D_real: 0.000 D_fake: 0.127 
(epoch: 13, iters: 5400, time: 0.028, data: 0.003) G_GAN: 1.280 G_L1: 32.392 D_real: 0.008 D_fake: 1.006 
(epoch: 13, iters: 5420, time: 0.029, data: 0.004) G_GAN: 3.695 G_L1: 35.176 D_real: 0.052 D_fake: 0.023 
(epoch: 13, iters: 5440, time: 0.029, data: 0.003) G_GAN: 3.174 G_L1: 41.851 D_real: 0.017 D_fake: 0.057 
(epoch: 13, iters: 5460, time: 0.028, data: 0.003) G_GAN: 4.151 G_L1: 38.211 D_real: 0.004 D_fake: 0.020 
(epoch: 13, iters: 5480, time: 0.028, data: 0.003) G_GAN: 2.889 G_L1: 29.469 D_real: 2.250 D_fake: 0.017 
(epoch: 13, iters: 5500, time: 0.028, data: 0.002) G_GAN: 2.700 G_L1: 33.457 D_real: 0.365 D_fake: 0.058 
(epoch: 13, iters: 5520, time: 0.028, data: 0.002) G_GAN: 3.012 G_L1: 41.048 D_real: 0.003 D_fake: 0.064 
(epoch: 13, iters: 5540, time: 0.028, data: 0.003) G_GAN: 1.201 G_L1: 34.853 D_real: 0.000 D_fake: 0.756 
(epoch: 13, iters: 5560, time: 0.029, data: 0.002) G_GAN: 1.619 G_L1: 28.150 D_real: 0.121 D_fake: 0.176 
(epoch: 13, iters: 5580, time: 0.021, data: 0.002) G_GAN: 1.679 G_L1: 18.104 D_real: 0.331 D_fake: 0.191 
saving the model at the end of epoch 13, iters 61380
End of epoch 13 / 20     Time Taken: 91 sec
learning rate 0.0000636 -> 0.0000545
Stopping app - user stopped from CLI.
Traceback (most recent call last):
  File "/work/GenCP/tubitak/kaggle/train_c1_c2.py", line 479, in <module>
    run_train(base+["--lr","1e-4","--n_epochs","10","--n_epochs_decay","10",
  File "/work/GenCP/tubitak/kaggle/train_c1_c2.py", line 407, in run_train
    for line in proc.stdout:
                ^^^^^^^^^^^
KeyboardInterrupt
Runner terminated.
╭───────────────────── Traceback (most recent call last) ──────────────────────╮
│ /Users/vedat/Documents/GenCP-Generative-Goruntu-Uretimi-OpenStreetMap/tubita │
│ k/modal/gencp_modal.py:364 in gate_seed43                                    │
│                                                                              │
│   363 │   print("=" * 78)                                                    │
│ ❱ 364 │   _cuda_smoke_test()                                                 │
│   365 │   _disable_tf32()                                                    │
│                                                                              │
│ /opt/homebrew/Caskroom/miniforge/base/lib/python3.13/site-packages/modal/_ob │
│ ject.py:46 in wrapped                                                        │
│                                                                              │
│    45 │   │   await self.hydrate()                                           │
│ ❱  46 │   │   return await method(self, *args, **kwargs)                     │
│    47                                                                        │
│                                                                              │
│ /opt/homebrew/Caskroom/miniforge/base/lib/python3.13/site-packages/modal/_fu │
│ nctions.py:1841 in remote                                                    │
│                                                                              │
│   1840 │   │                                                                 │
│ ❱ 1841 │   │   return await self._call_function(args, kwargs)                │
│   1842                                                                       │
│                                                                              │
│ /opt/homebrew/Caskroom/miniforge/base/lib/python3.13/site-packages/modal/_fu │
│ nctions.py:1778 in _call_function                                            │
│                                                                              │
│   1777 │   │                                                                 │
│ ❱ 1778 │   │   return await invocation.run_function()                        │
│   1779                                                                       │
│                                                                              │
│ /opt/homebrew/Caskroom/miniforge/base/lib/python3.13/site-packages/modal/_fu │
│ nctions.py:483 in run_function                                               │
│                                                                              │
│    482 │   │   │   if await_response.output.result.status in TERMINAL_STATUS │
│ ❱  483 │   │   │   │   return await _process_result(                         │
│    484 │   │   │   │   │   await_response.output.result, await_response.outp │
│                                                                              │
│ /opt/homebrew/Caskroom/miniforge/base/lib/python3.13/site-packages/modal/_ut │
│ ils/function_utils.py:574 in _process_result                                 │
│                                                                              │
│   573 │   │                                                                  │
│ ❱ 574 │   │   raise RemoteError(result.exception)                            │
│   575                                                                        │
╰──────────────────────────────────────────────────────────────────────────────╯
RemoteError
